"","code_spygen","code_explo","rep","date","station","site","region","country","project","sample_type","sample_method","time_start","time_end","duration_min","volume","depth","temperature","turbidity","habitat","gps_start","latitude_start","longitude_start","gps_b","lat_gps_b","long_gps_b","gps_c","lat_gps_c","long_gps_c","gps_d","lat_gps_d","long_gps_d","gps_half_turn","latitude_turn","longitude_turn","gps_end","latitude_end","longitude_end","filter","data_manager","gps_owner","comment","longitude_start_clean","latitude_start_clean"
"1","SPY181729","YPVD01",1,"29/06/2018","margarita_south_west","providencia","Caribbean","Columbia","megafauna","transect","transect_aller_retour","14:07","14:45","38",40,"0",NA,0,"marine","97","13.34043","-81.39829",NA,NA,NA,NA,NA,NA,NA,NA,NA,"98","13.31942","-81.38904","97","13.34043","-81.39829",0.2,"JB Juhel","JB Juhel","1 cablage corrodé inutilisable, 1 seul replicat - phanérogames marines agglomérées autour du fil du plomb (et donc crépine)","-81.39829","13.34043"
"2","SPY181719","YPVD01",2,"30/06/2018","margarita_south_west","providencia","Caribbean","Columbia","megafauna","transect","transect_aller_retour","08:57","09:39","36",40,"0",NA,0,"marine","97","13.34043","-81.39829",NA,NA,NA,NA,NA,NA,NA,NA,NA,"98","13.31942","-81.38904","97","13.34043","-81.39829",0.2,"JB Juhel","JB Juhel","phanérogames marines agglomérées autour du fil du plomb (et donc crépine)","-81.39829","13.34043"
"3","SPY181723","YPVD02",1,"30/06/2018","providencia_west","providencia","Caribbean","Columbia","megafauna","transect","transect_aller_retour","12:50","13:48","58",40,"0",NA,1,"marine","101","13.34393","-81.39777",NA,NA,NA,NA,NA,NA,NA,NA,NA,"102","13.34926","-81.39236","101","13.34393","-81.39777",0.2,"JB Juhel","JB Juhel","phanérogames marines again","-81.39777","13.34393"
"4","SPY181734","YPVD02",2,"30/06/2018","providencia_west","providencia","Caribbean","Columbia","megafauna","transect","transect_aller_retour","12:50","13:48","58",40,"0",NA,1,"marine","101","13.34393","-81.39777",NA,NA,NA,NA,NA,NA,NA,NA,NA,"102","13.34926","-81.39236","101","13.34393","-81.39777",0.2,"JB Juhel","JB Juhel","phanérogames marines again","-81.39777","13.34393"
"5","SPY181732","YPVD03",1,"01/07/2018","providencia_north_west","providencia","Caribbean","Columbia","megafauna","transect","transect_aller_retour","09:25","10:09","44",40,"0",NA,1,"marine","104","13.36786","-81.38864",NA,NA,NA,NA,NA,NA,NA,NA,NA,"105","13.39011","-81.38049","104","13.36786","-81.38864",0.2,"JB Juhel","JB Juhel","phanérogames marines again - 9h57 pompe mise en mode forward sans intervention (reparamétrage)","-81.38864","13.36786"
"6","SPY181724","YPVD03",2,"01/07/2018","providencia_north_west","providencia","Caribbean","Columbia","megafauna","transect","transect_aller_retour","09:25","10:09","44",40,"0",NA,1,"marine","104","13.36786","-81.38864",NA,NA,NA,NA,NA,NA,NA,NA,NA,"105","13.39011","-81.38049","104","13.36786","-81.38864",0.2,"JB Juhel","JB Juhel","phanérogames marines again","-81.38864","13.36786"
"7","SPY181721","YPVD04",1,"02/07/2018","catalina_north","providencia","Caribbean","Columbia","megafauna","transect","transect_aller_retour","09:10","09:50","40",40,"0",NA,0,"marine","108","13.39172","-81.38029",NA,NA,NA,NA,NA,NA,NA,NA,NA,"109","13.38386","-81.35956","108","13.39172","-81.38029",0.2,"JB Juhel","JB Juhel",NA,"-81.38029","13.39172"
"8","SPY181730","YPVD04",2,"02/07/2018","catalina_north","providencia","Caribbean","Columbia","megafauna","transect","transect_aller_retour","09:10","09:50","40",40,"0",NA,0,"marine","108","13.39172","-81.38029",NA,NA,NA,NA,NA,NA,NA,NA,NA,"109","13.38386","-81.35956","108","13.39172","-81.38029",0.2,"JB Juhel","JB Juhel",NA,"-81.38029","13.39172"
"9","SPY181725","YPVD05",1,"02/07/2018","providencia_north","providencia","Caribbean","Columbia","megafauna","transect","transect_aller_retour","10:06","10:50","44",40,"0",NA,0,"marine","110","13.38322","-81.35909",NA,NA,NA,NA,NA,NA,NA,NA,NA,"111","13.36224","-81.34910","110","13.38322","-81.35909",0.2,"JB Juhel","JB Juhel",NA,"-81.35909","13.38322"
"10","SPY181733","YPVD05",2,"02/07/2018","providencia_north","providencia","Caribbean","Columbia","megafauna","transect","transect_aller_retour","10:06","10:50","44",40,"0",NA,0,"marine","110","13.38322","-81.35909",NA,NA,NA,NA,NA,NA,NA,NA,NA,"111","13.36224","-81.34910","110","13.38322","-81.35909",0.2,"JB Juhel","JB Juhel",NA,"-81.35909","13.38322"
"11","SPY181718","YPVD06",1,"03/07/2018","providencia_east","providencia","Caribbean","Columbia","megafauna","transect","transect_aller_retour","09:42","10:13","31",40,"0",NA,1,"marine","113","13.36264","-81.34969",NA,NA,NA,NA,NA,NA,NA,NA,NA,"114","13.34073","-81.35573","113","13.36264","-81.34969",0.2,"JB Juhel","JB Juhel",NA,"-81.34969","13.36264"
"12","SPY181727","YPVD06",2,"03/07/2018","providencia_east","providencia","Caribbean","Columbia","megafauna","transect","transect_aller_retour","09:42","10:13","31",40,"0",NA,1,"marine","113","13.36264","-81.34969",NA,NA,NA,NA,NA,NA,NA,NA,NA,"114","13.34073","-81.35573","113","13.36264","-81.34969",0.2,"JB Juhel","JB Juhel",NA,"-81.34969","13.36264"
"13","SPY181726","YPVD07",1,"03/07/2018","providencia_south_east","providencia","Caribbean","Columbia","megafauna","transect","transect_aller_retour","10:30","11:00","30",40,"0",NA,1,"marine","115","13.34072","-81.35561",NA,NA,NA,NA,NA,NA,NA,NA,NA,"116","13.32539","-81.37273","115","13.34072","-81.35561",0.2,"JB Juhel","JB Juhel",NA,"-81.35561","13.34072"
"14","SPY181731","YPVD07",2,"03/07/2018","providencia_south_east","providencia","Caribbean","Columbia","megafauna","transect","transect_aller_retour","10:30","11:00","30",40,"0",NA,1,"marine","115","13.34072","-81.35561",NA,NA,NA,NA,NA,NA,NA,NA,NA,"116","13.32539","-81.37273","115","13.34072","-81.35561",0.2,"JB Juhel","JB Juhel","Après echantillonnage, grosde pluie tropicale toute la journée et toute la nuit","-81.35561","13.34072"
"15","SPY181717","YPVD08",1,"04/07/2018","patch1","providencia","Caribbean","Columbia","megafauna","transect","transect_aller_retour","09:10","09:40","30",40,"0",NA,0,"marine","117","13.36541","-81.41025",NA,NA,NA,NA,NA,NA,NA,NA,NA,"118","13.38515","-81.39906","117","13.36541","-81.41025",0.2,"JB Juhel","JB Juhel",NA,"-81.41025","13.36541"
"16","SPY181715","YPVD08",2,"04/07/2018","patch1","providencia","Caribbean","Columbia","megafauna","transect","transect_aller_retour","09:10","09:40","30",40,"0",NA,0,"marine","117","13.36541","-81.41025",NA,NA,NA,NA,NA,NA,NA,NA,NA,"118","13.38515","-81.39906","117","13.36541","-81.41025",0.2,"JB Juhel","JB Juhel",NA,"-81.41025","13.36541"
"17","SPY181728","YPVD09",1,"04/07/2018","patch2","providencia","Caribbean","Columbia","megafauna","transect","transect_aller_retour","09:56","10:34","38",40,"0",NA,0,"marine","119","13.36726","-81.41335",NA,NA,NA,NA,NA,NA,NA,NA,NA,"121","13.34492","-81.41827","119","13.36726","-81.41335",0.2,"JB Juhel","JB Juhel",NA,"-81.41335","13.36726"
"18","SPY181722","YPVD09",2,"04/07/2018","patch2","providencia","Caribbean","Columbia","megafauna","transect","transect_aller_retour","09:56","10:34","38",40,"0",NA,0,"marine","119","13.36726","-81.41335",NA,NA,NA,NA,NA,NA,NA,NA,NA,"121","13.34492","-81.41827","119","13.36726","-81.41335",0.2,"JB Juhel","JB Juhel",NA,"-81.41335","13.36726"
"19","SPY181716","YPVD10",1,"05/07/2018","patch3","providencia","Caribbean","Columbia","megafauna","transect","transect_aller_retour","09:27","10:07","40",40,"0",NA,0,"marine","123","13.32225","-81.36716",NA,NA,NA,NA,NA,NA,NA,NA,NA,"124","13.33839","-81.35116","123","13.32225","-81.36716",0.2,"JB Juhel","JB Juhel","Zigzag entre les patates au niveau barrière interne","-81.36716","13.32225"
"20","SPY180774","YPVD10",2,"05/07/2018","patch3","providencia","Caribbean","Columbia","megafauna","transect","transect_aller_retour","09:27","10:07","40",40,"0",NA,0,"marine","123","13.32225","-81.36716",NA,NA,NA,NA,NA,NA,NA,NA,NA,"124","13.33839","-81.35116","123","13.32225","-81.36716",0.2,"JB Juhel","JB Juhel",NA,"-81.36716","13.32225"
"57","SPY173261","YGA007",1,"28/02/2018","anse_bertrand_cote","guadeloupe","Caribbean","France","megafauna","transect","transect_rectangle","15:03","15:33","30",30,"0",28,0,"marine","E61","?16.48538","?-61.50429","E62","?16.49499","?-61.48521","E63","?16.49877","?-61.48784","E64","?16.49212","?-61.50035",NA,NA,NA,"E64","?16.49212","?-61.50035",0.2,"Virginie Marques","megafauna","Ecoute : petit Rorqual et Baleine à bosse mâl à grande distance (>4 miles)","-61.50429","16.48538"
"58","SPY173262","YGA007",2,"28/02/2018","anse_bertrand_cote","guadeloupe","Caribbean","France","megafauna","transect","transect_rectangle","15:03","15:33","30",30,"0",28,0,"marine","E61","?16.48538","?-61.50429","E62","?16.49499","?-61.48521","E63","?16.49877","?-61.48784","E64","?16.49212","?-61.50035",NA,NA,NA,"E64","?16.49212","?-61.50035",0.2,"Virginie Marques","megafauna","Ecoute : petit Rorqual et Baleine à bosse mâl à grande distance (>4 miles)","-61.50429","16.48538"
"59","SPY173263","YGA008",1,"28/02/2018","anse_bertrand_large","guadeloupe","Caribbean","France","megafauna","transect","transect_rectangle","16:12","16:42","30",30,"0",28,0,"marine","E71","?16.50096","?-61.51445","E72","?16.51337","?-61.50085","E73","?16.51668","?-61.50405","E74","?16.50611","?-61.51916",NA,NA,NA,"E75","?16.50245","?-61.51697",0.2,"Virginie Marques","megafauna","Ecoute : petit Rorqual et Baleine à bosse mâl à grande distance (>4 miles)","-61.51445","16.50096"
"60","SPY173264","YGA008",2,"28/02/2018","anse_bertrand_large","guadeloupe","Caribbean","France","megafauna","transect","transect_rectangle","16:12","16:42","30",30,"0",28,0,"marine","E71","?16.50096","?-61.51445","E72","?16.51337","?-61.50085","E73","?16.51668","?-61.50405","E74","?16.50611","?-61.51916",NA,NA,NA,"E75","?16.50245","?-61.51697",0.2,"Virginie Marques","megafauna","Ecoute : petit Rorqual et Baleine à bosse mâl à grande distance (>4 miles)","-61.51445","16.50096"
"61","SPY173265","YGA009",1,"28/02/2018","anse_colas","guadeloupe","Caribbean","France","megafauna","transect","transect_rectangle","17:45","18:15","30",30,"0",28,0,"marine","E81","?16.47047","?-61.52166","E82","?16.45774","?-61.53509","E83","?16.46083","?-61.53851","E84","?16.46083","?-61.52590",NA,NA,NA,"E84","?16.46083","?-61.52590",0.2,"Virginie Marques","megafauna","Ecoute : petit Rorqual et Baleine à bosse mâl à grande distance (>4 miles) / Pompe prototype à débit 0,91L/min théorique","-61.52166","16.47047"
"62","SPY173266","YGA009",2,"28/02/2018","anse_colas","guadeloupe","Caribbean","France","megafauna","transect","transect_rectangle","17:45","18:15","30",30,"0",28,0,"marine","E81","?16.47047","?-61.52166","E82","?16.45774","?-61.53509","E83","?16.46083","?-61.53851","E84","?16.46083","?-61.52590",NA,NA,NA,"E84","?16.46083","?-61.52590",0.2,"Virginie Marques","megafauna","Ecoute : petit Rorqual et Baleine à bosse mâl à grande distance (>4 miles)","-61.52166","16.47047"
"63","SPY173267","YGA010",1,"01/03/2018","bouillante_large","guadeloupe","Caribbean","France","megafauna","transect","transect_rectangle","9:35","10:05","30",30,"0",28,0,"marine","E91","?16.07855","?-61.85716","E92","?16.08127","?-61.85252","E93","?16.09919","?-61.85313","E94","?16.09772","?-61.85753",NA,NA,NA,"E95","?16.08154","?-61.85836",0.2,"Virginie Marques","megafauna","Observation pseudoOrque (minium 6 visibles + nombreux a priori non visible sur zone)","-61.85716","16.07855"
"64","SPY173268","YGA010",2,"01/03/2018","bouillante_large","guadeloupe","Caribbean","France","megafauna","transect","transect_rectangle","9:35","10:05","30",30,"0",28,0,"marine","E91","?16.07855","?-61.85716","E92","?16.08127","?-61.85252","E93","?16.09919","?-61.85313","E94","?16.09772","?-61.85753",NA,NA,NA,"E95","?16.08154","?-61.85836",0.2,"Virginie Marques","megafauna","Observation pseudoOrque (minium 6 visibles + nombreux a priori non visible sur zone) /Pompe prototype à débit 0,91L/min théorique","-61.85716","16.07855"
"65","SPY173281","YGA017",1,"03/03/2018","chateau_petite_terre","guadeloupe","Caribbean","France","megafauna","transect","transect_rectangle","10:21","10:41","20",30,"0",28,0,"marine","E171","?16.20771","?-61.14683","E172","?16.22309","?-61.15646","E173","?16.22562","?-61.15257","E174","?16.22140","?-61.14821",NA,NA,NA,"E174","?16.22140","?-61.14821",0.2,"Virginie Marques","megafauna","Problème technique pompe 2","-61.14683","16.20771"
"66","SPY173275","YGA014",1,"02/03/2018","fajou","guadeloupe","Caribbean","France","megafauna","transect","transect_rectangle","10:10","10:40","30",30,"0",28,0,"marine","E141","?16.35900","?-61.57521","E142","?16.35994","?-61.59384","E143","?16.36443","?-61.59339","E144","?16.36451","?-61.57498",NA,NA,NA,"E145","?16.36432","?-61.57496",0.2,"Virginie Marques","megafauna","Proche réserve Fajou, côté barrière de corail. ","-61.57521","16.35900"
"67","SPY173276","YGA014",2,"02/03/2018","fajou","guadeloupe","Caribbean","France","megafauna","transect","transect_rectangle","10:10","10:40","30",30,"0",28,0,"marine","E141","?16.35900","?-61.57521","E142","?16.35994","?-61.59384","E143","?16.36443","?-61.59339","E144","?16.36451","?-61.57498",NA,NA,NA,"E145","?16.36432","?-61.57496",0.2,"Virginie Marques","megafauna","Proche réserve Fajou, côté barrière de corail. ","-61.57521","16.35900"
"68","SPY173273","YGA013",1,"02/03/2018","jardin_eden","guadeloupe","Caribbean","France","megafauna","transect","transect_rectangle","09:03","09:33","30",30,"0",28,0,"marine","E131","?16.37651","?-61.52821","E132","?16.35956","?-61.52274","E133","?16.36119","?-61.51821","E134","?16.37721","?-61.52417",NA,NA,NA,"E135","?16.37721","?-61.52417",0.2,"Virginie Marques","megafauna",NA,"-61.52821","16.37651"
"69","SPY173274","YGA013",2,"02/03/2018","jardin_eden","guadeloupe","Caribbean","France","megafauna","transect","transect_rectangle","09:03","09:33","30",30,"0",28,0,"marine","E131","?16.37651","?-61.52821","E132","?16.35956","?-61.52274","E133","?16.36119","?-61.51821","E134","?16.37721","?-61.52417",NA,NA,NA,"E135","?16.37721","?-61.52417",0.2,"Virginie Marques","megafauna",NA,"-61.52821","16.37651"
"70","SPY173251","YGA002",1,"26/02/2018","petit_cul_de_sac_marin_cote","guadeloupe","Caribbean","France","megafauna","transect","transect_rectangle","15:00","15:30","30",30,"0",28,0,"marine","E11","?16.20352","?-61.53646","E12","?16.18854","?-61.54670","E13","?16.18543","?-61.54323","E14","?16.20063","?-61.53322",NA,NA,NA,"E14","?16.20063","?-61.53322",0.2,"Virginie Marques","megafauna",NA,"-61.53646","16.20352"
"71","SPY173252","YGA002",2,"26/02/2018","petit_cul_de_sac_marin_cote","guadeloupe","Caribbean","France","megafauna","transect","transect_rectangle","15:00","15:30","30",30,"0",28,0,"marine","E11","?16.20352","?-61.53646","E12","?16.18854","?-61.54670","E13","?16.18543","?-61.54323","E14","?16.20063","?-61.53322",NA,NA,NA,"E14","?16.20063","?-61.53322",0.2,"Virginie Marques","megafauna",NA,"-61.53646","16.20352"
"72","SPY173250","YGA001",1,"26/02/2018","petit_cul_de_sac_marin_Large","guadeloupe","Caribbean","France","megafauna","transect","transect_rectangle","12:50","13:20","30",30,"0",28,0,"marine","E01","?16.15962","?-61.50619","E02","?16.14538","?-61.51763","E03","?16.14256","?-61.51380","E04","?16.15494","?-61.50335",NA,NA,NA,"E04","?16.15494","?-61.50335",0.2,"Virginie Marques","megafauna","Risque contamination homme + bateau / réplicat = SPY180501","-61.50619","16.15962"
"73","SPY180501","YGA001",2,"26/02/2018","petit_cul_de_sac_marin_Large","guadeloupe","Caribbean","France","megafauna","transect","transect_rectangle","12:50","13:20","30",30,"0",28,0,"marine","E01","?16.15962","?-61.50619","E02","?16.14538","?-61.51763","E03","?16.14256","?-61.51380","E04","?16.15494","?-61.50335",NA,NA,NA,"E04","?16.15494","?-61.50335",0.2,"Virginie Marques","megafauna","Risque contamination homme + bateau/ réplicat = SPY1733250","-61.50619","16.15962"
"74","SPY173282","YGA018",1,"03/03/2018","petite_terre1","guadeloupe","Caribbean","France","megafauna","transect","transect_rectangle","11:10","11:40","30",30,"0",28,0,"marine","E181","?16.18316","?-61.11949","E182","?16.16357","?-61.11470",NA,NA,NA,NA,NA,NA,NA,NA,NA,"E182","?16.16357","?-61.11470",0.2,"Virginie Marques","megafauna","Problème technique pompe 2. Transect côtier. ","-61.11949","16.18316"
"75","SPY173283","YGA019",1,"03/03/2018","petite_terre2","guadeloupe","Caribbean","France","megafauna","transect","transect_rectangle","12:00","12:30","30",30,"0",28,0,"marine","E191","?16.17763","?-61.09994","E192","?16.17519","?-61.13187",NA,NA,NA,NA,NA,NA,NA,NA,NA,"E192","?16.17519","?-61.13187",0.2,"Virginie Marques","megafauna","Problème technique pompe 2, un dauphin proche côte. Zone fréquentée très majoritairement par des Tursiops. Transect côtier empiète sur Petite Terre 1. ","-61.09994","16.17763"
"76","SPY173280","YGA016",1,"03/03/2018","pointe_chateau","guadeloupe","Caribbean","France","megafauna","transect","transect_rectangle","08:52","09:22","30",30,"0",28,0,"marine","E161","?16.24619","?-61.21300","E162","?16.24393","?-61.19560","E163","?16.23943","?-61.19513","E164","?16.24471","?-61.21300",NA,NA,NA,"E165","?16.24631","?-61.21234",0.2,"Virginie Marques","megafauna","Problème technique pompe 2","-61.21300","16.24619"
"77","SPY173259","YGA006",1,"27/02/2018","pointe_ferry","guadeloupe","Caribbean","France","megafauna","transect","transect_rectangle","11:36","11:50","14",14,"0",28,0,"marine","E51","?16.26170","?-61.82218","E52","?16.27359","?-61.82390","E53","?16.27940","?-61.82426",NA,NA,NA,NA,NA,NA,"E53","?16.27940","?-61.82426",0.2,"Virginie Marques","megafauna","Colmatage capsule car aspire de l'air car bateau trop haut sur l'eau (explotision capsule, perte à l'eau et récupérée après 5 min)","-61.82218","16.26170"
"78","SPY173260","YGA006",2,"27/02/2018","pointe_ferry","guadeloupe","Caribbean","France","megafauna","transect","transect_rectangle","11:36","11:50","14",14,"0",28,0,"marine","E51","?16.26170","?-61.82218","E52","?16.27359","?-61.82390","E53","?16.27940","?-61.82426",NA,NA,NA,NA,NA,NA,"E53","?16.27940","?-61.82426",0.2,"Virginie Marques","megafauna","Colmatage capsule car aspire de l'air car bateau trop haut sur l'eau;","-61.82218","16.26170"
"79","SPY173271","YGA012",3,"01/03/2018","pointe_ferry","guadeloupe","Caribbean","France","megafauna","transect","transect_rectangle","12:10","12:33","23",23,"0",28,0,"marine","E121","?16.26194","?-61.82252","E122","?16.27987","?-61.81971","E123","?16.27934","?-61.82436","E124","?16.26924","?-61.82560",NA,NA,NA,"E124","?16.26924","?-61.82560",0.2,"Virginie Marques","megafauna","Arrête pompe proto pompage air colmatage pompe car sargasse accumulée faisant remonter le fil car portance","-61.82252","16.26194"
"80","SPY173272","YGA012",4,"01/03/2018","pointe_ferry","guadeloupe","Caribbean","France","megafauna","transect","transect_rectangle","12:10","12:33","23",2,"0",28,0,"marine","E121","?16.26194","?-61.82252","E122","?16.27987","?-61.81971","E123","?16.27934","?-61.82436","E124","?16.26924","?-61.82560",NA,NA,NA,"E124","?16.26924","?-61.82560",0.2,"Virginie Marques","megafauna","Arrête pompe proto pompage air colmatage pompe  car sargasse accumulée faisant remonter le fil car portance /Pompe prototype à débit 0,91L/min théorique","-61.82252","16.26194"
"83","SPY173255","YGA004",1,"27/02/2018","sec_nord","guadeloupe","Caribbean","France","megafauna","transect","transect_rectangle","8:07","8:25","18",18,"0",28,0,"marine","E31","?16.24518","?-61.87116","E32","?16.23587","?-61.88717","E33","?16.23233","?-61.88434","E34","?16.23419","?-61.88118",NA,NA,NA,"E34","?16.23419","?-61.88118",0.2,"Virginie Marques","megafauna","Colmatage capsule car aspire de l'air car bateau trop haut sur l'eau (explotision capsule, perte à l'eau et récupérée après 5 min)","-61.87116","16.24518"
"84","SPY173256","YGA004",2,"27/02/2018","sec_nord","guadeloupe","Caribbean","France","megafauna","transect","transect_rectangle","8:07","8:25","18",18,"0",28,0,"marine","E31","?16.24518","?-61.87116","E32","?16.23587","?-61.88717","E33","?16.23233","?-61.88434","E34","?16.23419","?-61.88118",NA,NA,NA,"E34","?16.23419","?-61.88118",0.2,"Virginie Marques","megafauna","Colmatage capsule car aspire de l'air car bateau trop haut sur l'eau;","-61.87116","16.24518"
"85","SPY173257","YGA005",1,"27/02/2018","sec_sud_1","guadeloupe","Caribbean","France","megafauna","transect","transect_rectangle","9:58","10:20","22",22,"0",28,0,"marine","E41","?16.15732","?-61.87493","E42","?16.14000","?-61.86901","E43","?16.14120","?-61.86456","E44","?16.14581","?-61.86575",NA,NA,NA,"E44","?16.14581","?-61.86575",0.2,"Virginie Marques","megafauna","Banc de dauphins Tacheté tropicaux (à 1m de la crépine pendant plusieurs minutes). Colmatage capsule car aspire de l'aire car bateau trop haut sur l'eau;","-61.87493","16.15732"
"86","SPY173258","YGA005",2,"27/02/2018","sec_sud_1","guadeloupe","Caribbean","France","megafauna","transect","transect_rectangle","9:58","10:20","22",22,"0",28,0,"marine","E41","?16.15732","?-61.87493","E42","?16.14000","?-61.86901","E43","?16.14120","?-61.86456","E44","?16.14581","?-61.86575",NA,NA,NA,"E44","?16.14581","?-61.86575",0.2,"Virginie Marques","megafauna","Banc de dauphins Tacheté tropicaux (à 1m de la crépine pendant plusieurs minutes)","-61.87493","16.15732"
"87","SPY173269","YGA011",1,"01/03/2018","sec_sud_2","guadeloupe","Caribbean","France","megafauna","transect","transect_rectangle","11:02","11:11","9",9,"0",28,0,"marine","E111","?16.14098","?-61.86440","E112","?16.15285","?-61.86782",NA,NA,NA,NA,NA,NA,NA,NA,NA,"E112","?16.15285","?-61.86782",0.2,"Virginie Marques","megafauna","Arrête pompe proto à 1,1km pb pompage air colmatage pompe","-61.86440","16.14098"
"88","SPY173270","YGA011",2,"01/03/2018","sec_sud_2","guadeloupe","Caribbean","France","megafauna","transect","transect_rectangle","11:02","11:11","9",9,"0",28,0,"marine","E111","?16.14098","?-61.86440","E112","?16.15285","?-61.86782",NA,NA,NA,NA,NA,NA,NA,NA,NA,"E112","?16.15285","?-61.86782",0.2,"Virginie Marques","megafauna","Arrête pompe proto à 1,1km pb pompage air colmatage pompe /Pompe prototype à débit 0,91L/min théorique","-61.86440","16.14098"
"89","SPY173278","YGA015",1,"02/03/2018","st_rose","guadeloupe","Caribbean","France","megafauna","transect","transect_rectangle","11:34","12:04","30",30,"0",28,0,"marine","E151","?16.32673","?-61.67195","E152","?16.33806","?-61.68644","E153","?16.34145","?-61.68335","E154","?16.33061","?-61.66848",NA,NA,NA,"E155","?16.32765","?-61.67095",0.2,"Virginie Marques","megafauna","Proche lamentin, côté lagon. ","-61.67195","16.32673"
"90","SPY173279","YGA015",2,"02/03/2018","st_rose","guadeloupe","Caribbean","France","megafauna","transect","transect_rectangle","11:34","12:04","30",30,"0",28,0,"marine","E151","?16.32673","?-61.67195","E152","?16.33806","?-61.68644","E153","?16.34145","?-61.68335","E154","?16.33061","?-61.66848",NA,NA,NA,"E155","?16.32765","?-61.67095",0.2,"Virginie Marques","megafauna","Proche lamentin, côté lagon. ","-61.67195","16.32673"
"91","SPY181920","YPF001",1,"19/06/2018","lagon_faka","fakarava","French_Polynesia","France","megafauna","transect","transect_aller_retour","08:59","09:30","30",30,"0",NA,NA,"marine","33","-16.500305","-145.447768",NA,NA,NA,NA,NA,NA,NA,NA,NA,"35","-16.48544","-145.430314","36","-16.498969","-145.447519",0.2,"Virginie Marques","megafauna","Tuyau transp - très long à lancer","-145.447768","-16.500305"
"92","SPY181919","YPF001",2,"19/06/2018","lagon_faka","fakarava","French_Polynesia","France","megafauna","transect","transect_aller_retour","08:59","09:30","30",30,"0",NA,NA,"marine","33","-16.500305","-145.447768",NA,NA,NA,NA,NA,NA,NA,NA,NA,"35","-16.48544","-145.430314","36","-16.498969","-145.447519",0.2,"Virginie Marques","megafauna","Tuyau transp - très long à lancer","-145.447768","-16.500305"
"93","SPY181941","YPF002",3,"19/06/2018","lagon_faka","fakarava","French_Polynesia","France","megafauna","transect","transect_aller_retour","11:10","11:40","30",30,"0",NA,NA,"marine","40","-16.500979","-145.449233",NA,NA,NA,NA,NA,NA,NA,NA,NA,"41","-16.492545","-145.439254","42","-16.504211","-145.451849",0.2,"Virginie Marques","megafauna","Tuyau transp - très long à lancer","-145.449233","-16.500979"
"94","SPY181911","YPF002",4,"19/06/2018","lagon_faka","fakarava","French_Polynesia","France","megafauna","transect","transect_aller_retour","12:23","12:45","22",22,"0",NA,NA,"marine","43","-16.500383","-145.447721",NA,NA,NA,NA,NA,NA,NA,NA,NA,"44","-16.485035","-145.430644","45","-16.491784","-145.439291",0.2,"Virginie Marques","megafauna","Tuyau blanc - pump stopped working at 22'","-145.447721","-16.500383"
"95","SPY181533","YPF003",5,"20/06/2018","lagon_faka","fakarava","French_Polynesia","France","megafauna","transect","transect_aller_retour","08:01","08:31","30",30,"0",NA,NA,"marine","46","-16.500328","-145.44823",NA,NA,NA,NA,NA,NA,NA,NA,NA,"47","-16.4854","-145.431085","48","-16.493118","-145.440181",0.2,"Virginie Marques","megafauna","Problem pump - stopped multiple times: total stopped time = 5'","-145.44823","-16.500328"
"96","SPY181914","YPF003",6,"20/06/2018","lagon_faka","fakarava","French_Polynesia","France","megafauna","transect","transect_aller_retour","08:57","09:30","30",30,"0",NA,NA,"marine","49","-16.499774","-145.447065",NA,NA,NA,NA,NA,NA,NA,NA,NA,"50","-16.485841","-145.434049",NA,NA,NA,0.2,"Virginie Marques","megafauna","Problem pump - stopped for 8' and transect completed only one side","-145.447065","-16.499774"
"97","SPY181832","YPF004",7,"20/06/2018","lagon_faka","fakarava","French_Polynesia","France","megafauna","transect","transect_aller_retour","09:55","10:30","30",30,"0",NA,NA,"marine","51","-16.500438","-145.447461",NA,NA,NA,NA,NA,NA,NA,NA,NA,"52","-16.485325","-145.430616","53","-16.491767","-145.438592",0.2,"Virginie Marques","megafauna","Problem pump - stopped multiple times: total stopped time = 5'","-145.447461","-16.500438"
"98","SPY181921","YPF005",8,"21/06/2018","lagon_faka","fakarava","French_Polynesia","France","megafauna","transect","transect_aller_retour","13:59","14:25","26",26,"0",NA,NA,"marine","54","-16.499381","-145.446963",NA,NA,NA,NA,NA,NA,NA,NA,NA,"55","-16.484506","-145.430035","56","-16.487019","-145.434149",0.2,"Virginie Marques","megafauna","Problem pump - stopped at 26'","-145.446963","-16.499381"
"99","SPY181916","YPF005",9,"21/06/2018","lagon_faka","fakarava","French_Polynesia","France","megafauna","transect","transect_aller_retour","14:57","15:23","26",26,"0",NA,NA,"marine","57","-16.500378","-145.447254",NA,NA,NA,NA,NA,NA,NA,NA,NA,"58","-16.484938","-145.430514","59","-16.486792","-145.433568",0.2,"Virginie Marques","megafauna","Problem pump - stopped at 26'","-145.447254","-16.500378"
"100","SPY181906","YPF006",1,"22/06/2018","passe_faka_1","fakarava","French_Polynesia","France","megafauna","transect","transect_aller_retour","14:10","14:40","30",30,"0",NA,NA,"marine","61","-16.515778","-145.463558",NA,NA,NA,NA,NA,NA,NA,NA,NA,"62","-16.511901","-145.463065",NA,NA,NA,0.2,"Virginie Marques","megafauna","No problem - courant sortant : pas de mur de requins","-145.463558","-16.515778"
"101","SPY181900","YPF006",2,"22/06/2018","passe_faka_1","fakarava","French_Polynesia","France","megafauna","transect","transect_aller_retour","14:54","15:19","27",27,"0",NA,NA,"marine","64","-16.516914","-145.462426",NA,NA,NA,NA,NA,NA,NA,NA,NA,"66","-16.512185","-145.463879",NA,NA,NA,0.2,"Virginie Marques","megafauna","Problem pump - stopped at 25' - courant sortant : pas de mur de requins","-145.462426","-16.516914"
"102","SPY181912","YPF007",1,"23/06/2018","passe_faka_l","fakarava","French_Polynesia","France","megafauna","point","bag_underwater","11:15","11:15",NA,10,"30",NA,NA,"marine","68","-16.5209","-145.459671",NA,NA,NA,NA,NA,NA,NA,NA,NA,NA,NA,NA,NA,NA,NA,0.2,"Virginie Marques","megafauna","~40 requins gris, 34m. Filtration à la main (seringues stériles 100mL) - courant rentrant","-145.459671","-16.5209"
"103","SPY181899","YPF007",2,"23/06/2018","passe_faka_l","fakarava","French_Polynesia","France","megafauna","point","bag_underwater","11:15","11:15",NA,10,"30",NA,NA,"marine","68","-16.5209","-145.459671",NA,NA,NA,NA,NA,NA,NA,NA,NA,NA,NA,NA,NA,NA,NA,0.2,"Virginie Marques","megafauna","~40 requins gris, 34m. Filtration à la main (seringues stériles 100mL) - courant rentrant","-145.459671","-16.5209"
"104","SPY181907","YPF008",1,"23/06/2018","passe_faka_T","fakarava","French_Polynesia","France","megafauna","point","bag_underwater","11:15","11:15",NA,10,"30",NA,NA,"marine","68","-16.5209","-145.459671",NA,NA,NA,NA,NA,NA,NA,NA,NA,NA,NA,NA,NA,NA,NA,0.2,"Virginie Marques","megafauna","~20 requins gris, 31m. Filtration à la main (seringues stériles 100mL) - courant rentrant","-145.459671","-16.5209"
"105","SPY181888","YPF008",2,"23/06/2018","passe_faka_T","fakarava","French_Polynesia","France","megafauna","point","bag_underwater","11:15","11:15",NA,10,"30",NA,NA,"marine","68","-16.5209","-145.459671",NA,NA,NA,NA,NA,NA,NA,NA,NA,NA,NA,NA,NA,NA,NA,0.2,"Virginie Marques","megafauna","~20 requins gris, 31m. Filtration à la main (seringues stériles 100mL) - courant rentrant","-145.459671","-16.5209"
"139","SPY181508","YSM13",1,"23/10/2018","tayrona_camera_1","santa_marta","Caribbean","Columbia","megafauna","transect","transect_rond","13:00","13:30","30",30,"0",NA,NA,"marine","128","?11.337649","?-74.110443",NA,NA,NA,NA,NA,NA,NA,NA,NA,"-",NA,NA,"129","?11.337384","?-74.110499",0.2,"Virginie Marques","megafauna","TAY1, Camera1_day1_morning, 10m","-74.110443","11.337649"
"140","SPY181538","YSM13",2,"23/10/2018","tayrona_camera_1","santa_marta","Caribbean","Columbia","megafauna","transect","transect_rond","13:00","13:30","30",30,"0",NA,NA,"marine","128","?11.337649","?-74.110443",NA,NA,NA,NA,NA,NA,NA,NA,NA,"-",NA,NA,"129","?11.337384","?-74.110499",0.2,"Virginie Marques","megafauna","TAY1, Camera1_day1_morning, 10m","-74.110443","11.337649"
"141","SPY181515","YSM14",3,"23/10/2018","tayrona_camera_1","santa_marta","Caribbean","Columbia","megafauna","transect","transect_rond","16:15","16:45","30",30,"0",NA,NA,"marine","128","?11.337649","?-74.110443",NA,NA,NA,NA,NA,NA,NA,NA,NA,"-",NA,NA,"129","?11.337384","?-74.110499",0.2,"Virginie Marques","megafauna","TAY2, Camera1_day1_evening","-74.110443","11.337649"
"142","SPY181525","YSM14",4,"23/10/2018","tayrona_camera_1","santa_marta","Caribbean","Columbia","megafauna","transect","transect_rond","16:15","16:45","30",30,"0",NA,NA,"marine","128","?11.337649","?-74.110443",NA,NA,NA,NA,NA,NA,NA,NA,NA,"-",NA,NA,"129","?11.337384","?-74.110499",0.2,"Virginie Marques","megafauna","TAY2, Camera1_day1_evening","-74.110443","11.337649"
"143","SPY181501","YSM15",5,"24/10/2018","tayrona_camera_1","santa_marta","Caribbean","Columbia","megafauna","transect","transect_rond","07:40","08:10","30",30,"0",NA,NA,"marine","128","?11.337649","?-74.110443",NA,NA,NA,NA,NA,NA,NA,NA,NA,"-",NA,NA,"129","?11.337384","?-74.110499",0.2,"Virginie Marques","megafauna","TAY3, Camera1_day2_morning","-74.110443","11.337649"
"144","SPY181514","YSM15",6,"24/10/2018","tayrona_camera_1","santa_marta","Caribbean","Columbia","megafauna","transect","transect_rond","07:40","08:10","30",30,"0",NA,NA,"marine","128","?11.337649","?-74.110443",NA,NA,NA,NA,NA,NA,NA,NA,NA,"-",NA,NA,"129","?11.337384","?-74.110499",0.2,"Virginie Marques","megafauna","TAY3, Camera1_day2_morning","-74.110443","11.337649"
"145","SPY181500","YSM16",1,"25/10/2018","tayrona_camera_2","santa_marta","Caribbean","Columbia","megafauna","transect","transect_rond","11:08","11:38","30",30,"0",NA,NA,"marine","132","?11.328275","?-74.114845",NA,NA,NA,NA,NA,NA,NA,NA,NA,"-",NA,NA,"133","?11.327992","?-74.114391",0.2,"Virginie Marques","megafauna","TAY4, Camera2_day1_morning","-74.114845","11.328275"
"146","SPY181516","YSM16",2,"25/10/2018","tayrona_camera_2","santa_marta","Caribbean","Columbia","megafauna","transect","transect_rond","11:08","11:38","30",30,"0",NA,NA,"marine","132","?11.328275","?-74.114845",NA,NA,NA,NA,NA,NA,NA,NA,NA,"-",NA,NA,"133","?11.327992","?-74.114391",0.2,"Virginie Marques","megafauna","TAY4, Camera2_day1_morning","-74.114845","11.328275"
"147","SPY181499","YSM17",1,"25/10/2018","tayrona_saturation_1","santa_marta","Caribbean","Columbia","megafauna","transect","transect_aller_retour","12:02","12:32","30",30,"0",NA,NA,"marine","75","?11.330775","?-74.116304",NA,NA,NA,NA,NA,NA,NA,NA,NA,"x","11.319237","-74.105329","76","?11.331073","?-74.116615",0.2,"Virginie Marques","megafauna","SAT1","-74.116304","11.330775"
"148","SPY181539","YSM17",2,"25/10/2018","tayrona_saturation_1","santa_marta","Caribbean","Columbia","megafauna","transect","transect_aller_retour","12:02","12:32","30",30,"0",NA,NA,"marine","75","?11.330775","?-74.116304",NA,NA,NA,NA,NA,NA,NA,NA,NA,"x","11.319237","-74.105329","76","?11.331073","?-74.116615",0.2,"Virginie Marques","megafauna","SAT1","-74.116304","11.330775"
"149","SPY181503","YSM18",1,"25/10/2018","tayrona_saturation_2","santa_marta","Caribbean","Columbia","megafauna","transect","transect_aller_retour","14:07","14:37","30",30,"0",NA,NA,"marine","77","?11.340723","?-74.112103",NA,NA,NA,NA,NA,NA,NA,NA,NA,"78","?11.320329","?-74.105287","79","?11.340310","?-74.111844",0.2,"Virginie Marques","megafauna","SAT2","-74.112103","11.340723"
"150","SPY181530","YSM18",2,"25/10/2018","tayrona_saturation_2","santa_marta","Caribbean","Columbia","megafauna","transect","transect_aller_retour","14:07","14:37","30",30,"0",NA,NA,"marine","77","?11.340723","?-74.112103",NA,NA,NA,NA,NA,NA,NA,NA,NA,"78","?11.320329","?-74.105287","79","?11.340310","?-74.111844",0.2,"Virginie Marques","megafauna","SAT2","-74.112103","11.340723"
"151","SPY181903","YSM19",3,"25/10/2018","tayrona_saturation_2","santa_marta","Caribbean","Columbia","megafauna","transect","transect_aller_retour","14:55","15:25","30",30,"0",NA,NA,"marine","80","?11.341963","?-74.112686",NA,NA,NA,NA,NA,NA,NA,NA,NA,"x","11.321972","-74.105442","81","?11.342078","?-74.112305",0.2,"Virginie Marques","megafauna","SAT3","-74.112686","11.341963"
"152","SPY181534","YSM19",4,"25/10/2018","tayrona_saturation_2","santa_marta","Caribbean","Columbia","megafauna","transect","transect_aller_retour","14:55","15:25","30",30,"0",NA,NA,"marine","80","?11.341963","?-74.112686",NA,NA,NA,NA,NA,NA,NA,NA,NA,"x","11.321972","-74.105442","81","?11.342078","?-74.112305",0.2,"Virginie Marques","megafauna","SAT3","-74.112686","11.341963"
"153","SPY181889","YSM20",3,"25/10/2018","tayrona_camera_2","santa_marta","Caribbean","Columbia","megafauna","transect","transect_aller_retour","15:48","16:18","30",30,"0",NA,NA,"marine","82","?11.326676","?-74.114275",NA,NA,NA,NA,NA,NA,NA,NA,NA,"-",NA,NA,"83","?11.328732","?-74.114753",0.2,"Virginie Marques","megafauna","TAY5, Camera2_day1_evening","-74.114275","11.326676"
"154","SPY181891","YSM20",4,"25/10/2018","tayrona_camera_2","santa_marta","Caribbean","Columbia","megafauna","transect","transect_aller_retour","15:48","16:18","30",30,"0",NA,NA,"marine","82","?11.326676","?-74.114275",NA,NA,NA,NA,NA,NA,NA,NA,NA,"-",NA,NA,"83","?11.328732","?-74.114753",0.2,"Virginie Marques","megafauna","TAY5, Camera2_day1_evening","-74.114275","11.326676"
"155","SPY181540","YSM21",3,"25/10/2018","tayrona_saturation_1","santa_marta","Caribbean","Columbia","megafauna","transect","transect_aller_retour","17:25","17:55","30",30,"0",NA,NA,"marine","84","?11.330174","?-74.115761",NA,NA,NA,NA,NA,NA,NA,NA,NA,"x","11.319065","-74.105460","85","?11.327559","?-74.114420",0.2,"Virginie Marques","megafauna","SAT4","-74.115761","11.330174"
"156","SPY181504","YSM21",4,"25/10/2018","tayrona_saturation_1","santa_marta","Caribbean","Columbia","megafauna","transect","transect_aller_retour","17:25","17:55","30",30,"0",NA,NA,"marine","84","?11.330174","?-74.115761",NA,NA,NA,NA,NA,NA,NA,NA,NA,"x","11.319065","-74.105460","85","?11.327559","?-74.114420",0.2,"Virginie Marques","megafauna","SAT4","-74.115761","11.330174"
"157","SPY181505","YSM22",5,"26/10/2018","tayrona_camera_2","santa_marta","Caribbean","Columbia","megafauna","transect","transect_aller_retour","06:41","07:11","30",30,"0",NA,NA,"marine","86","?11.328421","?-74.114296",NA,NA,NA,NA,NA,NA,NA,NA,NA,"-",NA,NA,"87","?11.327636","?-74.113831",0.2,"Virginie Marques","megafauna","TAY6, Camera2_day2_morning","-74.114296","11.328421"
"158","SPY181509","YSM22",6,"26/10/2018","tayrona_camera_2","santa_marta","Caribbean","Columbia","megafauna","transect","transect_aller_retour","06:41","07:11","30",30,"0",NA,NA,"marine","86","?11.328421","?-74.114296",NA,NA,NA,NA,NA,NA,NA,NA,NA,"-",NA,NA,"87","?11.327636","?-74.113831",0.2,"Virginie Marques","megafauna","TAY6, Camera2_day2_morning","-74.114296","11.328421"
"159","SPY190618","MOI01",1,"08/04/2019","taaf_station","europa","Iles_Eparses","France","megafauna","transect","transect_aller_retour","12:03","12:33","30",30,"0",NA,NA,"marine","105","-22.33944","40.33886",NA,NA,NA,NA,NA,NA,NA,NA,NA,"106","-22.32998","40.36085","107","-22.33347","40.34905",0.2,"Virginie Marques","megafauna","Observation : green turtles","40.33886","-22.33944"
"160","SPY181897","MOI01",2,"08/04/2019","taaf_station","europa","Iles_Eparses","France","megafauna","transect","transect_aller_retour","12:03","12:33","30",30,"0",NA,NA,"marine","105","-22.33944","40.33886",NA,NA,NA,NA,NA,NA,NA,NA,NA,"106","-22.32998","40.36085","107","-22.33347","40.34905",0.2,"Virginie Marques","megafauna","Observation : green turtles","40.33886","-22.33944"
"161","SPY181529","MOI02",1,"09/04/2019","europa_distance_0m","europa","Iles_Eparses","France","megafauna","transect","transect_aller_retour","12:01","12:39","30",30,"0",NA,NA,"marine","109","-22.33281","40.35581",NA,NA,NA,NA,NA,NA,NA,NA,NA,"110","-22.33091","40.37989","112","-22.32926","40.36572",0.2,"Virginie Marques","megafauna","Distance decay 0m","40.35581","-22.33281"
"162","SPY180771","MOI02",2,"09/04/2019","europa_distance_0m","europa","Iles_Eparses","France","megafauna","transect","transect_aller_retour","12:01","12:39","30",30,"0",NA,NA,"marine","109","-22.33281","40.35581",NA,NA,NA,NA,NA,NA,NA,NA,NA,"110","-22.33091","40.37989","112","-22.32926","40.36572",0.2,"Virginie Marques","megafauna","Distance decay 0m","40.35581","-22.33281"
"163","SPY180766","MOI03",1,"09/04/2019","europa_distance_50m","europa","Iles_Eparses","France","megafauna","transect","transect_aller_retour","13:06","13:36","30",30,"0",NA,NA,"marine","114","-22.33078","40.36129",NA,NA,NA,NA,NA,NA,NA,NA,NA,"115","-22.32975","40.38043","116","-22.32888","40.3634",0.2,"Virginie Marques","megafauna","Distance decay 50m","40.36129","-22.33078"
"164","SPY181720","MOI03",2,"09/04/2019","europa_distance_50m","europa","Iles_Eparses","France","megafauna","transect","transect_aller_retour","13:06","13:36","30",30,"0",NA,NA,"marine","114","-22.33078","40.36129",NA,NA,NA,NA,NA,NA,NA,NA,NA,"115","-22.32975","40.38043","116","-22.32888","40.3634",0.2,"Virginie Marques","megafauna","Distance decay 50m","40.36129","-22.33078"
"165","SPY181522","MOI04",1,"09/04/2019","europa_distance_300m","europa","Iles_Eparses","France","megafauna","transect","transect_aller_retour","13:56","14:26","30",30,"0",NA,NA,"marine","117","-22.32652","40.36433",NA,NA,NA,NA,NA,NA,NA,NA,NA,"118","-22.32829","40.38054","119","-22.32825","40.36197",0.2,"Virginie Marques","megafauna","Distance decay 300m","40.36433","-22.32652"
"166","SPY190611","MOI04",2,"09/04/2019","europa_distance_300m","europa","Iles_Eparses","France","megafauna","transect","transect_aller_retour","13:56","14:26","30",30,"0",NA,NA,"marine","117","-22.32652","40.36433",NA,NA,NA,NA,NA,NA,NA,NA,NA,"118","-22.32829","40.38054","119","-22.32825","40.36197",0.2,"Virginie Marques","megafauna","Distance decay 300m","40.36433","-22.32652"
"167","SPY190610","MOI05",1,"09/04/2019","europa_distance_600m","europa","Iles_Eparses","France","megafauna","transect","transect_aller_retour","14:43","15:13","30",30,"0",NA,NA,"marine","120","-22.32454","40.36156",NA,NA,NA,NA,NA,NA,NA,NA,NA,"121","-22.32537","40.38092","122","-22.32384","40.36322",0.2,"Virginie Marques","megafauna","Distance decay 600m","40.36156","-22.32454"
"168","SPY181510","MOI05",2,"09/04/2019","europa_distance_600m","europa","Iles_Eparses","France","megafauna","transect","transect_aller_retour","14:43","15:13","30",30,"0",NA,NA,"marine","120","-22.32454","40.36156",NA,NA,NA,NA,NA,NA,NA,NA,NA,"121","-22.32537","40.38092","122","-22.32384","40.36322",0.2,"Virginie Marques","megafauna","Distance decay 600m","40.36156","-22.32454"
"178","SPY190629","MOI15",1,"11/04/2019","taaf_station2","europa","Iles_Eparses","France","megafauna","transect","transect_aller_retour","10:50","11:20","30",30,"0",NA,NA,"marine","98","-22.33879","40.33888",NA,NA,NA,NA,NA,NA,NA,NA,NA,"99","-22.33182","40.36057","100","-22.33521","40.34951",0.2,"Virginie Marques","megafauna","turtles","40.33888","-22.33879"
"179","SPY190627","MOI15",2,"11/04/2019","taaf_station2","europa","Iles_Eparses","France","megafauna","transect","transect_aller_retour","10:50","11:20","30",30,"0",NA,NA,"marine","98","-22.33879","40.33888",NA,NA,NA,NA,NA,NA,NA,NA,NA,"99","-22.33182","40.36057","100","-22.33521","40.34951",0.2,"Virginie Marques","megafauna","turtles","40.33888","-22.33879"
"185","SPY190623","MOI21",1,"14/04/2019","juan_distance0","juan_de_nova","Iles_Eparses","France","megafauna","transect","transect_aller_retour","09:04","09:34","30",30,"0",NA,NA,"marine","102","-17.038661","42.66956",NA,NA,NA,NA,NA,NA,NA,NA,NA,NA,NA,NA,"103","-17.05514","42.67807",0.2,"Virginie Marques","megafauna","Distance decay","42.66956","-17.038661"
"186","SPY190624","MOI21",2,"14/04/2019","juan_distance0","juan_de_nova","Iles_Eparses","France","megafauna","transect","transect_aller_retour","09:04","09:34","30",30,"0",NA,NA,"marine","102","-17.038661","42.66956",NA,NA,NA,NA,NA,NA,NA,NA,NA,NA,NA,NA,"103","-17.05514","42.67807",0.2,"Virginie Marques","megafauna","Distance decay","42.66956","-17.038661"
"187","SPY190622","MOI22",1,"14/04/2019","juan_distance1","juan_de_nova","Iles_Eparses","France","megafauna","transect","transect_aller_retour","10:00","10:30","30",30,"0",NA,NA,"marine","104","-17.05547","42.67851",NA,NA,NA,NA,NA,NA,NA,NA,NA,"105","-17.03916","42.67063","106","-17.04908","42.67333",0.2,"Virginie Marques","megafauna","Distance decay","42.67851","-17.05547"
"188","SPY190628","MOI22",2,"14/04/2019","juan_distance1","juan_de_nova","Iles_Eparses","France","megafauna","transect","transect_aller_retour","10:00","10:30","30",30,"0",NA,NA,"marine","104","-17.05547","42.67851",NA,NA,NA,NA,NA,NA,NA,NA,NA,"105","-17.03916","42.67063","106","-17.04908","42.67333",0.2,"Virginie Marques","megafauna","Distance decay","42.67851","-17.05547"
"189","SPY190626","MOI23",1,"14/04/2019","juan_distance2","juan_de_nova","Iles_Eparses","France","megafauna","transect","transect_aller_retour","10:47","11:20","30",30,"0",NA,NA,"marine","107","-17.03868","42.66977",NA,NA,NA,NA,NA,NA,NA,NA,NA,NA,NA,NA,"108","-17.05603","42.67631",0.2,"Virginie Marques","megafauna","Distance decay","42.66977","-17.03868"
"190","SPY190614","MOI23",2,"14/04/2019","juan_distance2","juan_de_nova","Iles_Eparses","France","megafauna","transect","transect_aller_retour","10:47","11:20","30",30,"0",NA,NA,"marine","107","-17.03868","42.66977",NA,NA,NA,NA,NA,NA,NA,NA,NA,NA,NA,NA,"108","-17.05603","42.67631",0.2,"Virginie Marques","megafauna","Distance decay","42.66977","-17.03868"
"191","SPY190612","MOI24",1,"14/04/2019","juan_distance3","juan_de_nova","Iles_Eparses","France","megafauna","transect","transect_aller_retour","11:47","12:17","30",30,"0",NA,NA,"marine","109","-17.05712","42.67116",NA,NA,NA,NA,NA,NA,NA,NA,NA,"110","-17.03912","42.65957","111","-17.04626","42.66076",0.2,"Virginie Marques","megafauna","Distance decay","42.67116","-17.05712"
"192","SPY180783","MOI24",2,"14/04/2019","juan_distance3","juan_de_nova","Iles_Eparses","France","megafauna","transect","transect_aller_retour","11:47","12:17","30",30,"0",NA,NA,"marine","109","-17.05712","42.67116",NA,NA,NA,NA,NA,NA,NA,NA,NA,"110","-17.03912","42.65957","111","-17.04626","42.66076",0.2,"Virginie Marques","megafauna","Distance decay","42.67116","-17.05712"
"199","SPY181901","MOI31",1,"16/04/2019","juan_2","juan_de_nova","Iles_Eparses","France","megafauna","transect","transect_aller_retour","10:45","11:15","30",30,"0",NA,NA,"marine","112","-17.02874","42.74781",NA,NA,NA,NA,NA,NA,NA,NA,NA,"113","-17.04155","42.76719","114","-17.03697","42.76082",0.2,"Virginie Marques","megafauna",NA,"42.74781","-17.02874"
"200","SPY190609","MOI31",2,"16/04/2019","juan_2","juan_de_nova","Iles_Eparses","France","megafauna","transect","transect_aller_retour","10:45","11:15","30",30,"0",NA,NA,"marine","112","-17.02874","42.74781",NA,NA,NA,NA,NA,NA,NA,NA,NA,"113","-17.04155","42.76719","114","-17.03697","42.76082",0.2,"Virginie Marques","megafauna",NA,"42.74781","-17.02874"
"203","SPY190570","MOI34",1,"20/04/2019","glorieuse","glorieuse","Iles_Eparses","France","megafauna","transect","transect_aller_retour",NA,NA,"30",30,"0",NA,NA,"marine","132","-11.58652","47.28334",NA,NA,NA,NA,NA,NA,NA,NA,NA,"133","-11.56522","47.29042","134","-11.56827","47.28640",0.2,"Marco Andrello","megafauna",NA,"47.28334","-11.58652"
"204","SPY190582","MOI34",2,"20/04/2019","glorieuse","glorieuse","Iles_Eparses","France","megafauna","transect","transect_aller_retour",NA,NA,"30",30,"0",NA,NA,"marine","132","-11.58652","47.28334",NA,NA,NA,NA,NA,NA,NA,NA,NA,"133","-11.56522","47.29042","134","-11.56827","47.28640",0.2,"Marco Andrello","megafauna",NA,"47.28334","-11.58652"
"205","SPY190574","MOI35",1,"21/04/2019","glorieuse_distance_0m","glorieuse","Iles_Eparses","France","megafauna","transect","transect_aller_retour","11:10","11:40","30",30,"0",NA,NA,"marine","136","-11.56444 ","47.29144",NA,NA,NA,NA,NA,NA,NA,NA,NA,"137","-11.58450"," 47.28304","138","-11.57419","47.28065",0.2,"Marco Andrello","megafauna","tortue","47.29144","-11.56444 "
"206","SPY190554","MOI35",2,"21/04/2019","glorieuse_distance_0m","glorieuse","Iles_Eparses","France","megafauna","transect","transect_aller_retour","11:10","11:40","30",30,"0",NA,NA,"marine","136","-11.56444 ","47.29144",NA,NA,NA,NA,NA,NA,NA,NA,NA,"137","-11.58450"," 47.28304","138","-11.57419","47.28065",0.2,"Marco Andrello","megafauna","tortue","47.29144","-11.56444 "
"207","SPY190586","MOI36",1,"21/04/2019","glorieuse_distance_50m","glorieuse","Iles_Eparses","France","megafauna","transect","transect_aller_retour","12:05","12:35","30",30,"0",NA,NA,"marine","139","-11.56593","47.28871",NA,NA,NA,NA,NA,NA,NA,NA,NA,"140","-11.58536","47.28249","141","-11.57340","47.28075",0.2,"Marco Andrello","megafauna",NA,"47.28871","-11.56593"
"208","SPY190561","MOI36",2,"21/04/2019","glorieuse_distance_50m","glorieuse","Iles_Eparses","France","megafauna","transect","transect_aller_retour","12:05","12:35","30",30,"0",NA,NA,"marine","139","-11.56593","47.28871",NA,NA,NA,NA,NA,NA,NA,NA,NA,"140","-11.58536","47.28249","141","-11.57340","47.28075",0.2,"Marco Andrello","megafauna",NA,"47.28871","-11.56593"
"209","SPY190580","MOI37",1,"21/04/2019","glorieuse_distance_100m","glorieuse","Iles_Eparses","France","megafauna","transect","transect_aller_retour","13:05","13:35","30",30,"0",NA,NA,"marine","142","-11.56503","47.28774",NA,NA,NA,NA,NA,NA,NA,NA,NA,"143","-11.58580","47.28159","144","-11.57386","47.27933",0.2,"Marco Andrello","megafauna",NA,"47.28774","-11.56503"
"210","SPY190575","MOI37",2,"21/04/2019","glorieuse_distance_100m","glorieuse","Iles_Eparses","France","megafauna","transect","transect_aller_retour","13:05","13:35","30",30,"0",NA,NA,"marine","142","-11.56503","47.28774",NA,NA,NA,NA,NA,NA,NA,NA,NA,"143","-11.58580","47.28159","144","-11.57386","47.27933",0.2,"Marco Andrello","megafauna",NA,"47.28774","-11.56503"
"211","SPY190563","MOI38",1,"21/04/2019","glorieuse_distance_300m","glorieuse","Iles_Eparses","France","megafauna","transect","transect_aller_retour","14:00","14:30","30",30,"0",NA,NA,"marine","145","-11.56269","47.28501",NA,NA,NA,NA,NA,NA,NA,NA,NA,"146","-11.58661","47.27867","147","-11.57662","47.27588",0.2,"Marco Andrello","megafauna","Le Marion Dufresne était entre le transect MOI37 et le MOI38.","47.28501","-11.56269"
"212","SPY190553","MOI38",2,"21/04/2019","glorieuse_distance_300m","glorieuse","Iles_Eparses","France","megafauna","transect","transect_aller_retour","14:00","14:30","30",30,"0",NA,NA,"marine","145","-11.56269","47.28501",NA,NA,NA,NA,NA,NA,NA,NA,NA,"146","-11.58661","47.27867","147","-11.57662","47.27588",0.2,"Marco Andrello","megafauna",NA,"47.28501","-11.56269"
"225","SPY190578","MOI51",1,"28/04/2019","tromelin_distance_0m","tromelin","Iles_Eparses","France","megafauna","transect","transect_aller_retour","09:25","09:55","30",30,"0",NA,NA,"marine","132","-15.89278","54.51736",NA,NA,NA,NA,NA,NA,NA,NA,NA,"133","-15.882756","54.509334","134","-15.88345","54.50957",0.2,"Marco Andrello","megafauna",NA,"54.51736","-15.89278"
"226","SPY190588","MOI51",2,"28/04/2019","tromelin_distance_0m","tromelin","Iles_Eparses","France","megafauna","transect","transect_aller_retour","09:25","09:55","30",30,"0",NA,NA,"marine","132","-15.89278","54.51736",NA,NA,NA,NA,NA,NA,NA,NA,NA,"133","-15.882756","54.509334","134","-15.88345","54.50957",0.2,"Marco Andrello","megafauna","le capuchon blanc du filtre a sauté, on l'a remplacé par le capuchon d'un autre filtre","54.51736","-15.89278"
"227","SPY190592","MOI52",1,"28/04/2019","tromelin_distance_50m","tromelin","Iles_Eparses","France","megafauna","transect","transect_aller_retour","10:15","10:45","30",30,"0",NA,NA,"marine","135","-15.89311","54.51689",NA,NA,NA,NA,NA,NA,NA,NA,NA,NA,NA,NA,"136","-15.88494","54.50617 ",0.2,"Marco Andrello","megafauna","rain","54.51689","-15.89311"
"228","SPY190593","MOI52",2,"28/04/2019","tromelin_distance_50m","tromelin","Iles_Eparses","France","megafauna","transect","transect_aller_retour","10:15","10:45","30",30,"0",NA,NA,"marine","135","-15.89311","54.51689",NA,NA,NA,NA,NA,NA,NA,NA,NA,NA,NA,NA,"136","-15.88494","54.50617 ",0.2,"Marco Andrello","megafauna","rain","54.51689","-15.89311"
"229","SPY190567","MOI53",1,"28/04/2019","tromelin_distance_100m","tromelin","Iles_Eparses","France","megafauna","transect","transect_aller_retour","11:00","11:30","30",30,"0",NA,NA,"marine","137","-15.89239","54.51390",NA,NA,NA,NA,NA,NA,NA,NA,NA,"138","-15.88375","54.50290","139","-15.89176"," 54.50872",0.2,"Marco Andrello","megafauna","rain","54.51390","-15.89239"
"230","SPY190557","MOI53",2,"28/04/2019","tromelin_distance_100m","tromelin","Iles_Eparses","France","megafauna","transect","transect_aller_retour","11:00","11:30","30",30,"0",NA,NA,"marine","137","-15.89239","54.51390",NA,NA,NA,NA,NA,NA,NA,NA,NA,"138","-15.88375","54.50290","139","-15.89176"," 54.50872",0.2,"Marco Andrello","megafauna","rain","54.51390","-15.89239"
"420","SPY181060","LENG002",1,"17/10/2017","LENG002","nusa_ulan","West_Papua","Indonesia","lengguru","point","bag_underwater","15:30",NA,NA,2,"0",29.5,NA,"marine",NA,"-04.11588","132.97463",NA,NA,NA,NA,NA,NA,NA,NA,NA,NA,NA,NA,NA,NA,NA,0.22,"JB Juhel",NA,NA,"132.97463","-04.11588"
"421","SPY181049","LENG002",2,"17/10/2017","LENG002","nusa_ulan","West_Papua","Indonesia","lengguru","point","bag_underwater","15:30",NA,NA,2,"0",29.5,NA,"marine",NA,"-04.11588","132.97463",NA,NA,NA,NA,NA,NA,NA,NA,NA,NA,NA,NA,NA,NA,NA,0.22,"JB Juhel",NA,NA,"132.97463","-04.11588"
"422","SPY181059","LENG003",1,"18/10/2017","LENG003","nusa_ulan","West_Papua","Indonesia","lengguru","point","bag_underwater","12:00",NA,NA,2,"39",29.5,NA,"marine",NA,"-04.11785","133.01915",NA,NA,NA,NA,NA,NA,NA,NA,NA,NA,NA,NA,NA,NA,NA,0.22,"JB Juhel",NA,NA,"133.01915","-04.11785"
"423","SPY180180","LENG003",2,"18/10/2017","LENG003","nusa_ulan","West_Papua","Indonesia","lengguru","point","bag_underwater","12:00",NA,NA,1.7,"39",29.5,NA,"marine",NA,"-04.11785","133.01915",NA,NA,NA,NA,NA,NA,NA,NA,NA,NA,NA,NA,NA,NA,NA,0.22,"JB Juhel",NA,"Buffer does not cover all  the filter","133.01915","-04.11785"
"424","SPY181021","LENG004",1,"18/10/2017","LENG004","nusa_ulan","West_Papua","Indonesia","lengguru","point","bag_underwater","12:15",NA,NA,2,"0",30,NA,"marine",NA,"-04.11746","133.02032",NA,NA,NA,NA,NA,NA,NA,NA,NA,NA,NA,NA,NA,NA,NA,0.22,"JB Juhel",NA,NA,"133.02032","-04.11746"
"425","SPY181047","LENG004",2,"18/10/2017","LENG004","nusa_ulan","West_Papua","Indonesia","lengguru","point","bag_underwater","12:15",NA,NA,2,"0",30,NA,"marine",NA,"-04.11746","133.02032",NA,NA,NA,NA,NA,NA,NA,NA,NA,NA,NA,NA,NA,NA,NA,0.22,"JB Juhel",NA,NA,"133.02032","-04.11746"
"426","SPY181020","LENG005",1,"18/10/2017","LENG005","nusa_ulan","West_Papua","Indonesia","lengguru","point","bag_underwater","17:00",NA,NA,2,"0",30,NA,"marine",NA,"-04.06037","133.05912",NA,NA,NA,NA,NA,NA,NA,NA,NA,NA,NA,NA,NA,NA,NA,0.22,"JB Juhel",NA,"River estuary (saltwater)","133.05912","-04.06037"
"427","SPY181017","LENG005",2,"18/10/2017","LENG005","nusa_ulan","West_Papua","Indonesia","lengguru","point","bag_underwater","17:00",NA,NA,2,"0",30,NA,"marine",NA,"-04.06037","133.05912",NA,NA,NA,NA,NA,NA,NA,NA,NA,NA,NA,NA,NA,NA,NA,0.22,"JB Juhel",NA,"River estuary (saltwater)","133.05912","-04.06037"
"428","SPY181018","LENG006",1,"19/10/2017","LENG006","nusa_ulan","West_Papua","Indonesia","lengguru","point","bag_underwater","07:00",NA,NA,2,"0",30,NA,"marine",NA,"-04.11746","133.02032",NA,NA,NA,NA,NA,NA,NA,NA,NA,NA,NA,NA,NA,NA,NA,0.22,"JB Juhel",NA,"Replicate LENG004 - 2h before filtration","133.02032","-04.11746"
"429","SPY181022","LENG006",2,"19/10/2017","LENG006","nusa_ulan","West_Papua","Indonesia","lengguru","point","bag_underwater","07:00",NA,NA,2,"0",30,NA,"marine",NA,"-04.11746","133.02032",NA,NA,NA,NA,NA,NA,NA,NA,NA,NA,NA,NA,NA,NA,NA,0.22,"JB Juhel",NA,"Replicate LENG004 - 2h before filtration","133.02032","-04.11746"
"430","SPY181026","LENG007",1,"20/10/2017","LENG007","nusa_ulan","West_Papua","Indonesia","lengguru","point","bag_underwater","10:15",NA,NA,2,"0",30.8,NA,"marine",NA,"-04.12453","132.97571",NA,NA,NA,NA,NA,NA,NA,NA,NA,NA,NA,NA,NA,NA,NA,0.22,"JB Juhel",NA,NA,"132.97571","-04.12453"
"431","SPY181019","LENG007",2,"20/10/2017","LENG007","nusa_ulan","West_Papua","Indonesia","lengguru","point","bag_underwater","10:15",NA,NA,2,"0",30.8,NA,"marine",NA,"-04.12453","132.97571",NA,NA,NA,NA,NA,NA,NA,NA,NA,NA,NA,NA,NA,NA,NA,0.22,"JB Juhel",NA,NA,"132.97571","-04.12453"
"432","SPY181028","LENG008",1,"21/10/2017","LENG008","nusa_ulan","West_Papua","Indonesia","lengguru","point","bag_underwater","09:10",NA,NA,2,"100",26.5,NA,"marine",NA,"-04.13307","132.97514",NA,NA,NA,NA,NA,NA,NA,NA,NA,NA,NA,NA,NA,NA,NA,0.22,"JB Juhel",NA,NA,"132.97514","-04.13307"
"433","SPY181015","LENG008",2,"21/10/2017","LENG008","nusa_ulan","West_Papua","Indonesia","lengguru","point","bag_underwater","09:10",NA,NA,2,"100",26.5,NA,"marine",NA,"-04.13307","132.97514",NA,NA,NA,NA,NA,NA,NA,NA,NA,NA,NA,NA,NA,NA,NA,0.22,"JB Juhel",NA,NA,"132.97514","-04.13307"
"434","SPY181027","LENG009",1,"21/10/2017","LENG009","nusa_ulan","West_Papua","Indonesia","lengguru","point","bag_underwater","15:00",NA,NA,2,"30",29.2,NA,"marine",NA,"-04.13307","132.97514",NA,NA,NA,NA,NA,NA,NA,NA,NA,NA,NA,NA,NA,NA,NA,0.22,"JB Juhel",NA,"LENG007-8-9-10 same point, different depth","132.97514","-04.13307"
"435","SPY181023","LENG009",2,"21/10/2017","LENG009","nusa_ulan","West_Papua","Indonesia","lengguru","point","bag_underwater","15:00",NA,NA,2,"30",29.2,NA,"marine",NA,"-04.13307","132.97514",NA,NA,NA,NA,NA,NA,NA,NA,NA,NA,NA,NA,NA,NA,NA,0.22,"JB Juhel",NA,NA,"132.97514","-04.13307"
"436","SPY181016","LENG010",1,"24/10/2017","LENG010","nusa_ulan","West_Papua","Indonesia","lengguru","point","bag_underwater","10:30",NA,NA,2,"193",16.1,NA,"marine",NA,"-04.13565","132.97421",NA,NA,NA,NA,NA,NA,NA,NA,NA,NA,NA,NA,NA,NA,NA,0.22,"JB Juhel",NA,"sampling with niskin bottle","132.97421","-04.13565"
"437","SPY181014","LENG010",2,"24/10/2017","LENG010","nusa_ulan","West_Papua","Indonesia","lengguru","point","bag_underwater","10:30",NA,NA,1.3,"200",15.2,NA,"marine",NA,"-04.13565","132.97421",NA,NA,NA,NA,NA,NA,NA,NA,NA,NA,NA,NA,NA,NA,NA,0.22,"JB Juhel",NA,"LENG10 under thermocline","132.97421","-04.13565"
"438","SPY181025","LENG011",1,"24/10/2017","LENG011","nusa_ulan","West_Papua","Indonesia","lengguru","point","bag_underwater","16:00",NA,NA,2,"31",NA,NA,"marine",NA,"-04.12602","132.97690",NA,NA,NA,NA,NA,NA,NA,NA,NA,NA,NA,NA,NA,NA,NA,0.22,"JB Juhel",NA,NA,"132.97690","-04.12602"
"439","SPY181024","LENG011",2,"24/10/2017","LENG011","nusa_ulan","West_Papua","Indonesia","lengguru","point","bag_underwater","16:00",NA,NA,2,"31",NA,NA,"marine",NA,"-04.12602","132.97690",NA,NA,NA,NA,NA,NA,NA,NA,NA,NA,NA,NA,NA,NA,NA,0.22,"JB Juhel",NA,NA,"132.97690","-04.12602"
"440","SPY181012","LENG012",1,"25/10/2017","LENG012","nusa_ulan","West_Papua","Indonesia","lengguru","point","bag_underwater","10:00",NA,NA,2,"35",NA,NA,"marine",NA,"-04.08471","132.91273",NA,NA,NA,NA,NA,NA,NA,NA,NA,NA,NA,NA,NA,NA,NA,0.22,"JB Juhel",NA,NA,"132.91273","-04.08471"
"441","SPY181013","LENG012",2,"25/10/2017","LENG012","nusa_ulan","West_Papua","Indonesia","lengguru","point","bag_underwater","10:00",NA,NA,1.9,"35",NA,NA,"marine",NA,"-04.08471","132.91273",NA,NA,NA,NA,NA,NA,NA,NA,NA,NA,NA,NA,NA,NA,NA,0.22,"JB Juhel",NA,NA,"132.91273","-04.08471"
"442","SPY180181","LENG013",1,"26/10/2017","LENG013","pulau_venu","West_Papua","Indonesia","lengguru","point","bag_underwater","10:00",NA,NA,2,"0",NA,NA,"marine",NA,"-04.32327","133.50134",NA,NA,NA,NA,NA,NA,NA,NA,NA,NA,NA,NA,NA,NA,NA,0.22,"JB Juhel",NA,NA,"133.50134","-04.32327"
"443","SPY180182","LENG013",2,"26/10/2017","LENG013","pulau_venu","West_Papua","Indonesia","lengguru","point","bag_underwater","10:00",NA,NA,2,"0",NA,NA,"marine",NA,"-04.32327","133.50134",NA,NA,NA,NA,NA,NA,NA,NA,NA,NA,NA,NA,NA,NA,NA,0.22,"JB Juhel",NA,NA,"133.50134","-04.32327"
"444","SPY181057","LENG014",1,"26/10/2017","LENG014","pulau_venu","West_Papua","Indonesia","lengguru","point","bag_underwater","15:00",NA,NA,2,"27",NA,NA,"marine",NA,"-04.32135","133.49826",NA,NA,NA,NA,NA,NA,NA,NA,NA,NA,NA,NA,NA,NA,NA,0.22,"JB Juhel",NA,NA,"133.49826","-04.32135"
"445","SPY181044","LENG014",2,"26/10/2017","LENG014","pulau_venu","West_Papua","Indonesia","lengguru","point","bag_underwater","15:00",NA,NA,2,"27",NA,NA,"marine",NA,"-04.32135","133.49826",NA,NA,NA,NA,NA,NA,NA,NA,NA,NA,NA,NA,NA,NA,NA,0.22,"JB Juhel",NA,NA,"133.49826","-04.32135"
"446","SPY180183","LENG015",1,"27/10/2017","LENG015","pulau_venu","West_Papua","Indonesia","lengguru","point","bag_underwater","09:15",NA,NA,2,"0",29.3,NA,"marine",NA,"-04.32225","133.49443",NA,NA,NA,NA,NA,NA,NA,NA,NA,NA,NA,NA,NA,NA,NA,0.22,"JB Juhel",NA,NA,"133.49443","-04.32225"
"447","SPY180184","LENG015",2,"27/10/2017","LENG015","pulau_venu","West_Papua","Indonesia","lengguru","point","bag_underwater","09:15",NA,NA,2,"0",29.3,NA,"marine",NA,"-04.32225","133.49443",NA,NA,NA,NA,NA,NA,NA,NA,NA,NA,NA,NA,NA,NA,NA,0.22,"JB Juhel",NA,NA,"133.49443","-04.32225"
"448","SPY180984","LENG016",1,"27/10/2017","LENG016","pulau_venu","West_Papua","Indonesia","lengguru","point","bag_underwater","09:30",NA,NA,2,"30",NA,NA,"marine",NA,"-04.33406","133.50023",NA,NA,NA,NA,NA,NA,NA,NA,NA,NA,NA,NA,NA,NA,NA,0.22,"JB Juhel",NA,NA,"133.50023","-04.33406"
"449","SPY180970","LENG016",2,"27/10/2017","LENG016","pulau_venu","West_Papua","Indonesia","lengguru","point","bag_underwater","09:30",NA,NA,1.6,"30",NA,NA,"marine",NA,"-04.33406","133.50023",NA,NA,NA,NA,NA,NA,NA,NA,NA,NA,NA,NA,NA,NA,NA,0.22,"JB Juhel",NA,NA,"133.50023","-04.33406"
"450","SPY181050","LENG017",1,"27/10/2017","LENG017","pulau_venu","West_Papua","Indonesia","lengguru","point","bag_underwater","17:00",NA,NA,2,"140",NA,NA,"marine",NA,"-04.33682","133.48660",NA,NA,NA,NA,NA,NA,NA,NA,NA,NA,NA,NA,NA,NA,NA,0.22,"JB Juhel",NA,NA,"133.48660","-04.33682"
"451","SPY181052","LENG017",2,"27/10/2017","LENG017","pulau_venu","West_Papua","Indonesia","lengguru","point","bag_underwater","17:00",NA,NA,2,"150",NA,NA,"marine",NA,"-04.33682","133.48660",NA,NA,NA,NA,NA,NA,NA,NA,NA,NA,NA,NA,NA,NA,NA,0.22,"JB Juhel",NA,NA,"133.48660","-04.33682"
"452","SPY181056","LENG018",1,"31/10/2017","LENG018","triton_bay","West_Papua","Indonesia","lengguru","point","bag_underwater","16:30",NA,NA,2,"80",NA,NA,"marine",NA,"-03.90609","134.03523",NA,NA,NA,NA,NA,NA,NA,NA,NA,NA,NA,NA,NA,NA,NA,0.22,"JB Juhel",NA,NA,"134.03523","-03.90609"
"453","SPY180971","LENG018",2,"31/10/2017","LENG018","triton_bay","West_Papua","Indonesia","lengguru","point","bag_underwater","16:30",NA,NA,2,"80",NA,NA,"marine",NA,"-03.90609","134.03523",NA,NA,NA,NA,NA,NA,NA,NA,NA,NA,NA,NA,NA,NA,NA,0.22,"JB Juhel",NA,NA,"134.03523","-03.90609"
"454","SPY180991","LENG019",1,"31/10/2017","LENG019","triton_bay","West_Papua","Indonesia","lengguru","point","bag_underwater","17:00",NA,NA,2,"0",NA,NA,"marine",NA,"-03.90622","134.03543",NA,NA,NA,NA,NA,NA,NA,NA,NA,NA,NA,NA,NA,NA,NA,0.22,"JB Juhel",NA,NA,"134.03543","-03.90622"
"455","SPY181040","LENG019",2,"31/10/2017","LENG019","triton_bay","West_Papua","Indonesia","lengguru","point","bag_underwater","17:00",NA,NA,2,"0",NA,NA,"marine",NA,"-03.90622","134.03543",NA,NA,NA,NA,NA,NA,NA,NA,NA,NA,NA,NA,NA,NA,NA,0.22,"JB Juhel",NA,NA,"134.03543","-03.90622"
"456","SPY180185","LENG020",1,"01/11/2017","LENG020","triton_bay","West_Papua","Indonesia","lengguru","point","bag_underwater","09:50",NA,NA,2,"0",NA,NA,"marine",NA,"-03.90981","134.07770",NA,NA,NA,NA,NA,NA,NA,NA,NA,NA,NA,NA,NA,NA,NA,0.22,"JB Juhel",NA,NA,"134.07770","-03.90981"
"457","SPY180186","LENG020",2,"01/11/2017","LENG020","triton_bay","West_Papua","Indonesia","lengguru","point","bag_underwater","09:50",NA,NA,1.9,"0",NA,NA,"marine",NA,"-03.90981","134.07770",NA,NA,NA,NA,NA,NA,NA,NA,NA,NA,NA,NA,NA,NA,NA,0.22,"JB Juhel",NA,NA,"134.07770","-03.90981"
"458","SPY180990","LENG021",1,"01/11/2017","LENG021","triton_bay","West_Papua","Indonesia","lengguru","point","bag_underwater","10:30",NA,NA,2,"80",NA,NA,"marine",NA,"-03.90956","134.07967",NA,NA,NA,NA,NA,NA,NA,NA,NA,NA,NA,NA,NA,NA,NA,0.22,"JB Juhel",NA,NA,"134.07967","-03.90956"
"459","SPY181008","LENG021",2,"01/11/2017","LENG021","triton_bay","West_Papua","Indonesia","lengguru","point","bag_underwater","10:30",NA,NA,2,"80",NA,NA,"marine",NA,"-03.90956","134.07967",NA,NA,NA,NA,NA,NA,NA,NA,NA,NA,NA,NA,NA,NA,NA,0.22,"JB Juhel",NA,NA,"134.07967","-03.90956"
"460","SPY181054","LENG022",1,"01/11/2017","LENG022","triton_bay","West_Papua","Indonesia","lengguru","point","bag_underwater","10:30",NA,NA,2,"25",NA,NA,"marine",NA,"-03.90956","134.07967",NA,NA,NA,NA,NA,NA,NA,NA,NA,NA,NA,NA,NA,NA,NA,0.22,"JB Juhel",NA,NA,"134.07967","-03.90956"
"461","SPY180992","LENG022",2,"01/11/2017","LENG022","triton_bay","West_Papua","Indonesia","lengguru","point","bag_underwater","10:30",NA,NA,2,"25",NA,NA,"marine",NA,"-03.90956","134.07967",NA,NA,NA,NA,NA,NA,NA,NA,NA,NA,NA,NA,NA,NA,NA,0.22,"JB Juhel",NA,NA,"134.07967","-03.90956"
"464","SPY181053","LENG024",1,"03/11/2017","LENG024","triton_bay","West_Papua","Indonesia","lengguru","point","bag_underwater","17:30",NA,NA,2,"70",NA,NA,"marine",NA,"-03.79458","134.12033",NA,NA,NA,NA,NA,NA,NA,NA,NA,NA,NA,NA,NA,NA,NA,0.22,"JB Juhel",NA,NA,"134.12033","-03.79458"
"465","SPY180988","LENG024",2,"03/11/2017","LENG024","triton_bay","West_Papua","Indonesia","lengguru","point","bag_underwater","17:30",NA,NA,2,"70",NA,NA,"marine",NA,"-03.79458","134.12033",NA,NA,NA,NA,NA,NA,NA,NA,NA,NA,NA,NA,NA,NA,NA,0.22,"JB Juhel",NA,NA,"134.12033","-03.79458"
"466","SPY181055","LENG025",1,"03/11/2017","LENG025","triton_bay","West_Papua","Indonesia","lengguru","point","bag_underwater","18:00",NA,NA,2,"0",NA,NA,"marine",NA,"-03.79458","134.12033",NA,NA,NA,NA,NA,NA,NA,NA,NA,NA,NA,NA,NA,NA,NA,0.22,"JB Juhel",NA,NA,"134.12033","-03.79458"
"467","SPY180975","LENG025",2,"03/11/2017","LENG025","triton_bay","West_Papua","Indonesia","lengguru","point","bag_underwater","18:00",NA,NA,2,"0",NA,NA,"marine",NA,"-03.79458","134.12033",NA,NA,NA,NA,NA,NA,NA,NA,NA,NA,NA,NA,NA,NA,NA,0.22,"JB Juhel",NA,NA,"134.12033","-03.79458"
"470","SPY180981","LENG027",1,"04/11/2017","LENG027","lobo","West_Papua","Indonesia","lengguru","point","bag_underwater","09:00",NA,NA,2,"0",NA,NA,"marine",NA,"-03.77903","134.16254",NA,NA,NA,NA,NA,NA,NA,NA,NA,NA,NA,NA,NA,NA,NA,0.22,"JB Juhel",NA,NA,"134.16254","-03.77903"
"471","SPY181046","LENG027",2,"04/11/2017","LENG027","lobo","West_Papua","Indonesia","lengguru","point","bag_underwater","09:00",NA,NA,2,"0",NA,NA,"marine",NA,"-03.77903","134.16254",NA,NA,NA,NA,NA,NA,NA,NA,NA,NA,NA,NA,NA,NA,NA,0.22,"JB Juhel",NA,NA,"134.16254","-03.77903"
"472","SPY181041","LENG028",1,"04/11/2017","LENG028","lobo","West_Papua","Indonesia","lengguru","point","bag_underwater","09:00",NA,NA,2,"50",NA,NA,"marine",NA,"-03.83190","134.09264",NA,NA,NA,NA,NA,NA,NA,NA,NA,NA,NA,NA,NA,NA,NA,0.22,"JB Juhel",NA,NA,"134.09264","-03.83190"
"473","SPY180989","LENG028",2,"04/11/2017","LENG028","lobo","West_Papua","Indonesia","lengguru","point","bag_underwater","09:00",NA,NA,2,"50",NA,NA,"marine",NA,"-03.83190","134.09264",NA,NA,NA,NA,NA,NA,NA,NA,NA,NA,NA,NA,NA,NA,NA,0.22,"JB Juhel",NA,NA,"134.09264","-03.83190"
"474","SPY180999","LENG029",1,"04/11/2017","LENG029","lobo","West_Papua","Indonesia","lengguru","point","bag_underwater","12:00",NA,NA,2,"0",NA,NA,"marine",NA,"-03.83190","134.09264",NA,NA,NA,NA,NA,NA,NA,NA,NA,NA,NA,NA,NA,NA,NA,0.22,"JB Juhel",NA,NA,"134.09264","-03.83190"
"475","SPY180993","LENG029",2,"04/11/2017","LENG029","lobo","West_Papua","Indonesia","lengguru","point","bag_underwater","12:00",NA,NA,2,"0",NA,NA,"marine",NA,"-03.83190","134.09264",NA,NA,NA,NA,NA,NA,NA,NA,NA,NA,NA,NA,NA,NA,NA,0.22,"JB Juhel",NA,NA,"134.09264","-03.83190"
"476","SPY181033","LENG030",1,"07/11/2017","LENG030","pulau_aiduma","West_Papua","Indonesia","lengguru","point","bag_underwater","09:45",NA,NA,2,"0",NA,NA,"marine",NA,"-04.01173","134.20171",NA,NA,NA,NA,NA,NA,NA,NA,NA,NA,NA,NA,NA,NA,NA,0.22,"JB Juhel",NA,NA,"134.20171","-04.01173"
"477","SPY181031","LENG030",2,"07/11/2017","LENG030","pulau_aiduma","West_Papua","Indonesia","lengguru","point","bag_underwater","09:45",NA,NA,2,"0",NA,NA,"marine",NA,"-04.01173","134.20171",NA,NA,NA,NA,NA,NA,NA,NA,NA,NA,NA,NA,NA,NA,NA,0.22,"JB Juhel",NA,NA,"134.20171","-04.01173"
"478","SPY181061","LENG031",1,"07/11/2017","LENG031","pulau_aiduma","West_Papua","Indonesia","lengguru","point","bag_underwater","11:00",NA,NA,2,"93",NA,NA,"marine",NA,"-04.01173","134.20171",NA,NA,NA,NA,NA,NA,NA,NA,NA,NA,NA,NA,NA,NA,NA,0.22,"JB Juhel",NA,NA,"134.20171","-04.01173"
"479","SPY181051","LENG031",2,"07/11/2017","LENG031","pulau_aiduma","West_Papua","Indonesia","lengguru","point","bag_underwater","11:00",NA,NA,2,"93",NA,NA,"marine",NA,"-04.01173","134.20171",NA,NA,NA,NA,NA,NA,NA,NA,NA,NA,NA,NA,NA,NA,NA,0.22,"JB Juhel",NA,NA,"134.20171","-04.01173"
"480","SPY181064","LENG032",1,"07/11/2017","LENG032","pulau_aiduma","West_Papua","Indonesia","lengguru","point","bag_underwater","11:00",NA,NA,2,"25",NA,NA,"marine",NA,"-04.01173","134.20171",NA,NA,NA,NA,NA,NA,NA,NA,NA,NA,NA,NA,NA,NA,NA,0.22,"JB Juhel",NA,NA,"134.20171","-04.01173"
"481","SPY180986","LENG032",2,"07/11/2017","LENG032","pulau_aiduma","West_Papua","Indonesia","lengguru","point","bag_underwater","11:00",NA,NA,2,"25",NA,NA,"marine",NA,"-04.01173","134.20171",NA,NA,NA,NA,NA,NA,NA,NA,NA,NA,NA,NA,NA,NA,NA,0.22,"JB Juhel",NA,NA,"134.20171","-04.01173"
"482","SPY181048","LENG033",1,"08/11/2017","LENG033","tanjung_boi","West_Papua","Indonesia","lengguru","point","bag_underwater","10:45",NA,NA,2,"0",NA,NA,"marine",NA,"-04.03573","134.48901",NA,NA,NA,NA,NA,NA,NA,NA,NA,NA,NA,NA,NA,NA,NA,0.22,"JB Juhel",NA,NA,"134.48901","-04.03573"
"483","SPY181006","LENG033",2,"08/11/2017","LENG033","tanjung_boi","West_Papua","Indonesia","lengguru","point","bag_underwater","10:45",NA,NA,2,"0",NA,NA,"marine",NA,"-04.03573","134.48901",NA,NA,NA,NA,NA,NA,NA,NA,NA,NA,NA,NA,NA,NA,NA,0.22,"JB Juhel",NA,NA,"134.48901","-04.03573"
"484","SPY180982","LENG034",1,"08/11/2017","LENG034","tanjung_boi","West_Papua","Indonesia","lengguru","point","bag_underwater","12:30",NA,NA,2,"80",NA,NA,"marine",NA,"-04.03573","134.48901",NA,NA,NA,NA,NA,NA,NA,NA,NA,NA,NA,NA,NA,NA,NA,0.22,"JB Juhel",NA,NA,"134.48901","-04.03573"
"485","SPY181038","LENG034",2,"08/11/2017","LENG034","tanjung_boi","West_Papua","Indonesia","lengguru","point","bag_underwater","12:30",NA,NA,2,"80",NA,NA,"marine",NA,"-04.03573","134.48901",NA,NA,NA,NA,NA,NA,NA,NA,NA,NA,NA,NA,NA,NA,NA,0.22,"JB Juhel",NA,NA,"134.48901","-04.03573"
"486","SPY180985","LENG035",1,"08/11/2017","LENG035","tanjung_boi","West_Papua","Indonesia","lengguru","point","bag_underwater","12:30",NA,NA,2,"33",NA,NA,"marine",NA,"-04.03573","134.48901",NA,NA,NA,NA,NA,NA,NA,NA,NA,NA,NA,NA,NA,NA,NA,0.22,"JB Juhel",NA,NA,"134.48901","-04.03573"
"487","SPY181035","LENG035",2,"08/11/2017","LENG035","tanjung_boi","West_Papua","Indonesia","lengguru","point","bag_underwater","12:30",NA,NA,2,"33",NA,NA,"marine",NA,"-04.03573","134.48901",NA,NA,NA,NA,NA,NA,NA,NA,NA,NA,NA,NA,NA,NA,NA,0.22,"JB Juhel",NA,NA,"134.48901","-04.03573"
"490","SPY181062","LENG037",1,"09/11/2017","LENG037","pulau_aiduma_ext","West_Papua","Indonesia","lengguru","point","bag_underwater","14:50",NA,NA,2,"0",NA,NA,"marine",NA,"-04.03521","134.28719",NA,NA,NA,NA,NA,NA,NA,NA,NA,NA,NA,NA,NA,NA,NA,0.22,"JB Juhel",NA,NA,"134.28719","-04.03521"
"491","SPY181063","LENG037",2,"09/11/2017","LENG037","pulau_aiduma_ext","West_Papua","Indonesia","lengguru","point","bag_underwater","14:50",NA,NA,2,"0",NA,NA,"marine",NA,"-04.03521","134.28719",NA,NA,NA,NA,NA,NA,NA,NA,NA,NA,NA,NA,NA,NA,NA,0.22,"JB Juhel",NA,NA,"134.28719","-04.03521"
"492","SPY181011","LENG038",1,"09/11/2017","LENG038","pulau_aiduma_ext","West_Papua","Indonesia","lengguru","point","bag_underwater","15:30",NA,NA,2,"70",NA,NA,"marine",NA,"-04.03521","134.28719",NA,NA,NA,NA,NA,NA,NA,NA,NA,NA,NA,NA,NA,NA,NA,0.22,"JB Juhel",NA,NA,"134.28719","-04.03521"
"493","SPY181058","LENG038",2,"09/11/2017","LENG038","pulau_aiduma_ext","West_Papua","Indonesia","lengguru","point","bag_underwater","15:30",NA,NA,2,"70",NA,NA,"marine",NA,"-04.03521","134.28719",NA,NA,NA,NA,NA,NA,NA,NA,NA,NA,NA,NA,NA,NA,NA,0.22,"JB Juhel",NA,NA,"134.28719","-04.03521"
"494","SPY181002","LENG039",1,"09/11/2017","LENG039","pulau_aiduma_ext","West_Papua","Indonesia","lengguru","point","bag_underwater","15:30",NA,NA,2,"31",NA,NA,"marine",NA,"-04.03521","134.28719",NA,NA,NA,NA,NA,NA,NA,NA,NA,NA,NA,NA,NA,NA,NA,0.22,"JB Juhel",NA,NA,"134.28719","-04.03521"
"495","SPY181043","LENG039",2,"09/11/2017","LENG039","pulau_aiduma_ext","West_Papua","Indonesia","lengguru","point","bag_underwater","15:30",NA,NA,2,"31",NA,NA,"marine",NA,"-04.03521","134.28719",NA,NA,NA,NA,NA,NA,NA,NA,NA,NA,NA,NA,NA,NA,NA,0.22,"JB Juhel",NA,NA,"134.28719","-04.03521"
"504","SPY181003","LENG045",1,"14/11/2017","LENG045","kitikiti","West_Papua","Indonesia","lengguru","point","bag_underwater","11:50",NA,NA,2,"0",NA,NA,"marine",NA,"-03.93609","132.80188",NA,NA,NA,NA,NA,NA,NA,NA,NA,NA,NA,NA,NA,NA,NA,0.22,"JB Juhel",NA,NA,"132.80188","-03.93609"
"505","SPY181045","LENG045",1,"14/11/2017","LENG045","kitikiti","West_Papua","Indonesia","lengguru","point","bag_underwater","11:50",NA,NA,2,"0",NA,NA,"marine",NA,"-03.93609","132.80188",NA,NA,NA,NA,NA,NA,NA,NA,NA,NA,NA,NA,NA,NA,NA,0.22,"JB Juhel",NA,NA,"132.80188","-03.93609"
"506","SPY180974","LENG046",2,"14/11/2017","LENG046","kitikiti","West_Papua","Indonesia","lengguru","point","bag_underwater","12:30",NA,NA,2,"70",NA,NA,"marine",NA,"-03.93609","132.80188",NA,NA,NA,NA,NA,NA,NA,NA,NA,NA,NA,NA,NA,NA,NA,0.22,"JB Juhel",NA,NA,"132.80188","-03.93609"
"507","SPY180187","LENG046",1,"14/11/2017","LENG046","kitikiti","West_Papua","Indonesia","lengguru","point","bag_underwater","12:30",NA,NA,1.1,"70",NA,NA,"marine",NA,"-03.93609","132.80188",NA,NA,NA,NA,NA,NA,NA,NA,NA,NA,NA,NA,NA,NA,NA,0.22,"JB Juhel",NA,NA,"132.80188","-03.93609"
"508","SPY180976","LENG046",3,"15/11/2017","LENG046","kitikiti","West_Papua","Indonesia","lengguru","point","bag_underwater","11:20",NA,NA,2,"70",NA,NA,"marine",NA,"-03.93609","132.80188",NA,NA,NA,NA,NA,NA,NA,NA,NA,NA,NA,NA,NA,NA,NA,0.22,"JB Juhel",NA,"replicate LENG046 done the day after to complete the missing volume","132.80188","-03.93609"
"509","SPY181001","LENG047",1,"14/11/2017","LENG047","kitikiti","West_Papua","Indonesia","lengguru","point","bag_underwater","13:00",NA,NA,2,"30",NA,NA,"marine",NA,"-03.93609","132.80188",NA,NA,NA,NA,NA,NA,NA,NA,NA,NA,NA,NA,NA,NA,NA,0.22,"JB Juhel",NA,NA,"132.80188","-03.93609"
"510","SPY181010","LENG047",2,"14/11/2017","LENG047","kitikiti","West_Papua","Indonesia","lengguru","point","bag_underwater","13:00",NA,NA,2,"30",NA,NA,"marine",NA,"-03.93609","132.80188",NA,NA,NA,NA,NA,NA,NA,NA,NA,NA,NA,NA,NA,NA,NA,0.22,"JB Juhel",NA,NA,"132.80188","-03.93609"
"511","SPY180995","LENG048",1,"15/11/2017","LENG048","kitikiti","West_Papua","Indonesia","lengguru","point","bag_underwater","11:40",NA,NA,2,"120",NA,NA,"marine",NA,"-03.93424","132.78685",NA,NA,NA,NA,NA,NA,NA,NA,NA,NA,NA,NA,NA,NA,NA,0.22,"JB Juhel",NA,NA,"132.78685","-03.93424"
"513","SPY181042","LENG048",2,"15/11/2017","LENG048","kitikiti","West_Papua","Indonesia","lengguru","point","bag_underwater","11:40",NA,NA,2,"120",NA,NA,"marine",NA,"-03.93424","132.78685",NA,NA,NA,NA,NA,NA,NA,NA,NA,NA,NA,NA,NA,NA,NA,0.22,"JB Juhel",NA,NA,"132.78685","-03.93424"
"515","SPY180979","LENG049",1,"16/11/2017","LENG049","kitikiti","West_Papua","Indonesia","lengguru","point","bag_underwater","08:49",NA,NA,2,"270",NA,NA,"marine",NA,"-03.93543","132.76505",NA,NA,NA,NA,NA,NA,NA,NA,NA,NA,NA,NA,NA,NA,NA,0.22,"JB Juhel",NA,NA,"132.76505","-03.93543"
"516","SPY180996","LENG049",2,"16/11/2017","LENG049","kitikiti","West_Papua","Indonesia","lengguru","point","bag_underwater","08:49",NA,NA,2,"270",NA,NA,"marine",NA,"-03.93543","132.76505",NA,NA,NA,NA,NA,NA,NA,NA,NA,NA,NA,NA,NA,NA,NA,0.22,"JB Juhel",NA,NA,"132.76505","-03.93543"
"523","SPY181005","LENG053",1,"21/11/2017","LENG053","cap_west","West_Papua","Indonesia","lengguru","point","bag_underwater","13:55",NA,NA,2,"85",NA,NA,"marine",NA,"-02.99063","131.93184",NA,NA,NA,NA,NA,NA,NA,NA,NA,NA,NA,NA,NA,NA,NA,0.22,"JB Juhel",NA,"sampling from the Airaha","131.93184","-02.99063"
"524","SPY180973","LENG053",2,"21/11/2017","LENG053","cap_west","West_Papua","Indonesia","lengguru","point","bag_underwater","13:55",NA,NA,2,"85",NA,NA,"marine",NA,"-02.99063","131.93184",NA,NA,NA,NA,NA,NA,NA,NA,NA,NA,NA,NA,NA,NA,NA,0.22,"JB Juhel",NA,"sampling from the Airaha","131.93184","-02.99063"
"525","SPY181004","LENG054",1,"21/11/2017","LENG054","cap_west","West_Papua","Indonesia","lengguru","point","bag_underwater","14:30",NA,NA,2,"0",NA,NA,"marine",NA,"-03.00112","131.93817",NA,NA,NA,NA,NA,NA,NA,NA,NA,NA,NA,NA,NA,NA,NA,0.22,"JB Juhel",NA,NA,"131.93817","-03.00112"
"526","SPY181030","LENG054",2,"21/11/2017","LENG054","cap_west","West_Papua","Indonesia","lengguru","point","bag_underwater","14:30",NA,NA,2,"0",NA,NA,"marine",NA,"-03.00112","131.93817",NA,NA,NA,NA,NA,NA,NA,NA,NA,NA,NA,NA,NA,NA,NA,0.22,"JB Juhel",NA,NA,"131.93817","-03.00112"
"527","SPY180978","LENG055",1,"22/11/2017","LENG055","pulau_pisang","West_Papua","Indonesia","lengguru","point","bag_underwater","11:14",NA,NA,2,"0",NA,NA,"marine",NA,"-02.65144","131.60634",NA,NA,NA,NA,NA,NA,NA,NA,NA,NA,NA,NA,NA,NA,NA,0.22,"JB Juhel",NA,"divers in the area of sampling","131.60634","-02.65144"
"528","SPY180998","LENG055",2,"22/11/2017","LENG055","pulau_pisang","West_Papua","Indonesia","lengguru","point","bag_underwater","11:14",NA,NA,2,"0",NA,NA,"marine",NA,"-02.65144","131.60634",NA,NA,NA,NA,NA,NA,NA,NA,NA,NA,NA,NA,NA,NA,NA,0.22,"JB Juhel",NA,"divers in the area of sampling","131.60634","-02.65144"
"529","SPY180994","LENG056",1,"22/11/2017","LENG056","pulau_pisang","West_Papua","Indonesia","lengguru","point","bag_underwater","11:30",NA,NA,2,"30",NA,NA,"marine",NA,"-02.67144","131.59814",NA,NA,NA,NA,NA,NA,NA,NA,NA,NA,NA,NA,NA,NA,NA,0.22,"JB Juhel",NA,NA,"131.59814","-02.67144"
"530","SPY181032","LENG056",2,"22/11/2017","LENG056","pulau_pisang","West_Papua","Indonesia","lengguru","point","bag_underwater","11:30",NA,NA,2,"30",NA,NA,"marine",NA,"-02.67144","131.59814",NA,NA,NA,NA,NA,NA,NA,NA,NA,NA,NA,NA,NA,NA,NA,0.22,"JB Juhel",NA,NA,"131.59814","-02.67144"
"531","SPY181029","LENG057",1,"23/11/2017","LENG057","channel_sorong","West_Papua","Indonesia","lengguru","point","bag_underwater","10:45",NA,NA,2,"30",NA,NA,"marine",NA,"-00.95288","130.60258",NA,NA,NA,NA,NA,NA,NA,NA,NA,NA,NA,NA,NA,NA,NA,0.22,"JB Juhel",NA,"sampling from the Airaha","130.60258","-00.95288"
"532","SPY181034","LENG057",2,"23/11/2017","LENG057","channel_sorong","West_Papua","Indonesia","lengguru","point","bag_underwater","10:45",NA,NA,2,"30",NA,NA,"marine",NA,"-00.95288","130.60258",NA,NA,NA,NA,NA,NA,NA,NA,NA,NA,NA,NA,NA,NA,NA,0.22,"JB Juhel",NA,"sampling from the Airaha","130.60258","-00.95288"
"533","SPY180997","LENG058",1,"23/11/2017","LENG058","channel_sorong","West_Papua","Indonesia","lengguru","point","bag_underwater","11:00",NA,NA,2,"0",NA,NA,"marine",NA,"-00.95288","130.60258",NA,NA,NA,NA,NA,NA,NA,NA,NA,NA,NA,NA,NA,NA,NA,0.22,"JB Juhel",NA,"sampling from the Airaha","130.60258","-00.95288"
"534","SPY180977","LENG058",2,"23/11/2017","LENG058","channel_sorong","West_Papua","Indonesia","lengguru","point","bag_underwater","11:00",NA,NA,2,"0",NA,NA,"marine",NA,"-00.95288","130.60258",NA,NA,NA,NA,NA,NA,NA,NA,NA,NA,NA,NA,NA,NA,NA,0.22,"JB Juhel",NA,"sampling from the Airaha","130.60258","-00.95288"
