code_spygen;code_explo;rep;date;station;site;region;country;project;sample_type;sample_method;time_start;time_end;duration_min;volume;depth;temperature;turbidity;habitat;habitat_type;filter;data_manager;gps_owner;comment;longitude_start_clean;latitude_start_clean;dist_to_coast..m.;dist_to_CT
SPY181729;YPVD01;1;29/06/2018;margarita_south_west;providencia;Caribbean;Columbia;megafauna;transect;transect_aller_retour;14:07;14:45;38;40;0;NA;0;marine;NA;0.2;JB Juhel;JB Juhel;1 cablage corrodé inutilisable. 1 seul replicat - phanérogames marines agglomérées autour du fil du plomb (et donc crépine);-81.39829;13.34043;175;15945.82
SPY181719;YPVD01;2;30/06/2018;margarita_south_west;providencia;Caribbean;Columbia;megafauna;transect;transect_aller_retour;08:57;09:39;36;40;0;NA;0;marine;NA;0.2;JB Juhel;JB Juhel;phanérogames marines agglomérées autour du fil du plomb (et donc crépine);-81.39829;13.34043;175;15945.82
SPY181723;YPVD02;1;30/06/2018;providencia_west;providencia;Caribbean;Columbia;megafauna;transect;transect_aller_retour;12:50;13:48;58;40;0;NA;1;marine;NA;0.2;JB Juhel;JB Juhel;phanérogames marines again;-81.39777;13.34393;307;15945.77
SPY181734;YPVD02;2;30/06/2018;providencia_west;providencia;Caribbean;Columbia;megafauna;transect;transect_aller_retour;12:50;13:48;58;40;0;NA;1;marine;NA;0.2;JB Juhel;JB Juhel;phanérogames marines again;-81.39777;13.34393;307;15945.77
SPY181732;YPVD03;1;01/07/2018;providencia_north_west;providencia;Caribbean;Columbia;megafauna;transect;transect_aller_retour;09:25;10:09;44;40;0;NA;1;marine;NA;0.2;JB Juhel;JB Juhel;phanérogames marines again - 9h57 pompe mise en mode forward sans intervention (reparamétrage);-81.38864;13.36786;111;15945.97
SPY181724;YPVD03;2;01/07/2018;providencia_north_west;providencia;Caribbean;Columbia;megafauna;transect;transect_aller_retour;09:25;10:09;44;40;0;NA;1;marine;NA;0.2;JB Juhel;JB Juhel;phanérogames marines again;-81.38864;13.36786;111;15945.97
SPY181721;YPVD04;1;02/07/2018;catalina_north;providencia;Caribbean;Columbia;megafauna;transect;transect_aller_retour;09:10;09:50;40;40;0;NA;0;marine;NA;0.2;JB Juhel;JB Juhel;NA;-81.38029;13.39172;114;15946.09
SPY181730;YPVD04;2;02/07/2018;catalina_north;providencia;Caribbean;Columbia;megafauna;transect;transect_aller_retour;09:10;09:50;40;40;0;NA;0;marine;NA;0.2;JB Juhel;JB Juhel;NA;-81.38029;13.39172;114;15946.09
SPY181725;YPVD05;1;02/07/2018;providencia_north;providencia;Caribbean;Columbia;megafauna;transect;transect_aller_retour;10:06;10:50;44;40;0;NA;0;marine;NA;0.2;JB Juhel;JB Juhel;NA;-81.35909;13.38322;116;15948.56
SPY181733;YPVD05;2;02/07/2018;providencia_north;providencia;Caribbean;Columbia;megafauna;transect;transect_aller_retour;10:06;10:50;44;40;0;NA;0;marine;NA;0.2;JB Juhel;JB Juhel;NA;-81.35909;13.38322;116;15948.56
SPY181718;YPVD06;1;03/07/2018;providencia_east;providencia;Caribbean;Columbia;megafauna;transect;transect_aller_retour;09:42;10:13;31;40;0;NA;1;marine;NA;0.2;JB Juhel;JB Juhel;NA;-81.34969;13.36264;18;15950.18
SPY181727;YPVD06;2;03/07/2018;providencia_east;providencia;Caribbean;Columbia;megafauna;transect;transect_aller_retour;09:42;10:13;31;40;0;NA;1;marine;NA;0.2;JB Juhel;JB Juhel;NA;-81.34969;13.36264;18;15950.18
SPY181726;YPVD07;1;03/07/2018;providencia_south_east;providencia;Caribbean;Columbia;megafauna;transect;transect_aller_retour;10:30;11:00;30;40;0;NA;1;marine;NA;0.2;JB Juhel;JB Juhel;NA;-81.35561;13.34072;10;15950.25
SPY181731;YPVD07;2;03/07/2018;providencia_south_east;providencia;Caribbean;Columbia;megafauna;transect;transect_aller_retour;10:30;11:00;30;40;0;NA;1;marine;NA;0.2;JB Juhel;JB Juhel;Après echantillonnage. grosde pluie tropicale toute la journée et toute la nuit;-81.35561;13.34072;10;15950.25
SPY181717;YPVD08;1;04/07/2018;patch1;providencia;Caribbean;Columbia;megafauna;transect;transect_aller_retour;09:10;09:40;30;40;0;NA;0;marine;NA;0.2;JB Juhel;JB Juhel;NA;-81.41025;13.36541;2148;15943.8
SPY181715;YPVD08;2;04/07/2018;patch1;providencia;Caribbean;Columbia;megafauna;transect;transect_aller_retour;09:10;09:40;30;40;0;NA;0;marine;NA;0.2;JB Juhel;JB Juhel;NA;-81.41025;13.36541;2148;15943.8
SPY181728;YPVD09;1;04/07/2018;patch2;providencia;Caribbean;Columbia;megafauna;transect;transect_aller_retour;09:56;10:34;38;40;0;NA;0;marine;NA;0.2;JB Juhel;JB Juhel;NA;-81.41335;13.36726;2548;15943.42
SPY181722;YPVD09;2;04/07/2018;patch2;providencia;Caribbean;Columbia;megafauna;transect;transect_aller_retour;09:56;10:34;38;40;0;NA;0;marine;NA;0.2;JB Juhel;JB Juhel;NA;-81.41335;13.36726;2548;15943.42
SPY181716;YPVD10;1;05/07/2018;patch3;providencia;Caribbean;Columbia;megafauna;transect;transect_aller_retour;09:27;10:07;40;40;0;NA;0;marine;NA;0.2;JB Juhel;JB Juhel;Zigzag entre les patates au niveau barrière interne;-81.36716;13.32225;641;15949.62
SPY180774;YPVD10;2;05/07/2018;patch3;providencia;Caribbean;Columbia;megafauna;transect;transect_aller_retour;09:27;10:07;40;40;0;NA;0;marine;NA;0.2;JB Juhel;JB Juhel;NA;-81.36716;13.32225;641;15949.62
SPY173261;YGA007;1;28/02/2018;anse_bertrand_cote;guadeloupe;Caribbean;France;megafauna;transect;transect_rectangle;15:03;15:33;30;30;0;28;0;marine;NA;0.2;Virginie Marques;megafauna;Ecoute : petit Rorqual et Baleine à bosse mâl à grande distance (>4 miles);-61.50429;16.48538;278;17655.6
SPY173262;YGA007;2;28/02/2018;anse_bertrand_cote;guadeloupe;Caribbean;France;megafauna;transect;transect_rectangle;15:03;15:33;30;30;0;28;0;marine;NA;0.2;Virginie Marques;megafauna;Ecoute : petit Rorqual et Baleine à bosse mâl à grande distance (>4 miles);-61.50429;16.48538;278;17655.6
SPY173263;YGA008;1;28/02/2018;anse_bertrand_large;guadeloupe;Caribbean;France;megafauna;transect;transect_rectangle;16:12;16:42;30;30;0;28;0;marine;NA;0.2;Virginie Marques;megafauna;Ecoute : petit Rorqual et Baleine à bosse mâl à grande distance (>4 miles);-61.51445;16.50096;2211;17653.62
SPY173264;YGA008;2;28/02/2018;anse_bertrand_large;guadeloupe;Caribbean;France;megafauna;transect;transect_rectangle;16:12;16:42;30;30;0;28;0;marine;NA;0.2;Virginie Marques;megafauna;Ecoute : petit Rorqual et Baleine à bosse mâl à grande distance (>4 miles);-61.51445;16.50096;2211;17653.62
SPY173265;YGA009;1;28/02/2018;anse_colas;guadeloupe;Caribbean;France;megafauna;transect;transect_rectangle;17:45;18:15;30;30;0;28;0;marine;NA;0.2;Virginie Marques;megafauna;Ecoute : petit Rorqual et Baleine à bosse mâl à grande distance (>4 miles) / Pompe prototype à débit 0.91L/min théorique;-61.52166;16.47047;339;17655.43
SPY173266;YGA009;2;28/02/2018;anse_colas;guadeloupe;Caribbean;France;megafauna;transect;transect_rectangle;17:45;18:15;30;30;0;28;0;marine;NA;0.2;Virginie Marques;megafauna;Ecoute : petit Rorqual et Baleine à bosse mâl à grande distance (>4 miles);-61.52166;16.47047;339;17655.43
SPY173267;YGA010;1;01/03/2018;bouillante_large;guadeloupe;Caribbean;France;megafauna;transect;transect_rectangle;09:35;10:05;30;30;0;28;0;marine;NA;0.2;Virginie Marques;megafauna;Observation pseudoOrque (minium 6 visibles + nombreux a priori non visible sur zone);-61.85716;16.07855;9926;17659.55
SPY173268;YGA010;2;01/03/2018;bouillante_large;guadeloupe;Caribbean;France;megafauna;transect;transect_rectangle;09:35;10:05;30;30;0;28;0;marine;NA;0.2;Virginie Marques;megafauna;Observation pseudoOrque (minium 6 visibles + nombreux a priori non visible sur zone) /Pompe prototype à débit 0.91L/min théorique;-61.85716;16.07855;9926;17659.55
SPY173281;YGA017;1;03/03/2018;chateau_petite_terre;guadeloupe;Caribbean;France;megafauna;transect;transect_rectangle;10:21;10:41;20;30;0;28;0;marine;NA;0.2;Virginie Marques;megafauna;Problème technique pompe 2;-61.14683;16.20771;4287;17704.37
SPY173275;YGA014;1;02/03/2018;fajou;guadeloupe;Caribbean;France;megafauna;transect;transect_rectangle;10:10;10:40;30;30;0;28;0;marine;NA;0.2;Virginie Marques;megafauna;Proche réserve Fajou. côté barrière de corail. ;-61.57521;16.359;424;17659.96
SPY173276;YGA014;2;02/03/2018;fajou;guadeloupe;Caribbean;France;megafauna;transect;transect_rectangle;10:10;10:40;30;30;0;28;0;marine;NA;0.2;Virginie Marques;megafauna;Proche réserve Fajou. côté barrière de corail. ;-61.57521;16.359;424;17659.96
SPY173273;YGA013;1;02/03/2018;jardin_eden;guadeloupe;Caribbean;France;megafauna;transect;transect_rectangle;09:03;09:33;30;30;0;28;0;marine;NA;0.2;Virginie Marques;megafauna;NA;-61.52821;16.37651;2462;17662.21
SPY173274;YGA013;2;02/03/2018;jardin_eden;guadeloupe;Caribbean;France;megafauna;transect;transect_rectangle;09:03;09:33;30;30;0;28;0;marine;NA;0.2;Virginie Marques;megafauna;NA;-61.52821;16.37651;2462;17662.21
SPY173251;YGA002;1;26/02/2018;petit_cul_de_sac_marin_cote;guadeloupe;Caribbean;France;megafauna;transect;transect_rectangle;15:00;15:30;30;30;0;28;0;marine;NA;0.2;Virginie Marques;megafauna;NA;-61.53646;16.20352;1567;17674.9
SPY173252;YGA002;2;26/02/2018;petit_cul_de_sac_marin_cote;guadeloupe;Caribbean;France;megafauna;transect;transect_rectangle;15:00;15:30;30;30;0;28;0;marine;NA;0.2;Virginie Marques;megafauna;NA;-61.53646;16.20352;1567;17674.9
SPY173250;YGA001;1;26/02/2018;petit_cul_de_sac_marin_Large;guadeloupe;Caribbean;France;megafauna;transect;transect_rectangle;12:50;13:20;30;30;0;28;0;marine;NA;0.2;Virginie Marques;megafauna;Risque contamination homme + bateau / réplicat = SPY180501;-61.50619;16.15962;5209;17680.6
SPY180501;YGA001;2;26/02/2018;petit_cul_de_sac_marin_Large;guadeloupe;Caribbean;France;megafauna;transect;transect_rectangle;12:50;13:20;30;30;0;28;0;marine;NA;0.2;Virginie Marques;megafauna;Risque contamination homme + bateau/ réplicat = SPY1733250;-61.50619;16.15962;5209;17680.6
SPY173282;YGA018;1;03/03/2018;petite_terre1;guadeloupe;Caribbean;France;megafauna;transect;transect_rectangle;11:10;11:40;30;30;0;28;0;marine;NA;0.2;Virginie Marques;megafauna;Problème technique pompe 2. Transect côtier. ;-61.11949;16.18316;735;17708.36
SPY173283;YGA019;1;03/03/2018;petite_terre2;guadeloupe;Caribbean;France;megafauna;transect;transect_rectangle;12:00;12:30;30;30;0;28;0;marine;NA;0.2;Virginie Marques;megafauna;Problème technique pompe 2. un dauphin proche côte. Zone fréquentée très majoritairement par des Tursiops. Transect côtier empiète sur Petite Terre 1. ;-61.09994;16.17763;244;17710.27
SPY173280;YGA016;1;03/03/2018;pointe_chateau;guadeloupe;Caribbean;France;megafauna;transect;transect_rectangle;08:52;09:22;30;30;0;28;0;marine;NA;0.2;Virginie Marques;megafauna;Problème technique pompe 2;-61.213;16.24619;872;17696.34
SPY173259;YGA006;1;27/02/2018;pointe_ferry;guadeloupe;Caribbean;France;megafauna;transect;transect_rectangle;11:36;11:50;14;14;0;28;0;marine;NA;0.2;Virginie Marques;megafauna;Colmatage capsule car aspire de l'air car bateau trop haut sur l'eau (explotision capsule. perte à l'eau et récupérée après 5 min);-61.82218;16.2617;2041;17648.38
SPY173260;YGA006;2;27/02/2018;pointe_ferry;guadeloupe;Caribbean;France;megafauna;transect;transect_rectangle;11:36;11:50;14;14;0;28;0;marine;NA;0.2;Virginie Marques;megafauna;Colmatage capsule car aspire de l'air car bateau trop haut sur l'eau;;;;
SPY173272;YGA012;4;01/03/2018;pointe_ferry;guadeloupe;Caribbean;France;megafauna;transect;transect_rectangle;12:10;12:33;23;2;0;28;0;marine;NA;0.2;Virginie Marques;megafauna;Arrête pompe proto pompage air colmatage pompe  car sargasse accumulée faisant remonter le fil car portance /Pompe prototype à débit 0.91L/min théorique;-61.82252;16.26194;2078;17648.33
SPY173255;YGA004;1;27/02/2018;sec_nord;guadeloupe;Caribbean;France;megafauna;transect;transect_rectangle;08:07;08:25;18;18;0;28;0;marine;NA;0.2;Virginie Marques;megafauna;Colmatage capsule car aspire de l'air car bateau trop haut sur l'eau (explotision capsule. perte à l'eau et récupérée après 5 min);-61.87116;16.24518;7755;17645.83
SPY173256;YGA004;2;27/02/2018;sec_nord;guadeloupe;Caribbean;France;megafauna;transect;transect_rectangle;08:07;08:25;18;18;0;28;0;marine;NA;0.2;Virginie Marques;megafauna;Colmatage capsule car aspire de l'air car bateau trop haut sur l'eau;;;;
SPY173269;YGA011;1;01/03/2018;sec_sud_2;guadeloupe;Caribbean;France;megafauna;transect;transect_rectangle;11:02;11:11;9;9;0;28;0;marine;NA;0.2;Virginie Marques;megafauna;Arrête pompe proto à 1.1km pb pompage air colmatage pompe;-61.8644;16.14098;9130;17654.26
SPY173270;YGA011;2;01/03/2018;sec_sud_2;guadeloupe;Caribbean;France;megafauna;transect;transect_rectangle;11:02;11:11;9;9;0;28;0;marine;NA;0.2;Virginie Marques;megafauna;Arrête pompe proto à 1.1km pb pompage air colmatage pompe /Pompe prototype à débit 0.91L/min théorique;-61.8644;16.14098;9130;17654.26
SPY173278;YGA015;1;02/03/2018;st_rose;guadeloupe;Caribbean;France;megafauna;transect;transect_rectangle;11:34;12:04;30;30;0;28;0;marine;NA;0.2;Virginie Marques;megafauna;Proche lamentin. côté lagon. ;-61.67195;16.32673;10;17655.01
SPY173279;YGA015;2;02/03/2018;st_rose;guadeloupe;Caribbean;France;megafauna;transect;transect_rectangle;11:34;12:04;30;30;0;28;0;marine;NA;0.2;Virginie Marques;megafauna;Proche lamentin. côté lagon. ;-61.67195;16.32673;10;17655.01
SPY181920;YPF001;1;19/06/2018;lagon_faka;fakarava;Central_Pacific;France;megafauna;transect;transect_aller_retour;08:59;09:30;30;30;0;NA;NA;marine;NA;0.2;Virginie Marques;megafauna;Tuyau transp - très long à lancer;-145.447768;-16.500305;103;9002.05
SPY181919;YPF001;2;19/06/2018;lagon_faka;fakarava;Central_Pacific;France;megafauna;transect;transect_aller_retour;08:59;09:30;30;30;0;NA;NA;marine;NA;0.2;Virginie Marques;megafauna;Tuyau transp - très long à lancer;-145.447768;-16.500305;103;9002.05
SPY181941;YPF002;3;19/06/2018;lagon_faka;fakarava;Central_Pacific;France;megafauna;transect;transect_aller_retour;11:10;11:40;30;30;0;NA;NA;marine;NA;0.2;Virginie Marques;megafauna;Tuyau transp - très long à lancer;-145.449233;-16.500979;59;9001.9
SPY181911;YPF002;4;19/06/2018;lagon_faka;fakarava;Central_Pacific;France;megafauna;transect;transect_aller_retour;12:23;12:45;22;22;0;NA;NA;marine;NA;0.2;Virginie Marques;megafauna;Tuyau blanc - pump stopped working at 22';-145.447721;-16.500383;113;9002.06
SPY181533;YPF003;5;20/06/2018;lagon_faka;fakarava;Central_Pacific;France;megafauna;transect;transect_aller_retour;08:01;08:31;30;30;0;NA;NA;marine;NA;0.2;Virginie Marques;megafauna;Problem pump - stopped multiple times: total stopped time = 5';-145.44823;-16.500328;67;9002.01
SPY181914;YPF003;6;20/06/2018;lagon_faka;fakarava;Central_Pacific;France;megafauna;transect;transect_aller_retour;08:57;09:30;30;30;0;NA;NA;marine;NA;0.2;Virginie Marques;megafauna;Problem pump - stopped for 8' and transect completed only one side;-145.447065;-16.499774;119;9002.13
SPY181832;YPF004;7;20/06/2018;lagon_faka;fakarava;Central_Pacific;France;megafauna;transect;transect_aller_retour;09:55;10:30;30;30;0;NA;NA;marine;NA;0.2;Virginie Marques;megafauna;Problem pump - stopped multiple times: total stopped time = 5';-145.447461;-16.500438;138;9002.09
SPY181921;YPF005;8;21/06/2018;lagon_faka;fakarava;Central_Pacific;France;megafauna;transect;transect_aller_retour;13:59;14:25;26;26;0;NA;NA;marine;NA;0.2;Virginie Marques;megafauna;Problem pump - stopped at 26';-145.446963;-16.499381;111;9002.14
SPY181916;YPF005;9;21/06/2018;lagon_faka;fakarava;Central_Pacific;France;megafauna;transect;transect_aller_retour;14:57;15:23;26;26;0;NA;NA;marine;NA;0.2;Virginie Marques;megafauna;Problem pump - stopped at 26';-145.447254;-16.500378;150;9002.11
SPY181906;YPF006;1;22/06/2018;passe_faka_1;fakarava;Central_Pacific;France;megafauna;transect;transect_aller_retour;14:10;14:40;30;30;0;NA;NA;marine;NA;0.2;Virginie Marques;megafauna;No problem - courant sortant : pas de mur de requins;-145.463558;-16.515778;142;9000.41
SPY181900;YPF006;2;22/06/2018;passe_faka_1;fakarava;Central_Pacific;France;megafauna;transect;transect_aller_retour;14:54;15:19;27;27;0;NA;NA;marine;NA;0.2;Virginie Marques;megafauna;Problem pump - stopped at 25' - courant sortant : pas de mur de requins;-145.462426;-16.516914;294;9000.53
SPY181912;YPF007;1;23/06/2018;passe_faka_l;fakarava;Central_Pacific;France;megafauna;point;bag_underwater;11:15;11:15;NA;10;30;NA;NA;marine;NA;0.2;Virginie Marques;megafauna;~40 requins gris. 34m. Filtration à la main (seringues stériles 100mL) - courant rentrant;-145.459671;-16.5209;845;9000.83
SPY181899;YPF007;2;23/06/2018;passe_faka_l;fakarava;Central_Pacific;France;megafauna;point;bag_underwater;11:15;11:15;NA;10;30;NA;NA;marine;NA;0.2;Virginie Marques;megafauna;~40 requins gris. 34m. Filtration à la main (seringues stériles 100mL) - courant rentrant;-145.459671;-16.5209;845;9000.83
SPY181907;YPF008;1;23/06/2018;passe_faka_T;fakarava;Central_Pacific;France;megafauna;point;bag_underwater;11:15;11:15;NA;10;30;NA;NA;marine;NA;0.2;Virginie Marques;megafauna;~20 requins gris. 31m. Filtration à la main (seringues stériles 100mL) - courant rentrant;-145.459671;-16.5209;845;9000.83
SPY181888;YPF008;2;23/06/2018;passe_faka_T;fakarava;Central_Pacific;France;megafauna;point;bag_underwater;11:15;11:15;NA;10;30;NA;NA;marine;NA;0.2;Virginie Marques;megafauna;~20 requins gris. 31m. Filtration à la main (seringues stériles 100mL) - courant rentrant;-145.459671;-16.5209;845;9000.83
SPY181508;YSM13;1;23/10/2018;tayrona_camera_1;santa_marta;Caribbean;Columbia;megafauna;transect;transect_rond;13:00;13:30;30;30;0;NA;NA;marine;NA;0.2;Virginie Marques;megafauna;TAY1. Camera1_day1_morning. 10m;-74.110443;11.337649;425;16768.42
SPY181538;YSM13;2;23/10/2018;tayrona_camera_1;santa_marta;Caribbean;Columbia;megafauna;transect;transect_rond;13:00;13:30;30;30;0;NA;NA;marine;NA;0.2;Virginie Marques;megafauna;TAY1. Camera1_day1_morning. 10m;-74.110443;11.337649;425;16768.42
SPY181515;YSM14;3;23/10/2018;tayrona_camera_1;santa_marta;Caribbean;Columbia;megafauna;transect;transect_rond;16:15;16:45;30;30;0;NA;NA;marine;NA;0.2;Virginie Marques;megafauna;TAY2. Camera1_day1_evening;-74.110443;11.337649;425;16768.42
SPY181525;YSM14;4;23/10/2018;tayrona_camera_1;santa_marta;Caribbean;Columbia;megafauna;transect;transect_rond;16:15;16:45;30;30;0;NA;NA;marine;NA;0.2;Virginie Marques;megafauna;TAY2. Camera1_day1_evening;-74.110443;11.337649;425;16768.42
SPY181501;YSM15;5;24/10/2018;tayrona_camera_1;santa_marta;Caribbean;Columbia;megafauna;transect;transect_rond;07:40;08:10;30;30;0;NA;NA;marine;NA;0.2;Virginie Marques;megafauna;TAY3. Camera1_day2_morning;-74.110443;11.337649;425;16768.42
SPY181514;YSM15;6;24/10/2018;tayrona_camera_1;santa_marta;Caribbean;Columbia;megafauna;transect;transect_rond;07:40;08:10;30;30;0;NA;NA;marine;NA;0.2;Virginie Marques;megafauna;TAY3. Camera1_day2_morning;-74.110443;11.337649;425;16768.42
SPY181500;YSM16;1;25/10/2018;tayrona_camera_2;santa_marta;Caribbean;Columbia;megafauna;transect;transect_rond;11:08;11:38;30;30;0;NA;NA;marine;NA;0.2;Virginie Marques;megafauna;TAY4. Camera2_day1_morning;-74.114845;11.328275;10;16768.29
SPY181516;YSM16;2;25/10/2018;tayrona_camera_2;santa_marta;Caribbean;Columbia;megafauna;transect;transect_rond;11:08;11:38;30;30;0;NA;NA;marine;NA;0.2;Virginie Marques;megafauna;TAY4. Camera2_day1_morning;-74.114845;11.328275;10;16768.29
SPY181499;YSM17;1;25/10/2018;tayrona_saturation_1;santa_marta;Caribbean;Columbia;megafauna;transect;transect_aller_retour;12:02;12:32;30;30;0;NA;NA;marine;NA;0.2;Virginie Marques;megafauna;SAT1;-74.116304;11.330775;10;16768.05
SPY181539;YSM17;2;25/10/2018;tayrona_saturation_1;santa_marta;Caribbean;Columbia;megafauna;transect;transect_aller_retour;12:02;12:32;30;30;0;NA;NA;marine;NA;0.2;Virginie Marques;megafauna;SAT1;-74.116304;11.330775;10;16768.05
SPY181503;YSM18;1;25/10/2018;tayrona_saturation_2;santa_marta;Caribbean;Columbia;megafauna;transect;transect_aller_retour;14:07;14:37;30;30;0;NA;NA;marine;NA;0.2;Virginie Marques;megafauna;SAT2;-74.112103;11.340723;501;16768.14
SPY181530;YSM18;2;25/10/2018;tayrona_saturation_2;santa_marta;Caribbean;Columbia;megafauna;transect;transect_aller_retour;14:07;14:37;30;30;0;NA;NA;marine;NA;0.2;Virginie Marques;megafauna;SAT2;-74.112103;11.340723;501;16768.14
SPY181903;YSM19;3;25/10/2018;tayrona_saturation_2;santa_marta;Caribbean;Columbia;megafauna;transect;transect_aller_retour;14:55;15:25;30;30;0;NA;NA;marine;NA;0.2;Virginie Marques;megafauna;SAT3;-74.112686;11.341963;500;16768.03
SPY181534;YSM19;4;25/10/2018;tayrona_saturation_2;santa_marta;Caribbean;Columbia;megafauna;transect;transect_aller_retour;14:55;15:25;30;30;0;NA;NA;marine;NA;0.2;Virginie Marques;megafauna;SAT3;-74.112686;11.341963;500;16768.03
SPY181889;YSM20;3;25/10/2018;tayrona_camera_2;santa_marta;Caribbean;Columbia;megafauna;transect;transect_aller_retour;15:48;16:18;30;30;0;NA;NA;marine;NA;0.2;Virginie Marques;megafauna;TAY5. Camera2_day1_evening;-74.114275;11.326676;10;16768.4
SPY181891;YSM20;4;25/10/2018;tayrona_camera_2;santa_marta;Caribbean;Columbia;megafauna;transect;transect_aller_retour;15:48;16:18;30;30;0;NA;NA;marine;NA;0.2;Virginie Marques;megafauna;TAY5. Camera2_day1_evening;-74.114275;11.326676;10;16768.4
SPY181540;YSM21;3;25/10/2018;tayrona_saturation_1;santa_marta;Caribbean;Columbia;megafauna;transect;transect_aller_retour;17:25;17:55;30;30;0;NA;NA;marine;NA;0.2;Virginie Marques;megafauna;SAT4;-74.115761;11.330174;10;16768.13
SPY181504;YSM21;4;25/10/2018;tayrona_saturation_1;santa_marta;Caribbean;Columbia;megafauna;transect;transect_aller_retour;17:25;17:55;30;30;0;NA;NA;marine;NA;0.2;Virginie Marques;megafauna;SAT4;-74.115761;11.330174;10;16768.13
SPY181505;YSM22;5;26/10/2018;tayrona_camera_2;santa_marta;Caribbean;Columbia;megafauna;transect;transect_aller_retour;06:41;07:11;30;30;0;NA;NA;marine;NA;0.2;Virginie Marques;megafauna;TAY6. Camera2_day2_morning;-74.114296;11.328421;10;16768.34
SPY181509;YSM22;6;26/10/2018;tayrona_camera_2;santa_marta;Caribbean;Columbia;megafauna;transect;transect_aller_retour;06:41;07:11;30;30;0;NA;NA;marine;NA;0.2;Virginie Marques;megafauna;TAY6. Camera2_day2_morning;-74.114296;11.328421;10;16768.34
SPY190618;MOI01;1;08/04/2019;taaf_station;europa;West_Indian;France;megafauna;transect;transect_aller_retour;12:03;12:33;30;30;0;NA;NA;marine;NA;0.2;Virginie Marques;megafauna;Observation : green turtles;40.33886;-22.33944;10;-10305.51
SPY181897;MOI01;2;08/04/2019;taaf_station;europa;West_Indian;France;megafauna;transect;transect_aller_retour;12:03;12:33;30;30;0;NA;NA;marine;NA;0.2;Virginie Marques;megafauna;Observation : green turtles;40.33886;-22.33944;10;-10305.51
SPY181529;MOI02;1;09/04/2019;europa_distance_0m;europa;West_Indian;France;megafauna;transect;transect_aller_retour;12:01;12:39;30;30;0;NA;NA;marine;NA;0.2;Virginie Marques;megafauna;Distance decay 0m;40.35581;-22.33281;10;-10303.8
SPY180771;MOI02;2;09/04/2019;europa_distance_0m;europa;West_Indian;France;megafauna;transect;transect_aller_retour;12:01;12:39;30;30;0;NA;NA;marine;NA;0.2;Virginie Marques;megafauna;Distance decay 0m;40.35581;-22.33281;10;-10303.8
SPY180766;MOI03;1;09/04/2019;europa_distance_50m;europa;West_Indian;France;megafauna;transect;transect_aller_retour;13:06;13:36;30;30;0;NA;NA;marine;NA;0.2;Virginie Marques;megafauna;Distance decay 50m;40.36129;-22.33078;10;-10303.24
SPY181720;MOI03;2;09/04/2019;europa_distance_50m;europa;West_Indian;France;megafauna;transect;transect_aller_retour;13:06;13:36;30;30;0;NA;NA;marine;NA;0.2;Virginie Marques;megafauna;Distance decay 50m;40.36129;-22.33078;10;-10303.24
SPY190629;MOI15;1;11/04/2019;taaf_station2;europa;West_Indian;France;megafauna;transect;transect_aller_retour;10:50;11:20;30;30;0;NA;NA;marine;NA;0.2;Virginie Marques;megafauna;turtles;40.33888;-22.33879;10;-10305.51
SPY190627;MOI15;2;11/04/2019;taaf_station2;europa;West_Indian;France;megafauna;transect;transect_aller_retour;10:50;11:20;30;30;0;NA;NA;marine;NA;0.2;Virginie Marques;megafauna;turtles;40.33888;-22.33879;10;-10305.51
SPY190623;MOI21;1;14/04/2019;juan_distance0;juan_de_nova;West_Indian;France;megafauna;transect;transect_aller_retour;09:04;09:34;30;30;0;NA;NA;marine;NA;0.2;Virginie Marques;megafauna;Distance decay;42.66956;-17.038661;2959;-10082.61
SPY190624;MOI21;2;14/04/2019;juan_distance0;juan_de_nova;West_Indian;France;megafauna;transect;transect_aller_retour;09:04;09:34;30;30;0;NA;NA;marine;NA;0.2;Virginie Marques;megafauna;Distance decay;42.66956;-17.038661;2959;-10082.61
SPY190622;MOI22;1;14/04/2019;juan_distance1;juan_de_nova;West_Indian;France;megafauna;transect;transect_aller_retour;10:00;10:30;30;30;0;NA;NA;marine;NA;0.2;Virginie Marques;megafauna;Distance decay;42.67851;-17.05547;1810;-10081.6
SPY190628;MOI22;2;14/04/2019;juan_distance1;juan_de_nova;West_Indian;France;megafauna;transect;transect_aller_retour;10:00;10:30;30;30;0;NA;NA;marine;NA;0.2;Virginie Marques;megafauna;Distance decay;42.67851;-17.05547;1810;-10081.6
SPY190626;MOI23;1;14/04/2019;juan_distance2;juan_de_nova;West_Indian;France;megafauna;transect;transect_aller_retour;10:47;11:20;30;30;0;NA;NA;marine;NA;0.2;Virginie Marques;megafauna;Distance decay;42.66977;-17.03868;2937;-10082.58
SPY190614;MOI23;2;14/04/2019;juan_distance2;juan_de_nova;West_Indian;France;megafauna;transect;transect_aller_retour;10:47;11:20;30;30;0;NA;NA;marine;NA;0.2;Virginie Marques;megafauna;Distance decay;42.66977;-17.03868;2937;-10082.58
SPY190612;MOI24;1;14/04/2019;juan_distance3;juan_de_nova;West_Indian;France;megafauna;transect;transect_aller_retour;11:47;12:17;30;30;0;NA;NA;marine;NA;0.2;Virginie Marques;megafauna;Distance decay;42.67116;-17.05712;2646;-10082.38
SPY180783;MOI24;2;14/04/2019;juan_distance3;juan_de_nova;West_Indian;France;megafauna;transect;transect_aller_retour;11:47;12:17;30;30;0;NA;NA;marine;NA;0.2;Virginie Marques;megafauna;Distance decay;42.67116;-17.05712;2646;-10082.38
SPY181901;MOI31;1;16/04/2019;juan_2;juan_de_nova;West_Indian;France;megafauna;transect;transect_aller_retour;10:45;11:15;30;30;0;NA;NA;marine;NA;0.2;Virginie Marques;megafauna;NA;42.74781;-17.02874;3469;-10074.31
SPY190609;MOI31;2;16/04/2019;juan_2;juan_de_nova;West_Indian;France;megafauna;transect;transect_aller_retour;10:45;11:15;30;30;0;NA;NA;marine;NA;0.2;Virginie Marques;megafauna;NA;42.74781;-17.02874;3469;-10074.31
SPY190570;MOI34;1;20/04/2019;glorieuse;glorieuse;West_Indian;France;megafauna;transect;transect_aller_retour;NA;NA;30;30;0;NA;NA;marine;NA;0.2;Marco Andrello;megafauna;NA;47.28334;-11.58652;2240;-9596.17
SPY190582;MOI34;2;20/04/2019;glorieuse;glorieuse;West_Indian;France;megafauna;transect;transect_aller_retour;NA;NA;30;30;0;NA;NA;marine;NA;0.2;Marco Andrello;megafauna;NA;47.28334;-11.58652;2240;-9596.17
SPY190574;MOI35;1;21/04/2019;glorieuse_distance_0m;glorieuse;West_Indian;France;megafauna;transect;transect_aller_retour;11:10;11:40;30;30;0;NA;NA;marine;NA;0.2;Marco Andrello;megafauna;tortue;47.29144;-11.56444;10;-9595.31
SPY190554;MOI35;2;21/04/2019;glorieuse_distance_0m;glorieuse;West_Indian;France;megafauna;transect;transect_aller_retour;11:10;11:40;30;30;0;NA;NA;marine;NA;0.2;Marco Andrello;megafauna;tortue;47.29144;-11.56444;10;-9595.31
SPY190586;MOI36;1;21/04/2019;glorieuse_distance_50m;glorieuse;West_Indian;France;megafauna;transect;transect_aller_retour;12:05;12:35;30;30;0;NA;NA;marine;NA;0.2;Marco Andrello;megafauna;NA;47.28871;-11.56593;10;-9595.61
SPY190561;MOI36;2;21/04/2019;glorieuse_distance_50m;glorieuse;West_Indian;France;megafauna;transect;transect_aller_retour;12:05;12:35;30;30;0;NA;NA;marine;NA;0.2;Marco Andrello;megafauna;NA;47.28871;-11.56593;10;-9595.61
SPY190580;MOI37;1;21/04/2019;glorieuse_distance_100m;glorieuse;West_Indian;France;megafauna;transect;transect_aller_retour;13:05;13:35;30;30;0;NA;NA;marine;NA;0.2;Marco Andrello;megafauna;NA;47.28774;-11.56503;112;-9595.72
SPY190575;MOI37;2;21/04/2019;glorieuse_distance_100m;glorieuse;West_Indian;France;megafauna;transect;transect_aller_retour;13:05;13:35;30;30;0;NA;NA;marine;NA;0.2;Marco Andrello;megafauna;NA;47.28774;-11.56503;112;-9595.72
SPY190578;MOI51;1;28/04/2019;tromelin_distance_0m;tromelin;West_Indian;France;megafauna;transect;transect_aller_retour;09:25;09:55;30;30;0;NA;NA;marine;NA;0.2;Marco Andrello;megafauna;NA;54.51736;-15.89278;55;-8817.56
SPY190588;MOI51;2;28/04/2019;tromelin_distance_0m;tromelin;West_Indian;France;megafauna;transect;transect_aller_retour;09:25;09:55;30;30;0;NA;NA;marine;NA;0.2;Marco Andrello;megafauna;le capuchon blanc du filtre a sauté. on l'a remplacé par le capuchon d'un autre filtre;54.51736;-15.89278;55;-8817.56
SPY190592;MOI52;1;28/04/2019;tromelin_distance_50m;tromelin;West_Indian;France;megafauna;transect;transect_aller_retour;10:15;10:45;30;30;0;NA;NA;marine;NA;0.2;Marco Andrello;megafauna;rain;54.51689;-15.89311;120;-8817.61
SPY190593;MOI52;2;28/04/2019;tromelin_distance_50m;tromelin;West_Indian;France;megafauna;transect;transect_aller_retour;10:15;10:45;30;30;0;NA;NA;marine;NA;0.2;Marco Andrello;megafauna;rain;54.51689;-15.89311;120;-8817.61
SPY190567;MOI53;1;28/04/2019;tromelin_distance_100m;tromelin;West_Indian;France;megafauna;transect;transect_aller_retour;11:00;11:30;30;30;0;NA;NA;marine;NA;0.2;Marco Andrello;megafauna;rain;54.5139;-15.89239;307;-8817.93
SPY190557;MOI53;2;28/04/2019;tromelin_distance_100m;tromelin;West_Indian;France;megafauna;transect;transect_aller_retour;11:00;11:30;30;30;0;NA;NA;marine;NA;0.2;Marco Andrello;megafauna;rain;54.5139;-15.89239;307;-8817.93
SPY181060;LENG002;1;17/10/2017;LENG002;nusa_ulan;Central_Indo_Pacific;Indonesia;lengguru;point;bag_underwater;15:30;NA;NA;2;0;29.5;NA;marine;NA;0.22;JB Juhel;NA;NA;132.97463;-4.11588;762;-320.29
SPY181049;LENG002;2;17/10/2017;LENG002;nusa_ulan;Central_Indo_Pacific;Indonesia;lengguru;point;bag_underwater;15:30;NA;NA;2;0;29.5;NA;marine;NA;0.22;JB Juhel;NA;NA;132.97463;-4.11588;762;-320.29
SPY181059;LENG003;1;18/10/2017;LENG003;nusa_ulan;Central_Indo_Pacific;Indonesia;lengguru;point;bag_underwater;12:00;NA;NA;2;39;29.5;NA;marine;NA;0.22;JB Juhel;NA;NA;133.01915;-4.11785;2115;-319.33
SPY180180;LENG003;2;18/10/2017;LENG003;nusa_ulan;Central_Indo_Pacific;Indonesia;lengguru;point;bag_underwater;12:00;NA;NA;1.7;39;29.5;NA;marine;NA;0.22;JB Juhel;NA;Buffer does not cover all  the filter;133.01915;-4.11785;2115;-319.33
SPY181021;LENG004;1;18/10/2017;LENG004;nusa_ulan;Central_Indo_Pacific;Indonesia;lengguru;point;bag_underwater;12:15;NA;NA;2;0;30;NA;marine;NA;0.22;JB Juhel;NA;NA;133.02032;-4.11746;2103;-319.26
SPY181047;LENG004;2;18/10/2017;LENG004;nusa_ulan;Central_Indo_Pacific;Indonesia;lengguru;point;bag_underwater;12:15;NA;NA;2;0;30;NA;marine;NA;0.22;JB Juhel;NA;NA;133.02032;-4.11746;2103;-319.26
SPY181020;LENG005;1;18/10/2017;LENG005;nusa_ulan;Central_Indo_Pacific;Indonesia;lengguru;point;bag_underwater;17:00;NA;NA;2;0;30;NA;marine;NA;0.22;JB Juhel;NA;River estuary (saltwater);133.05912;-4.06037;258;-312.14
SPY181017;LENG005;2;18/10/2017;LENG005;nusa_ulan;Central_Indo_Pacific;Indonesia;lengguru;point;bag_underwater;17:00;NA;NA;2;0;30;NA;marine;NA;0.22;JB Juhel;NA;River estuary (saltwater);133.05912;-4.06037;258;-312.14
SPY181018;LENG006;1;19/10/2017;LENG006;nusa_ulan;Central_Indo_Pacific;Indonesia;lengguru;point;bag_underwater;07:00;NA;NA;2;0;30;NA;marine;NA;0.22;JB Juhel;NA;Replicate LENG004 - 2h before filtration;133.02032;-4.11746;2103;-319.26
SPY181022;LENG006;2;19/10/2017;LENG006;nusa_ulan;Central_Indo_Pacific;Indonesia;lengguru;point;bag_underwater;07:00;NA;NA;2;0;30;NA;marine;NA;0.22;JB Juhel;NA;Replicate LENG004 - 2h before filtration;133.02032;-4.11746;2103;-319.26
SPY181026;LENG007;1;20/10/2017;LENG007;nusa_ulan;Central_Indo_Pacific;Indonesia;lengguru;point;bag_underwater;10:15;NA;NA;2;0;30.8;NA;marine;NA;0.22;JB Juhel;NA;NA;132.97571;-4.12453;201;-321.19
SPY181019;LENG007;2;20/10/2017;LENG007;nusa_ulan;Central_Indo_Pacific;Indonesia;lengguru;point;bag_underwater;10:15;NA;NA;2;0;30.8;NA;marine;NA;0.22;JB Juhel;NA;NA;132.97571;-4.12453;201;-321.19
SPY181028;LENG008;1;21/10/2017;LENG008;nusa_ulan;Central_Indo_Pacific;Indonesia;lengguru;point;bag_underwater;09:10;NA;NA;2;100;26.5;NA;marine;NA;0.22;JB Juhel;NA;NA;132.97514;-4.13307;1073;-322.12
SPY181015;LENG008;2;21/10/2017;LENG008;nusa_ulan;Central_Indo_Pacific;Indonesia;lengguru;point;bag_underwater;09:10;NA;NA;2;100;26.5;NA;marine;NA;0.22;JB Juhel;NA;NA;132.97514;-4.13307;1073;-322.12
SPY181027;LENG009;1;21/10/2017;LENG009;nusa_ulan;Central_Indo_Pacific;Indonesia;lengguru;point;bag_underwater;15:00;NA;NA;2;30;29.2;NA;marine;NA;0.22;JB Juhel;NA;LENG007-8-9-10 same point. different depth;132.97514;-4.13307;1073;-322.12
SPY181023;LENG009;2;21/10/2017;LENG009;nusa_ulan;Central_Indo_Pacific;Indonesia;lengguru;point;bag_underwater;15:00;NA;NA;2;30;29.2;NA;marine;NA;0.22;JB Juhel;NA;NA;132.97514;-4.13307;1073;-322.12
SPY181016;LENG010;1;24/10/2017;LENG010;nusa_ulan;Central_Indo_Pacific;Indonesia;lengguru;point;bag_underwater;10:30;NA;NA;2;193;16.1;NA;marine;NA;0.22;JB Juhel;NA;sampling with niskin bottle;132.97421;-4.13565;1378;-322.43
SPY181014;LENG010;2;24/10/2017;LENG010;nusa_ulan;Central_Indo_Pacific;Indonesia;lengguru;point;bag_underwater;10:30;NA;NA;1.3;200;15.2;NA;marine;NA;0.22;JB Juhel;NA;LENG10 under thermocline;132.97421;-4.13565;1378;-322.43
SPY181025;LENG011;1;24/10/2017;LENG011;nusa_ulan;Central_Indo_Pacific;Indonesia;lengguru;point;bag_underwater;16:00;NA;NA;2;31;NA;NA;marine;NA;0.22;JB Juhel;NA;NA;132.9769;-4.12602;262;-321.32
SPY181024;LENG011;2;24/10/2017;LENG011;nusa_ulan;Central_Indo_Pacific;Indonesia;lengguru;point;bag_underwater;16:00;NA;NA;2;31;NA;NA;marine;NA;0.22;JB Juhel;NA;NA;132.9769;-4.12602;262;-321.32
SPY181012;LENG012;1;25/10/2017;LENG012;nusa_ulan;Central_Indo_Pacific;Indonesia;lengguru;point;bag_underwater;10:00;NA;NA;2;35;NA;NA;marine;NA;0.22;JB Juhel;NA;NA;132.91273;-4.08471;10;-318.73
SPY181013;LENG012;2;25/10/2017;LENG012;nusa_ulan;Central_Indo_Pacific;Indonesia;lengguru;point;bag_underwater;10:00;NA;NA;1.9;35;NA;NA;marine;NA;0.22;JB Juhel;NA;NA;132.91273;-4.08471;10;-318.73
SPY180181;LENG013;1;26/10/2017;LENG013;pulau_venu;Central_Indo_Pacific;Indonesia;lengguru;point;bag_underwater;10:00;NA;NA;2;0;NA;NA;marine;NA;0.22;JB Juhel;NA;NA;133.50134;-4.32327;2295;-334.07
SPY180182;LENG013;2;26/10/2017;LENG013;pulau_venu;Central_Indo_Pacific;Indonesia;lengguru;point;bag_underwater;10:00;NA;NA;2;0;NA;NA;marine;NA;0.22;JB Juhel;NA;NA;133.50134;-4.32327;2295;-334.07
SPY181057;LENG014;1;26/10/2017;LENG014;pulau_venu;Central_Indo_Pacific;Indonesia;lengguru;point;bag_underwater;15:00;NA;NA;2;27;NA;NA;marine;NA;0.22;JB Juhel;NA;NA;133.49826;-4.32135;2113;-333.88
SPY181044;LENG014;2;26/10/2017;LENG014;pulau_venu;Central_Indo_Pacific;Indonesia;lengguru;point;bag_underwater;15:00;NA;NA;2;27;NA;NA;marine;NA;0.22;JB Juhel;NA;NA;133.49826;-4.32135;2113;-333.88
SPY180183;LENG015;1;27/10/2017;LENG015;pulau_venu;Central_Indo_Pacific;Indonesia;lengguru;point;bag_underwater;09:15;NA;NA;2;0;29.3;NA;marine;NA;0.22;JB Juhel;NA;NA;133.49443;-4.32225;1718;-334.01
SPY180184;LENG015;2;27/10/2017;LENG015;pulau_venu;Central_Indo_Pacific;Indonesia;lengguru;point;bag_underwater;09:15;NA;NA;2;0;29.3;NA;marine;NA;0.22;JB Juhel;NA;NA;133.49443;-4.32225;1718;-334.01
SPY180984;LENG016;1;27/10/2017;LENG016;pulau_venu;Central_Indo_Pacific;Indonesia;lengguru;point;bag_underwater;09:30;NA;NA;2;30;NA;NA;marine;NA;0.22;JB Juhel;NA;NA;133.50023;-4.33406;1929;-335.27
SPY180970;LENG016;2;27/10/2017;LENG016;pulau_venu;Central_Indo_Pacific;Indonesia;lengguru;point;bag_underwater;09:30;NA;NA;1.6;30;NA;NA;marine;NA;0.22;JB Juhel;NA;NA;133.50023;-4.33406;1929;-335.27
SPY181050;LENG017;1;27/10/2017;LENG017;pulau_venu;Central_Indo_Pacific;Indonesia;lengguru;point;bag_underwater;17:00;NA;NA;2;140;NA;NA;marine;NA;0.22;JB Juhel;NA;NA;133.4866;-4.33682;567;-335.67
SPY181052;LENG017;2;27/10/2017;LENG017;pulau_venu;Central_Indo_Pacific;Indonesia;lengguru;point;bag_underwater;17:00;NA;NA;2;150;NA;NA;marine;NA;0.22;JB Juhel;NA;NA;133.4866;-4.33682;567;-335.67
SPY181056;LENG018;1;31/10/2017;LENG018;triton_bay;Central_Indo_Pacific;Indonesia;lengguru;point;bag_underwater;16:30;NA;NA;2;80;NA;NA;marine;NA;0.22;JB Juhel;NA;NA;134.03523;-3.90609;654;-290.06
SPY180971;LENG018;2;31/10/2017;LENG018;triton_bay;Central_Indo_Pacific;Indonesia;lengguru;point;bag_underwater;16:30;NA;NA;2;80;NA;NA;marine;NA;0.22;JB Juhel;NA;NA;134.03523;-3.90609;654;-290.06
SPY180991;LENG019;1;31/10/2017;LENG019;triton_bay;Central_Indo_Pacific;Indonesia;lengguru;point;bag_underwater;17:00;NA;NA;2;0;NA;NA;marine;NA;0.22;JB Juhel;NA;NA;134.03543;-3.90622;642;-290.07
SPY181040;LENG019;2;31/10/2017;LENG019;triton_bay;Central_Indo_Pacific;Indonesia;lengguru;point;bag_underwater;17:00;NA;NA;2;0;NA;NA;marine;NA;0.22;JB Juhel;NA;NA;134.03543;-3.90622;642;-290.07
SPY180185;LENG020;1;01/11/2017;LENG020;triton_bay;Central_Indo_Pacific;Indonesia;lengguru;point;bag_underwater;09:50;NA;NA;2;0;NA;NA;marine;NA;0.22;JB Juhel;NA;NA;134.0777;-3.90981;385;-291.14
SPY180186;LENG020;2;01/11/2017;LENG020;triton_bay;Central_Indo_Pacific;Indonesia;lengguru;point;bag_underwater;09:50;NA;NA;1.9;0;NA;NA;marine;NA;0.22;JB Juhel;NA;NA;134.0777;-3.90981;385;-291.14
SPY180990;LENG021;1;01/11/2017;LENG021;triton_bay;Central_Indo_Pacific;Indonesia;lengguru;point;bag_underwater;10:30;NA;NA;2;80;NA;NA;marine;NA;0.22;JB Juhel;NA;NA;134.07967;-3.90956;382;-291.15
SPY181008;LENG021;2;01/11/2017;LENG021;triton_bay;Central_Indo_Pacific;Indonesia;lengguru;point;bag_underwater;10:30;NA;NA;2;80;NA;NA;marine;NA;0.22;JB Juhel;NA;NA;134.07967;-3.90956;382;-291.15
SPY181054;LENG022;1;01/11/2017;LENG022;triton_bay;Central_Indo_Pacific;Indonesia;lengguru;point;bag_underwater;10:30;NA;NA;2;25;NA;NA;marine;NA;0.22;JB Juhel;NA;NA;134.07967;-3.90956;382;-291.15
SPY180992;LENG022;2;01/11/2017;LENG022;triton_bay;Central_Indo_Pacific;Indonesia;lengguru;point;bag_underwater;10:30;NA;NA;2;25;NA;NA;marine;NA;0.22;JB Juhel;NA;NA;134.07967;-3.90956;382;-291.15
SPY181053;LENG024;1;03/11/2017;LENG024;triton_bay;Central_Indo_Pacific;Indonesia;lengguru;point;bag_underwater;17:30;NA;NA;2;70;NA;NA;marine;NA;0.22;JB Juhel;NA;NA;134.12033;-3.79458;481;-279.35
SPY180988;LENG024;2;03/11/2017;LENG024;triton_bay;Central_Indo_Pacific;Indonesia;lengguru;point;bag_underwater;17:30;NA;NA;2;70;NA;NA;marine;NA;0.22;JB Juhel;NA;NA;134.12033;-3.79458;481;-279.35
SPY181055;LENG025;1;03/11/2017;LENG025;triton_bay;Central_Indo_Pacific;Indonesia;lengguru;point;bag_underwater;18:00;NA;NA;2;0;NA;NA;marine;NA;0.22;JB Juhel;NA;NA;134.12033;-3.79458;481;-279.35
SPY180975;LENG025;2;03/11/2017;LENG025;triton_bay;Central_Indo_Pacific;Indonesia;lengguru;point;bag_underwater;18:00;NA;NA;2;0;NA;NA;marine;NA;0.22;JB Juhel;NA;NA;134.12033;-3.79458;481;-279.35
SPY180981;LENG027;1;04/11/2017;LENG027;lobo;Central_Indo_Pacific;Indonesia;lengguru;point;bag_underwater;09:00;NA;NA;2;0;NA;NA;marine;NA;0.22;JB Juhel;NA;NA;134.16254;-3.77903;110;-278.52
SPY181046;LENG027;2;04/11/2017;LENG027;lobo;Central_Indo_Pacific;Indonesia;lengguru;point;bag_underwater;09:00;NA;NA;2;0;NA;NA;marine;NA;0.22;JB Juhel;NA;NA;134.16254;-3.77903;110;-278.52
SPY181041;LENG028;1;04/11/2017;LENG028;lobo;Central_Indo_Pacific;Indonesia;lengguru;point;bag_underwater;09:00;NA;NA;2;50;NA;NA;marine;NA;0.22;JB Juhel;NA;NA;134.09264;-3.8319;1060;-282.9
SPY180989;LENG028;2;04/11/2017;LENG028;lobo;Central_Indo_Pacific;Indonesia;lengguru;point;bag_underwater;09:00;NA;NA;2;50;NA;NA;marine;NA;0.22;JB Juhel;NA;NA;134.09264;-3.8319;1060;-282.9
SPY180999;LENG029;1;04/11/2017;LENG029;lobo;Central_Indo_Pacific;Indonesia;lengguru;point;bag_underwater;12:00;NA;NA;2;0;NA;NA;marine;NA;0.22;JB Juhel;NA;NA;134.09264;-3.8319;1060;-282.9
SPY180993;LENG029;2;04/11/2017;LENG029;lobo;Central_Indo_Pacific;Indonesia;lengguru;point;bag_underwater;12:00;NA;NA;2;0;NA;NA;marine;NA;0.22;JB Juhel;NA;NA;134.09264;-3.8319;1060;-282.9
SPY181033;LENG030;1;07/11/2017;LENG030;pulau_aiduma;Central_Indo_Pacific;Indonesia;lengguru;point;bag_underwater;09:45;NA;NA;2;0;NA;NA;marine;NA;0.22;JB Juhel;NA;NA;134.20171;-4.01173;10;-304.61
SPY181031;LENG030;2;07/11/2017;LENG030;pulau_aiduma;Central_Indo_Pacific;Indonesia;lengguru;point;bag_underwater;09:45;NA;NA;2;0;NA;NA;marine;NA;0.22;JB Juhel;NA;NA;134.20171;-4.01173;10;-304.61
SPY181061;LENG031;1;07/11/2017;LENG031;pulau_aiduma;Central_Indo_Pacific;Indonesia;lengguru;point;bag_underwater;11:00;NA;NA;2;93;NA;NA;marine;NA;0.22;JB Juhel;NA;NA;134.20171;-4.01173;10;-304.61
SPY181051;LENG031;2;07/11/2017;LENG031;pulau_aiduma;Central_Indo_Pacific;Indonesia;lengguru;point;bag_underwater;11:00;NA;NA;2;93;NA;NA;marine;NA;0.22;JB Juhel;NA;NA;134.20171;-4.01173;10;-304.61
SPY181064;LENG032;1;07/11/2017;LENG032;pulau_aiduma;Central_Indo_Pacific;Indonesia;lengguru;point;bag_underwater;11:00;NA;NA;2;25;NA;NA;marine;NA;0.22;JB Juhel;NA;NA;134.20171;-4.01173;10;-304.61
SPY180986;LENG032;2;07/11/2017;LENG032;pulau_aiduma;Central_Indo_Pacific;Indonesia;lengguru;point;bag_underwater;11:00;NA;NA;2;25;NA;NA;marine;NA;0.22;JB Juhel;NA;NA;134.20171;-4.01173;10;-304.61
SPY181048;LENG033;1;08/11/2017;LENG033;tanjung_boi;Central_Indo_Pacific;Indonesia;lengguru;point;bag_underwater;10:45;NA;NA;2;0;NA;NA;marine;NA;0.22;JB Juhel;NA;NA;134.48901;-4.03573;1413;-314.82
SPY181006;LENG033;2;08/11/2017;LENG033;tanjung_boi;Central_Indo_Pacific;Indonesia;lengguru;point;bag_underwater;10:45;NA;NA;2;0;NA;NA;marine;NA;0.22;JB Juhel;NA;NA;134.48901;-4.03573;1413;-314.82
SPY180982;LENG034;1;08/11/2017;LENG034;tanjung_boi;Central_Indo_Pacific;Indonesia;lengguru;point;bag_underwater;12:30;NA;NA;2;80;NA;NA;marine;NA;0.22;JB Juhel;NA;NA;134.48901;-4.03573;1413;-314.82
SPY181038;LENG034;2;08/11/2017;LENG034;tanjung_boi;Central_Indo_Pacific;Indonesia;lengguru;point;bag_underwater;12:30;NA;NA;2;80;NA;NA;marine;NA;0.22;JB Juhel;NA;NA;134.48901;-4.03573;1413;-314.82
SPY180985;LENG035;1;08/11/2017;LENG035;tanjung_boi;Central_Indo_Pacific;Indonesia;lengguru;point;bag_underwater;12:30;NA;NA;2;33;NA;NA;marine;NA;0.22;JB Juhel;NA;NA;134.48901;-4.03573;1413;-314.82
SPY181035;LENG035;2;08/11/2017;LENG035;tanjung_boi;Central_Indo_Pacific;Indonesia;lengguru;point;bag_underwater;12:30;NA;NA;2;33;NA;NA;marine;NA;0.22;JB Juhel;NA;NA;134.48901;-4.03573;1413;-314.82
SPY181062;LENG037;1;09/11/2017;LENG037;pulau_aiduma_ext;Central_Indo_Pacific;Indonesia;lengguru;point;bag_underwater;14:50;NA;NA;2;0;NA;NA;marine;NA;0.22;JB Juhel;NA;NA;134.28719;-4.03521;1036;-309.1
SPY181063;LENG037;2;09/11/2017;LENG037;pulau_aiduma_ext;Central_Indo_Pacific;Indonesia;lengguru;point;bag_underwater;14:50;NA;NA;2;0;NA;NA;marine;NA;0.22;JB Juhel;NA;NA;134.28719;-4.03521;1036;-309.1
SPY181011;LENG038;1;09/11/2017;LENG038;pulau_aiduma_ext;Central_Indo_Pacific;Indonesia;lengguru;point;bag_underwater;15:30;NA;NA;2;70;NA;NA;marine;NA;0.22;JB Juhel;NA;NA;134.28719;-4.03521;1036;-309.1
SPY181058;LENG038;2;09/11/2017;LENG038;pulau_aiduma_ext;Central_Indo_Pacific;Indonesia;lengguru;point;bag_underwater;15:30;NA;NA;2;70;NA;NA;marine;NA;0.22;JB Juhel;NA;NA;134.28719;-4.03521;1036;-309.1
SPY181002;LENG039;1;09/11/2017;LENG039;pulau_aiduma_ext;Central_Indo_Pacific;Indonesia;lengguru;point;bag_underwater;15:30;NA;NA;2;31;NA;NA;marine;NA;0.22;JB Juhel;NA;NA;134.28719;-4.03521;1036;-309.1
SPY181043;LENG039;2;09/11/2017;LENG039;pulau_aiduma_ext;Central_Indo_Pacific;Indonesia;lengguru;point;bag_underwater;15:30;NA;NA;2;31;NA;NA;marine;NA;0.22;JB Juhel;NA;NA;134.28719;-4.03521;1036;-309.1
SPY181003;LENG045;1;14/11/2017;LENG045;kitikiti;Central_Indo_Pacific;Indonesia;lengguru;point;bag_underwater;11:50;NA;NA;2;0;NA;NA;marine;NA;0.22;JB Juhel;NA;NA;132.80188;-3.93609;10;-306.62
SPY181045;LENG045;1;14/11/2017;LENG045;kitikiti;Central_Indo_Pacific;Indonesia;lengguru;point;bag_underwater;11:50;NA;NA;2;0;NA;NA;marine;NA;0.22;JB Juhel;NA;NA;132.80188;-3.93609;10;-306.62
SPY180974;LENG046;2;14/11/2017;LENG046;kitikiti;Central_Indo_Pacific;Indonesia;lengguru;point;bag_underwater;12:30;NA;NA;2;70;NA;NA;marine;NA;0.22;JB Juhel;NA;NA;132.80188;-3.93609;10;-306.62
SPY180187;LENG046;1;14/11/2017;LENG046;kitikiti;Central_Indo_Pacific;Indonesia;lengguru;point;bag_underwater;12:30;NA;NA;1.1;70;NA;NA;marine;NA;0.22;JB Juhel;NA;NA;132.80188;-3.93609;10;-306.62
SPY180976;LENG046;3;15/11/2017;LENG046;kitikiti;Central_Indo_Pacific;Indonesia;lengguru;point;bag_underwater;11:20;NA;NA;2;70;NA;NA;marine;NA;0.22;JB Juhel;NA;replicate LENG046 done the day after to complete the missing volume;132.80188;-3.93609;10;-306.62
SPY181001;LENG047;1;14/11/2017;LENG047;kitikiti;Central_Indo_Pacific;Indonesia;lengguru;point;bag_underwater;13:00;NA;NA;2;30;NA;NA;marine;NA;0.22;JB Juhel;NA;NA;132.80188;-3.93609;10;-306.62
SPY181010;LENG047;2;14/11/2017;LENG047;kitikiti;Central_Indo_Pacific;Indonesia;lengguru;point;bag_underwater;13:00;NA;NA;2;30;NA;NA;marine;NA;0.22;JB Juhel;NA;NA;132.80188;-3.93609;10;-306.62
SPY180995;LENG048;1;15/11/2017;LENG048;kitikiti;Central_Indo_Pacific;Indonesia;lengguru;point;bag_underwater;11:40;NA;NA;2;120;NA;NA;marine;NA;0.22;JB Juhel;NA;NA;132.78685;-3.93424;92;-306.97
SPY181042;LENG048;2;15/11/2017;LENG048;kitikiti;Central_Indo_Pacific;Indonesia;lengguru;point;bag_underwater;11:40;NA;NA;2;120;NA;NA;marine;NA;0.22;JB Juhel;NA;NA;132.78685;-3.93424;92;-306.97
SPY180979;LENG049;1;16/11/2017;LENG049;kitikiti;Central_Indo_Pacific;Indonesia;lengguru;point;bag_underwater;08:49;NA;NA;2;270;NA;NA;marine;NA;0.22;JB Juhel;NA;NA;132.76505;-3.93543;2385;-307.88
SPY180996;LENG049;2;16/11/2017;LENG049;kitikiti;Central_Indo_Pacific;Indonesia;lengguru;point;bag_underwater;08:49;NA;NA;2;270;NA;NA;marine;NA;0.22;JB Juhel;NA;NA;132.76505;-3.93543;2385;-307.88
SPY181005;LENG053;1;21/11/2017;LENG053;cap_west;Central_Indo_Pacific;Indonesia;lengguru;point;bag_underwater;13:55;NA;NA;2;85;NA;NA;marine;NA;0.22;JB Juhel;NA;sampling from the Airaha;131.93184;-2.99063;6653;-269.16
SPY180973;LENG053;2;21/11/2017;LENG053;cap_west;Central_Indo_Pacific;Indonesia;lengguru;point;bag_underwater;13:55;NA;NA;2;85;NA;NA;marine;NA;0.22;JB Juhel;NA;sampling from the Airaha;131.93184;-2.99063;6653;-269.16
SPY181004;LENG054;1;21/11/2017;LENG054;cap_west;Central_Indo_Pacific;Indonesia;lengguru;point;bag_underwater;14:30;NA;NA;2;0;NA;NA;marine;NA;0.22;JB Juhel;NA;NA;131.93817;-3.00112;7197;-269.46
SPY181030;LENG054;2;21/11/2017;LENG054;cap_west;Central_Indo_Pacific;Indonesia;lengguru;point;bag_underwater;14:30;NA;NA;2;0;NA;NA;marine;NA;0.22;JB Juhel;NA;NA;131.93817;-3.00112;7197;-269.46
SPY180978;LENG055;1;22/11/2017;LENG055;pulau_pisang;Central_Indo_Pacific;Indonesia;lengguru;point;bag_underwater;11:14;NA;NA;2;0;NA;NA;marine;NA;0.22;JB Juhel;NA;divers in the area of sampling;131.60634;-2.65144;486;-274.41
SPY180998;LENG055;2;22/11/2017;LENG055;pulau_pisang;Central_Indo_Pacific;Indonesia;lengguru;point;bag_underwater;11:14;NA;NA;2;0;NA;NA;marine;NA;0.22;JB Juhel;NA;divers in the area of sampling;131.60634;-2.65144;486;-274.41
SPY180994;LENG056;1;22/11/2017;LENG056;pulau_pisang;Central_Indo_Pacific;Indonesia;lengguru;point;bag_underwater;11:30;NA;NA;2;30;NA;NA;marine;NA;0.22;JB Juhel;NA;NA;131.59814;-2.67144;435;-276.37
SPY181032;LENG056;2;22/11/2017;LENG056;pulau_pisang;Central_Indo_Pacific;Indonesia;lengguru;point;bag_underwater;11:30;NA;NA;2;30;NA;NA;marine;NA;0.22;JB Juhel;NA;NA;131.59814;-2.67144;435;-276.37
SPY181029;LENG057;1;23/11/2017;LENG057;channel_sorong;Central_Indo_Pacific;Indonesia;lengguru;point;bag_underwater;10:45;NA;NA;2;30;NA;NA;marine;NA;0.22;JB Juhel;NA;sampling from the Airaha;130.60258;-0.95288;3333;-344.73
SPY181034;LENG057;2;23/11/2017;LENG057;channel_sorong;Central_Indo_Pacific;Indonesia;lengguru;point;bag_underwater;10:45;NA;NA;2;30;NA;NA;marine;NA;0.22;JB Juhel;NA;sampling from the Airaha;130.60258;-0.95288;3333;-344.73
SPY180997;LENG058;1;23/11/2017;LENG058;channel_sorong;Central_Indo_Pacific;Indonesia;lengguru;point;bag_underwater;11:00;NA;NA;2;0;NA;NA;marine;NA;0.22;JB Juhel;NA;sampling from the Airaha;130.60258;-0.95288;3333;-344.73
SPY180977;LENG058;2;23/11/2017;LENG058;channel_sorong;Central_Indo_Pacific;Indonesia;lengguru;point;bag_underwater;11:00;NA;NA;2;0;NA;NA;marine;NA;0.22;JB Juhel;NA;sampling from the Airaha;130.60258;-0.95288;3333;-344.73
SPY190484;TR0010201;1;08/10/2019;NOUMEA_LAGON_1;NOUMEA;South_West_Pacific;NewCaledonia;REEF3.0;transect;transect_benthique;08:43;09:11;28;32;20;NA;NA;marine;LAGON;0.2;Florian Baletaud;LV;tuyau de 20 ou 30m desinfecte a la javel et rince entre deux transect;166.366385;-22.29461798;4033;4231.37
SPY190479;TR0010202;1;08/10/2019;NOUMEA_LAGON_2;NOUMEA;South_West_Pacific;NewCaledonia;REEF3.0;transect;transect_benthique;10:18;10:41;23;32;20;NA;NA;marine;LAGON;0.2;Florian Baletaud;LV;tuyau de 20 ou 30m desinfecte a la javel et rince entre deux transect;166.36528;-22.29926499;4537;4231.51
SPY190459;TR0010203;1;08/10/2019;NOUMEA_LAGON_3;NOUMEA;South_West_Pacific;NewCaledonia;REEF3.0;transect;transect_benthique;11:48;12:12;24;32;20;NA;NA;marine;LAGON;0.2;Florian Baletaud;LV;tuyau de 20 ou 30m desinfecte a la javel et rince entre deux transect;166.356277;-22.28809602;4268;4230.11
SPY191039;TR0010301;1;10/10/2019;NOUMEA_FONDS_BLANCS_1;NOUMEA;South_West_Pacific;NewCaledonia;REEF3.0;transect;transect_benthique;08:36;09:00;24;32;7;NA;NA;marine;FONDS_BLANCS;0.2;Florian Baletaud;LV;tuyau de 20 ou 30m desinfecte a la javel et rince entre deux transect;166.221832;-22.28450504;1718;4217.77
SPY191028;TR0010302;1;10/10/2019;NOUMEA_FONDS_BLANCS_2;NOUMEA;South_West_Pacific;NewCaledonia;REEF3.0;transect;transect_benthique;09:28;09:50;22;32;7;NA;NA;marine;FONDS_BLANCS;0.2;Florian Baletaud;LV;tuyau de 20 ou 30m desinfecte a la javel et rince entre deux transect;166.21072;-22.28308397;1699;4216.69
SPY191029;TR0010303;1;10/10/2019;NOUMEA_FONDS_BLANCS_3;NOUMEA;South_West_Pacific;NewCaledonia;REEF3.0;transect;transect_benthique;10:24;10:46;22;32;7;NA;NA;marine;FONDS_BLANCS;0.2;Florian Baletaud;LV;tuyau de 20 ou 30m desinfecte a la javel et rince entre deux transect;166.201926;-22.27208901;1712;4215.31
SPY191034;TR0010401;1;09/10/2019;NOUMEA_BARRIERE_EXTERNE_1;NOUMEA;South_West_Pacific;NewCaledonia;REEF3.0;transect;transect_benthique;08:42;09:06;24;32;10;NA;NA;marine;RECIF_BARRIERE;0.2;Florian Baletaud;LV;tuyau de 20 ou 30m desinfecte a la javel et rince entre deux transect;166.233112;-22.35017097;8572;4222.3
SPY191035;TR0010402;1;09/10/2019;NOUMEA_BARRIERE_EXTERNE_2;NOUMEA;South_West_Pacific;NewCaledonia;REEF3.0;transect;transect_benthique;09:44;10:06;22;32;10;NA;NA;marine;RECIF_BARRIERE;0.2;Florian Baletaud;LV;tuyau de 20 ou 30m desinfecte a la javel et rince entre deux transect;166.229977;-22.34168102;8183;4221.57
SPY191030;TR0010403;1;09/10/2019;NOUMEA_BARRIERE_EXTERNE_3;NOUMEA;South_West_Pacific;NewCaledonia;REEF3.0;transect;transect_benthique;10:54;11:16;22;32;10;NA;NA;marine;RECIF_BARRIERE;0.2;Florian Baletaud;LV;tuyau de 20 ou 30m desinfecte a la javel et rince entre deux transect;166.217878;-22.32065602;6043;4219.35
SPY191026;TR0020201;1;18/10/2019;STVINCENT_LAGON_1;STVINCENT;South_West_Pacific;NewCaledonia;REEF3.0;transect;transect_benthique;11:03;11:24;21;32;19;NA;NA;marine;LAGON;0.2;Florian Baletaud;LV;tuyau de 20 ou 30m desinfecte a la javel et rince entre deux transect;165.984781;-22.022961;3055;4182.39
SPY191027;TR0020202;1;18/10/2019;STVINCENT_LAGON_2;STVINCENT;South_West_Pacific;NewCaledonia;REEF3.0;transect;transect_benthique;12:02;12:24;22;32;19;NA;NA;marine;LAGON;0.2;Florian Baletaud;LV;tuyau de 20 ou 30m desinfecte a la javel et rince entre deux transect;165.994456;-22.020646;2991;4183.14
SPY191020;TR0020203;1;18/10/2019;STVINCENT_LAGON_3;STVINCENT;South_West_Pacific;NewCaledonia;REEF3.0;transect;transect_benthique;12:59;13:23;24;32;19;NA;NA;marine;LAGON;0.2;Florian Baletaud;LV;tuyau de 20 ou 30m desinfecte a la javel et rince entre deux transect;166.000649;-22.01984603;2302;4183.66
SPY190431;TR0020301;1;17/10/2019;STVINCENT_FONDS_BLANCS_1;STVINCENT;South_West_Pacific;NewCaledonia;REEF3.0;transect;transect_benthique;09:36;10:01;25;32;8;NA;NA;marine;FONDS_BLANCS;0.2;Florian Baletaud;LV;tuyau de 20 ou 30m desinfecte a la javel et rince entre deux transect;165.96515;-22.03110502;3470;4181.04
SPY190418;TR0020302;1;17/10/2019;STVINCENT_FONDS_BLANCS_2;STVINCENT;South_West_Pacific;NewCaledonia;REEF3.0;transect;transect_benthique;10:31;10:54;23;32;8;NA;NA;marine;FONDS_BLANCS;0.2;Florian Baletaud;LV;tuyau de 20 ou 30m desinfecte a la javel et rince entre deux transect;165.96985;-22.03445401;4129;4181.65
SPY190420;TR0020303;1;17/10/2019;STVINCENT_FONDS_BLANCS_3;STVINCENT;South_West_Pacific;NewCaledonia;REEF3.0;transect;transect_benthique;11:34;11:59;25;32;8;NA;NA;marine;FONDS_BLANCS;0.2;Florian Baletaud;LV;tuyau de 20 ou 30m desinfecte a la javel et rince entre deux transect;165.980551;-22.05089402;4903;4183.49
SPY190423;TR0020401;1;22/10/2019;STVINCENT_BARRIERE_EXTERNE_1;STVINCENT;South_West_Pacific;NewCaledonia;REEF3.0;transect;transect_benthique;10:25;10:49;24;32;10;NA;NA;marine;RECIF_BARRIERE;0.2;Florian Baletaud;LV;tuyau de 20 ou 30m desinfecte a la javel et rince entre deux transect;165.978274;-22.07648397;5131;4184.66
SPY190439;TR0020402;1;22/10/2019;STVINCENT_BARRIERE_EXTERNE_2;STVINCENT;South_West_Pacific;NewCaledonia;REEF3.0;transect;transect_benthique;11:26;11:53;27;32;10;NA;NA;marine;RECIF_BARRIERE;0.2;Florian Baletaud;LV;tuyau de 20 ou 30m desinfecte a la javel et rince entre deux transect;165.973843;-22.06782396;5468;4183.79
SPY190445;TR0020403;1;22/10/2019;STVINCENT_BARRIERE_EXTERNE_3;STVINCENT;South_West_Pacific;NewCaledonia;REEF3.0;transect;transect_benthique;12:35;12:55;20;32;10;NA;NA;marine;RECIF_BARRIERE;0.2;Florian Baletaud;LV;tuyau de 20 ou 30m desinfecte a la javel et rince entre deux transect;165.961204;-22.05091104;5089;4181.75
SPY191032;TR0030201;1;24/10/2019;BOURAIL_LAGON_1;BOURAIL;South_West_Pacific;NewCaledonia;REEF3.0;transect;transect_benthique;10:32;10:54;22;32;8;NA;NA;marine;LAGON;0.2;Florian Baletaud;LV;tuyau de 20 ou 30m desinfecte a la javel et rince entre deux transect;165.561206;-21.74434997;2587;4129.16
SPY191042;TR0030202;1;24/10/2019;BOURAIL_LAGON_2;BOURAIL;South_West_Pacific;NewCaledonia;REEF3.0;transect;transect_benthique;11:31;11:55;24;32;8;NA;NA;marine;LAGON;0.2;Florian Baletaud;LV;tuyau de 20 ou 30m desinfecte a la javel et rince entre deux transect;165.554044;-21.74347197;2922;4128.46
SPY191024;TR0030203;1;24/10/2019;BOURAIL_LAGON_3;BOURAIL;South_West_Pacific;NewCaledonia;REEF3.0;transect;transect_benthique;12:32;12:58;26;32;8;NA;NA;marine;LAGON;0.2;Florian Baletaud;LV;tuyau de 20 ou 30m desinfecte a la javel et rince entre deux transect;165.545243;-21.73816597;2133;4127.38
SPY191573;TR0030301;1;28/10/2019;BOURAIL_FONDS_BLANCS_1;BOURAIL;South_West_Pacific;NewCaledonia;REEF3.0;transect;transect_benthique;11:09;11:38;29;32;2;NA;NA;marine;FONDS_BLANCS;0.2;Florian Baletaud;LV;tuyau de 20 ou 30m desinfecte a la javel et rince entre deux transect;165.488727;-21.70477096;944;4120.48
SPY191575;TR0030302;1;28/10/2019;BOURAIL_FONDS_BLANCS_2;BOURAIL;South_West_Pacific;NewCaledonia;REEF3.0;transect;transect_benthique;12:14;12:39;25;32;2;NA;NA;marine;FONDS_BLANCS;0.2;Florian Baletaud;LV;tuyau de 20 ou 30m desinfecte a la javel et rince entre deux transect;165.481624;-21.696566;407;4119.39
SPY191022;TR0030303;1;28/10/2019;BOURAIL_FONDS_BLANCS_3;BOURAIL;South_West_Pacific;NewCaledonia;REEF3.0;transect;transect_benthique;13:22;13:47;25;32;2;NA;NA;marine;FONDS_BLANCS;0.2;Florian Baletaud;LV;tuyau de 20 ou 30m desinfecte a la javel et rince entre deux transect;165.474884;-21.68916897;1412;4118.39
SPY191017;TR0030401;1;29/10/2019;BOURAIL_BARRIERE_EXTERNE_1;BOURAIL;South_West_Pacific;NewCaledonia;REEF3.0;transect;transect_benthique;10:08;10:29;21;32;16;NA;NA;marine;RECIF_BARRIERE;0.2;Florian Baletaud;LV;tuyau de 20 ou 30m desinfecte a la javel et rince entre deux transect;165.461305;-21.68929503;2784;4117.16
SPY191018;TR0030402;1;29/10/2019;BOURAIL_BARRIERE_EXTERNE_2;BOURAIL;South_West_Pacific;NewCaledonia;REEF3.0;transect;transect_benthique;11:10;11:34;24;32;16;NA;NA;marine;RECIF_BARRIERE;0.2;Florian Baletaud;LV;tuyau de 20 ou 30m desinfecte a la javel et rince entre deux transect;165.455735;-21.67557604;1313;4115.93
SPY191023;TR0030403;1;29/10/2019;BOURAIL_BARRIERE_EXTERNE_3;BOURAIL;South_West_Pacific;NewCaledonia;REEF3.0;transect;transect_benthique;12:14;12:34;20;32;16;NA;NA;marine;RECIF_BARRIERE;0.2;Florian Baletaud;LV;tuyau de 20 ou 30m desinfecte a la javel et rince entre deux transect;165.446166;-21.662742;832;4114.37
SPY191021;TR0040201;1;21/11/2019;NEPOUI_LAGON_1;NEPOUI;South_West_Pacific;NewCaledonia;REEF3.0;transect;transect_benthique;11:16;11:37;21;32;18;NA;NA;marine;LAGON;0.2;Florian Baletaud;LV;tuyau de 20 ou 30m desinfecte a la javel et rince entre deux transect;164.975569;-21.39155801;2495;4057.17
SPY191041;TR0040202;1;21/11/2019;NEPOUI_LAGON_2;NEPOUI;South_West_Pacific;NewCaledonia;REEF3.0;transect;transect_benthique;12:40;13:01;21;32;18;NA;NA;marine;LAGON;0.2;Florian Baletaud;LV;tuyau de 20 ou 30m desinfecte a la javel et rince entre deux transect;164.982904;-21.386507;1508;4057.57
SPY190434;TR0040203;1;21/11/2019;NEPOUI_LAGON_3;NEPOUI;South_West_Pacific;NewCaledonia;REEF3.0;transect;transect_benthique;13:52;14:17;25;32;18;NA;NA;marine;LAGON;0.2;Florian Baletaud;LV;tuyau de 20 ou 30m desinfecte a la javel et rince entre deux transect;164.98312;-21.37910502;868;4057.19
SPY191019;TR0040301;1;20/11/2019;NEPOUI_FONDS_BLANCS_1;NEPOUI;South_West_Pacific;NewCaledonia;REEF3.0;transect;transect_benthique;11:19;11:43;24;32;3;NA;NA;marine;FONDS_BLANCS;0.2;Florian Baletaud;LV;tuyau de 20 ou 30m desinfecte a la javel et rince entre deux transect;164.951005;-21.39020098;3265;4054.87
SPY190443;TR0040302;1;20/11/2019;NEPOUI_FONDS_BLANCS_2;NEPOUI;South_West_Pacific;NewCaledonia;REEF3.0;transect;transect_benthique;12:24;12:44;20;32;3;NA;NA;marine;FONDS_BLANCS;0.2;Florian Baletaud;LV;tuyau de 20 ou 30m desinfecte a la javel et rince entre deux transect;164.945605;-21.38586997;2743;4054.15
SPY190425;TR0040303;1;20/11/2019;NEPOUI_FONDS_BLANCS_3;NEPOUI;South_West_Pacific;NewCaledonia;REEF3.0;transect;transect_benthique;13:24;13:45;21;32;3;NA;NA;marine;FONDS_BLANCS;0.2;Florian Baletaud;LV;tuyau de 20 ou 30m desinfecte a la javel et rince entre deux transect;164.937613;-21.38726497;3078;4053.5
SPY190433;TR0040401;1;19/11/2019;NEPOUI_BARRIERE_EXTERNE_1;NEPOUI;South_West_Pacific;NewCaledonia;REEF3.0;transect;transect_benthique;12:05;12:28;23;32;15;NA;NA;marine;RECIF_BARRIERE;0.2;Florian Baletaud;LV;tuyau de 20 ou 30m desinfecte a la javel et rince entre deux transect;164.918786;-21.39848499;5263;4052.4
SPY190440;TR0040402;1;19/11/2019;NEPOUI_BARRIERE_EXTERNE_2;NEPOUI;South_West_Pacific;NewCaledonia;REEF3.0;transect;transect_benthique;13:09;13:30;21;32;15;NA;NA;marine;RECIF_BARRIERE;0.2;Florian Baletaud;LV;tuyau de 20 ou 30m desinfecte a la javel et rince entre deux transect;164.897325;-21.38815798;6047;4049.9
SPY190437;TR0040403;1;19/11/2019;NEPOUI_BARRIERE_EXTERNE_3;NEPOUI;South_West_Pacific;NewCaledonia;REEF3.0;transect;transect_benthique;14:10;14:32;22;32;15;NA;NA;marine;RECIF_BARRIERE;0.2;Florian Baletaud;LV;tuyau de 20 ou 30m desinfecte a la javel et rince entre deux transect;164.895984;-21.38651504;6057;4049.69
SPY191016;TR0050201;1;02/12/2019;GATOPE_LAGON_1;GATOPE;South_West_Pacific;NewCaledonia;REEF3.0;transect;transect_benthique;15:07;15:24;17;32;20;NA;NA;marine;LAGON;0.2;Florian Baletaud;LV;tuyau de 20 ou 30m desinfecte a la javel et rince entre deux transect;164.608105;-20.96982297;3684;4001.17
SPY190446;TR0050202;1;02/12/2019;GATOPE_LAGON_2;GATOPE;South_West_Pacific;NewCaledonia;REEF3.0;transect;transect_benthique;13:45;14:08;23;32;20;NA;NA;marine;LAGON;0.2;Florian Baletaud;LV;tuyau de 20 ou 30m desinfecte a la javel et rince entre deux transect;164.605733;-20.96426703;3214;4000.66
SPY190442;TR0050203;1;02/12/2019;GATOPE_LAGON_3;GATOPE;South_West_Pacific;NewCaledonia;REEF3.0;transect;transect_benthique;15:36;15:57;21;32;20;NA;NA;marine;LAGON;0.2;Florian Baletaud;LV;tuyau de 20 ou 30m desinfecte a la javel et rince entre deux transect;164.601102;-20.959544;3075;3999.99
SPY190428;TR0050301;1;04/12/2019;GATOPE_FONDS_BLANCS_1;GATOPE;South_West_Pacific;NewCaledonia;REEF3.0;transect;transect_benthique;10:53;11:13;20;32;5;NA;NA;marine;FONDS_BLANCS;0.2;Florian Baletaud;LV;tuyau de 20 ou 30m desinfecte a la javel et rince entre deux transect;164.606232;-20.97107003;3903;4001.07
SPY190417;TR0050302;1;04/12/2019;GATOPE_FONDS_BLANCS_2;GATOPE;South_West_Pacific;NewCaledonia;REEF3.0;transect;transect_benthique;11:52;12:17;25;32;5;NA;NA;marine;FONDS_BLANCS;0.2;Florian Baletaud;LV;tuyau de 20 ou 30m desinfecte a la javel et rince entre deux transect;164.595707;-20.95967903;3093;3999.5
SPY190426;TR0050303;1;04/12/2019;GATOPE_FONDS_BLANCS_3;GATOPE;South_West_Pacific;NewCaledonia;REEF3.0;transect;transect_benthique;12:57;13:18;21;32;5;NA;NA;marine;FONDS_BLANCS;0.2;Florian Baletaud;LV;tuyau de 20 ou 30m desinfecte a la javel et rince entre deux transect;164.586165;-20.95097702;2273;3998.17
SPY190429;TR0050401;1;03/12/2019;GATOPE_BARRIERE_EXTERNE_1;GATOPE;South_West_Pacific;NewCaledonia;REEF3.0;transect;transect_benthique;09:53;10:12;19;32;16;NA;NA;marine;RECIF_BARRIERE;0.2;Florian Baletaud;LV;tuyau de 20 ou 30m desinfecte a la javel et rince entre deux transect;164.590195;-21.00414301;6333;4001.38
SPY190419;TR0050402;1;03/12/2019;GATOPE_BARRIERE_EXTERNE_2;GATOPE;South_West_Pacific;NewCaledonia;REEF3.0;transect;transect_benthique;10:57;11:18;21;32;16;NA;NA;marine;RECIF_BARRIERE;0.2;Florian Baletaud;LV;tuyau de 20 ou 30m desinfecte a la javel et rince entre deux transect;164.581627;-21.00147497;7063;4000.46
SPY190432;TR0050403;1;03/12/2019;GATOPE_BARRIERE_EXTERNE_3;GATOPE;South_West_Pacific;NewCaledonia;REEF3.0;transect;transect_benthique;11:53;12:18;25;32;16;NA;NA;marine;RECIF_BARRIERE;0.2;Florian Baletaud;LV;tuyau de 20 ou 30m desinfecte a la javel et rince entre deux transect;164.575358;-20.99376303;7448;3999.48
SPY191093;TR0060201;1;11/12/2019;GOLONE_LAGON_1;GOLONE;South_West_Pacific;NewCaledonia;REEF3.0;transect;transect_benthique;10:49;11:10;21;32;19;NA;NA;marine;LAGON;0.2;Florian Baletaud;LV;tuyau de 20 ou 30m desinfecte a la javel et rince entre deux transect;164.02002;-20.39139303;2907;3916.61
SPY191076;TR0060202;1;11/12/2019;GOLONE_LAGON_2;GOLONE;South_West_Pacific;NewCaledonia;REEF3.0;transect;transect_benthique;11:54;12:22;28;32;19;NA;NA;marine;LAGON;0.2;Florian Baletaud;LV;tuyau de 20 ou 30m desinfecte a la javel et rince entre deux transect;164.029432;-20.38958204;2792;3917.38
SPY190438;TR0060203;1;11/12/2019;GOLONE_LAGON_3;GOLONE;South_West_Pacific;NewCaledonia;REEF3.0;transect;transect_benthique;12:57;13:19;22;32;19;NA;NA;marine;LAGON;0.2;Florian Baletaud;LV;tuyau de 20 ou 30m desinfecte a la javel et rince entre deux transect;164.027466;-20.37757698;3148;3916.56
SPY191087;TR0060301;1;11/12/2019;GOLONE_FONDS_BLANCS_1;GOLONE;South_West_Pacific;NewCaledonia;REEF3.0;transect;transect_benthique;14:16;14:38;22;32;5;NA;NA;marine;FONDS_BLANCS;0.2;Florian Baletaud;LV;tuyau de 20 ou 30m desinfecte a la javel et rince entre deux transect;163.940367;-20.37520699;1889;3908.46
SPY191077;TR0060302;1;11/12/2019;GOLONE_FONDS_BLANCS_2;GOLONE;South_West_Pacific;NewCaledonia;REEF3.0;transect;transect_benthique;15:16;15:38;22;32;5;NA;NA;marine;FONDS_BLANCS;0.2;Florian Baletaud;LV;tuyau de 20 ou 30m desinfecte a la javel et rince entre deux transect;163.935579;-20.36849703;2845;3907.67
SPY190430;TR0060303;1;11/12/2019;GOLONE_FONDS_BLANCS_3;GOLONE;South_West_Pacific;NewCaledonia;REEF3.0;transect;transect_benthique;16:19;16:43;24;32;5;NA;NA;marine;FONDS_BLANCS;0.2;Florian Baletaud;LV;tuyau de 20 ou 30m desinfecte a la javel et rince entre deux transect;163.932218;-20.36162001;3725;3906.99
SPY191078;TR0060401;1;10/12/2019;GOLONE_BARRIERE_EXTERNE_1;GOLONE;South_West_Pacific;NewCaledonia;REEF3.0;transect;transect_benthique;10:18;10:35;17;32;13;NA;NA;marine;RECIF_BARRIERE;0.2;Florian Baletaud;LV;tuyau de 20 ou 30m desinfecte a la javel et rince entre deux transect;163.934214;-20.38080602;2053;3908.2
SPY191079;TR0060402;1;10/12/2019;GOLONE_BARRIERE_EXTERNE_2;GOLONE;South_West_Pacific;NewCaledonia;REEF3.0;transect;transect_benthique;11:15;11:35;20;32;13;NA;NA;marine;RECIF_BARRIERE;0.2;Florian Baletaud;LV;tuyau de 20 ou 30m desinfecte a la javel et rince entre deux transect;163.929701;-20.37345199;2916;3907.39
SPY190424;TR0060403;1;10/12/2019;GOLONE_BARRIERE_EXTERNE_3;GOLONE;South_West_Pacific;NewCaledonia;REEF3.0;transect;transect_benthique;12:16;12:35;19;32;13;NA;NA;marine;RECIF_BARRIERE;0.2;Florian Baletaud;LV;tuyau de 20 ou 30m desinfecte a la javel et rince entre deux transect;163.924875;-20.364925;3969;3906.5
