"","family","n_motus","n_motus_total","prop","site","province"
"30","Gobiidae",40,339,0.117994100294985,"site57","Tropical_Southwestern_Pacific"
"35","Labridae",37,339,0.109144542772861,"site57","Tropical_Southwestern_Pacific"
"4","Apogonidae",34,339,0.100294985250737,"site57","Tropical_Southwestern_Pacific"
"53","Pomacentridae",29,339,0.0855457227138643,"site57","Tropical_Southwestern_Pacific"
"38","Lutjanidae",16,339,0.0471976401179941,"site57","Tropical_Southwestern_Pacific"
"45","Myctophidae",14,339,0.0412979351032448,"site57","Tropical_Southwestern_Pacific"
"1","Acanthuridae",11,339,0.0324483775811209,"site57","Tropical_Southwestern_Pacific"
"43","Mullidae",11,339,0.0324483775811209,"site57","Tropical_Southwestern_Pacific"
"58","Serranidae",10,339,0.0294985250737463,"site57","Tropical_Southwestern_Pacific"
"33","Holocentridae",9,339,0.0265486725663717,"site57","Tropical_Southwestern_Pacific"
"11","Carcharhinidae",8,339,0.023598820058997,"site57","Tropical_Southwestern_Pacific"
"37","Lethrinidae",7,339,0.0206489675516224,"site57","Tropical_Southwestern_Pacific"
"52","Pomacanthidae",6,339,0.0176991150442478,"site57","Tropical_Southwestern_Pacific"
"55","Scaridae",6,339,0.0176991150442478,"site57","Tropical_Southwestern_Pacific"
"6","Balistidae",5,339,0.0147492625368732,"site57","Tropical_Southwestern_Pacific"
"10","Carangidae",5,339,0.0147492625368732,"site57","Tropical_Southwestern_Pacific"
"16","Clupeidae",5,339,0.0147492625368732,"site57","Tropical_Southwestern_Pacific"
"57","Scombridae",5,339,0.0147492625368732,"site57","Tropical_Southwestern_Pacific"
"59","Siganidae",5,339,0.0147492625368732,"site57","Tropical_Southwestern_Pacific"
"18","Dasyatidae",4,339,0.0117994100294985,"site57","Tropical_Southwestern_Pacific"
"31","Haemulidae",4,339,0.0117994100294985,"site57","Tropical_Southwestern_Pacific"
"40","Monacanthidae",4,339,0.0117994100294985,"site57","Tropical_Southwestern_Pacific"
"42","Mugilidae",4,339,0.0117994100294985,"site57","Tropical_Southwestern_Pacific"
"62","Tetraodontidae",4,339,0.0117994100294985,"site57","Tropical_Southwestern_Pacific"
"8","Blenniidae",3,339,0.00884955752212389,"site57","Tropical_Southwestern_Pacific"
"23","Engraulidae",3,339,0.00884955752212389,"site57","Tropical_Southwestern_Pacific"
"36","Leiognathidae",3,339,0.00884955752212389,"site57","Tropical_Southwestern_Pacific"
"44","Muraenidae",3,339,0.00884955752212389,"site57","Tropical_Southwestern_Pacific"
"7","Belonidae",2,339,0.00589970501474926,"site57","Tropical_Southwestern_Pacific"
"15","Cirrhitidae",2,339,0.00589970501474926,"site57","Tropical_Southwestern_Pacific"
"20","Dussumieriidae",2,339,0.00589970501474926,"site57","Tropical_Southwestern_Pacific"
"26","Exocoetidae",2,339,0.00589970501474926,"site57","Tropical_Southwestern_Pacific"
"27","Gerreidae",2,339,0.00589970501474926,"site57","Tropical_Southwestern_Pacific"
"46","Myliobatidae",2,339,0.00589970501474926,"site57","Tropical_Southwestern_Pacific"
"61","Synodontidae",2,339,0.00589970501474926,"site57","Tropical_Southwestern_Pacific"
"64","Tripterygiidae",2,339,0.00589970501474926,"site57","Tropical_Southwestern_Pacific"
"2","Ambassidae",1,339,0.00294985250737463,"site57","Tropical_Southwestern_Pacific"
"3","Anomalopidae",1,339,0.00294985250737463,"site57","Tropical_Southwestern_Pacific"
"5","Aulostomidae",1,339,0.00294985250737463,"site57","Tropical_Southwestern_Pacific"
"9","Bothidae",1,339,0.00294985250737463,"site57","Tropical_Southwestern_Pacific"
"12","Centriscidae",1,339,0.00294985250737463,"site57","Tropical_Southwestern_Pacific"
"13","Chaetodontidae",1,339,0.00294985250737463,"site57","Tropical_Southwestern_Pacific"
"14","Chirocentridae",1,339,0.00294985250737463,"site57","Tropical_Southwestern_Pacific"
"17","Congridae",1,339,0.00294985250737463,"site57","Tropical_Southwestern_Pacific"
"19","Diodontidae",1,339,0.00294985250737463,"site57","Tropical_Southwestern_Pacific"
"21","Echeneidae",1,339,0.00294985250737463,"site57","Tropical_Southwestern_Pacific"
"22","Elopidae",1,339,0.00294985250737463,"site57","Tropical_Southwestern_Pacific"
"24","Ephippidae",1,339,0.00294985250737463,"site57","Tropical_Southwestern_Pacific"
"25","Evermannellidae",1,339,0.00294985250737463,"site57","Tropical_Southwestern_Pacific"
"28","Ginglymostomatidae",1,339,0.00294985250737463,"site57","Tropical_Southwestern_Pacific"
"29","Gobiesocidae",1,339,0.00294985250737463,"site57","Tropical_Southwestern_Pacific"
"32","Hemiramphidae",1,339,0.00294985250737463,"site57","Tropical_Southwestern_Pacific"
"34","Kyphosidae",1,339,0.00294985250737463,"site57","Tropical_Southwestern_Pacific"
"39","Megalopidae",1,339,0.00294985250737463,"site57","Tropical_Southwestern_Pacific"
"41","Monodactylidae",1,339,0.00294985250737463,"site57","Tropical_Southwestern_Pacific"
"47","Ophichthidae",1,339,0.00294985250737463,"site57","Tropical_Southwestern_Pacific"
"48","Ostraciidae",1,339,0.00294985250737463,"site57","Tropical_Southwestern_Pacific"
"49","Paralepididae",1,339,0.00294985250737463,"site57","Tropical_Southwestern_Pacific"
"50","Pempheridae",1,339,0.00294985250737463,"site57","Tropical_Southwestern_Pacific"
"51","Pinguipedidae",1,339,0.00294985250737463,"site57","Tropical_Southwestern_Pacific"
"54","Rhynchobatidae",1,339,0.00294985250737463,"site57","Tropical_Southwestern_Pacific"
"56","Scatophagidae",1,339,0.00294985250737463,"site57","Tropical_Southwestern_Pacific"
"60","Sphyraenidae",1,339,0.00294985250737463,"site57","Tropical_Southwestern_Pacific"
"63","Trichiuridae",1,339,0.00294985250737463,"site57","Tropical_Southwestern_Pacific"
"311","Labridae",41,336,0.12202380952381,"site54","Tropical_Southwestern_Pacific"
"261","Gobiidae",28,336,0.0833333333333333,"site54","Tropical_Southwestern_Pacific"
"210","Apogonidae",22,336,0.0654761904761905,"site54","Tropical_Southwestern_Pacific"
"391","Myctophidae",21,336,0.0625,"site54","Tropical_Southwestern_Pacific"
"481","Pomacentridae",21,336,0.0625,"site54","Tropical_Southwestern_Pacific"
"110","Acanthuridae",15,336,0.0446428571428571,"site54","Tropical_Southwestern_Pacific"
"331","Lethrinidae",11,336,0.0327380952380952,"site54","Tropical_Southwestern_Pacific"
"341","Lutjanidae",11,336,0.0327380952380952,"site54","Tropical_Southwestern_Pacific"
"291","Holocentridae",10,336,0.0297619047619048,"site54","Tropical_Southwestern_Pacific"
"371","Mullidae",10,336,0.0297619047619048,"site54","Tropical_Southwestern_Pacific"
"531","Serranidae",9,336,0.0267857142857143,"site54","Tropical_Southwestern_Pacific"
"101","Carcharhinidae",8,336,0.0238095238095238,"site54","Tropical_Southwestern_Pacific"
"510","Balistidae",7,336,0.0208333333333333,"site54","Tropical_Southwestern_Pacific"
"381","Muraenidae",7,336,0.0208333333333333,"site54","Tropical_Southwestern_Pacific"
"471","Pomacanthidae",7,336,0.0208333333333333,"site54","Tropical_Southwestern_Pacific"
"91","Carangidae",6,336,0.0178571428571429,"site54","Tropical_Southwestern_Pacific"
"151","Clupeidae",6,336,0.0178571428571429,"site54","Tropical_Southwestern_Pacific"
"171","Dasyatidae",6,336,0.0178571428571429,"site54","Tropical_Southwestern_Pacific"
"591","Tetraodontidae",6,336,0.0178571428571429,"site54","Tropical_Southwestern_Pacific"
"351","Monacanthidae",5,336,0.0148809523809524,"site54","Tropical_Southwestern_Pacific"
"511","Scaridae",5,336,0.0148809523809524,"site54","Tropical_Southwestern_Pacific"
"521","Scombridae",5,336,0.0148809523809524,"site54","Tropical_Southwestern_Pacific"
"65","Belonidae",4,336,0.0119047619047619,"site54","Tropical_Southwestern_Pacific"
"431","Ostraciidae",4,336,0.0119047619047619,"site54","Tropical_Southwestern_Pacific"
"541","Siganidae",4,336,0.0119047619047619,"site54","Tropical_Southwestern_Pacific"
"581","Synodontidae",4,336,0.0119047619047619,"site54","Tropical_Southwestern_Pacific"
"310","Atherinidae",3,336,0.00892857142857143,"site54","Tropical_Southwestern_Pacific"
"111","Chaetodontidae",3,336,0.00892857142857143,"site54","Tropical_Southwestern_Pacific"
"271","Haemulidae",3,336,0.00892857142857143,"site54","Tropical_Southwestern_Pacific"
"401","Myliobatidae",3,336,0.00892857142857143,"site54","Tropical_Southwestern_Pacific"
"451","Pinguipedidae",3,336,0.00892857142857143,"site54","Tropical_Southwestern_Pacific"
"601","Tripterygiidae",3,336,0.00892857142857143,"site54","Tropical_Southwestern_Pacific"
"71","Blenniidae",2,336,0.00595238095238095,"site54","Tropical_Southwestern_Pacific"
"81","Callionymidae",2,336,0.00595238095238095,"site54","Tropical_Southwestern_Pacific"
"141","Cirrhitidae",2,336,0.00595238095238095,"site54","Tropical_Southwestern_Pacific"
"181","Diodontidae",2,336,0.00595238095238095,"site54","Tropical_Southwestern_Pacific"
"221","Exocoetidae",2,336,0.00595238095238095,"site54","Tropical_Southwestern_Pacific"
"251","Gobiesocidae",2,336,0.00595238095238095,"site54","Tropical_Southwestern_Pacific"
"301","Kyphosidae",2,336,0.00595238095238095,"site54","Tropical_Southwestern_Pacific"
"410","Aulostomidae",1,336,0.00297619047619048,"site54","Tropical_Southwestern_Pacific"
"121","Chirocentridae",1,336,0.00297619047619048,"site54","Tropical_Southwestern_Pacific"
"131","Cichlidae",1,336,0.00297619047619048,"site54","Tropical_Southwestern_Pacific"
"161","Congridae",1,336,0.00297619047619048,"site54","Tropical_Southwestern_Pacific"
"191","Dussumieriidae",1,336,0.00297619047619048,"site54","Tropical_Southwestern_Pacific"
"201","Echeneidae",1,336,0.00297619047619048,"site54","Tropical_Southwestern_Pacific"
"211","Engraulidae",1,336,0.00297619047619048,"site54","Tropical_Southwestern_Pacific"
"231","Gempylidae",1,336,0.00297619047619048,"site54","Tropical_Southwestern_Pacific"
"241","Ginglymostomatidae",1,336,0.00297619047619048,"site54","Tropical_Southwestern_Pacific"
"281","Hemiramphidae",1,336,0.00297619047619048,"site54","Tropical_Southwestern_Pacific"
"321","Leiognathidae",1,336,0.00297619047619048,"site54","Tropical_Southwestern_Pacific"
"361","Mugilidae",1,336,0.00297619047619048,"site54","Tropical_Southwestern_Pacific"
"411","Nomeidae",1,336,0.00297619047619048,"site54","Tropical_Southwestern_Pacific"
"421","Ophichthidae",1,336,0.00297619047619048,"site54","Tropical_Southwestern_Pacific"
"441","Paralepididae",1,336,0.00297619047619048,"site54","Tropical_Southwestern_Pacific"
"461","Plotosidae",1,336,0.00297619047619048,"site54","Tropical_Southwestern_Pacific"
"491","Pseudochromidae",1,336,0.00297619047619048,"site54","Tropical_Southwestern_Pacific"
"501","Rhynchobatidae",1,336,0.00297619047619048,"site54","Tropical_Southwestern_Pacific"
"551","Sillaginidae",1,336,0.00297619047619048,"site54","Tropical_Southwestern_Pacific"
"561","Sphyraenidae",1,336,0.00297619047619048,"site54","Tropical_Southwestern_Pacific"
"571","Synanceiidae",1,336,0.00297619047619048,"site54","Tropical_Southwestern_Pacific"
"332","Labridae",42,378,0.111111111111111,"site58","Tropical_Southwestern_Pacific"
"282","Gobiidae",33,378,0.0873015873015873,"site58","Tropical_Southwestern_Pacific"
"492","Pomacentridae",32,378,0.0846560846560847,"site58","Tropical_Southwestern_Pacific"
"312","Apogonidae",27,378,0.0714285714285714,"site58","Tropical_Southwestern_Pacific"
"362","Lutjanidae",20,378,0.0529100529100529,"site58","Tropical_Southwestern_Pacific"
"112","Acanthuridae",17,378,0.044973544973545,"site58","Tropical_Southwestern_Pacific"
"542","Serranidae",17,378,0.044973544973545,"site58","Tropical_Southwestern_Pacific"
"412","Myctophidae",13,378,0.0343915343915344,"site58","Tropical_Southwestern_Pacific"
"392","Mullidae",12,378,0.0317460317460317,"site58","Tropical_Southwestern_Pacific"
"313","Holocentridae",11,378,0.0291005291005291,"site58","Tropical_Southwestern_Pacific"
"352","Lethrinidae",10,378,0.0264550264550265,"site58","Tropical_Southwestern_Pacific"
"402","Muraenidae",10,378,0.0264550264550265,"site58","Tropical_Southwestern_Pacific"
"102","Carangidae",9,378,0.0238095238095238,"site58","Tropical_Southwestern_Pacific"
"113","Carcharhinidae",9,378,0.0238095238095238,"site58","Tropical_Southwestern_Pacific"
"66","Balistidae",7,378,0.0185185185185185,"site58","Tropical_Southwestern_Pacific"
"382","Monacanthidae",7,378,0.0185185185185185,"site58","Tropical_Southwestern_Pacific"
"482","Pomacanthidae",6,378,0.0158730158730159,"site58","Tropical_Southwestern_Pacific"
"512","Scaridae",6,378,0.0158730158730159,"site58","Tropical_Southwestern_Pacific"
"592","Tetraodontidae",6,378,0.0158730158730159,"site58","Tropical_Southwestern_Pacific"
"82","Blenniidae",5,378,0.0132275132275132,"site58","Tropical_Southwestern_Pacific"
"292","Haemulidae",5,378,0.0132275132275132,"site58","Tropical_Southwestern_Pacific"
"522","Scombridae",5,378,0.0132275132275132,"site58","Tropical_Southwestern_Pacific"
"122","Chaetodontidae",4,378,0.0105820105820106,"site58","Tropical_Southwestern_Pacific"
"172","Clupeidae",4,378,0.0105820105820106,"site58","Tropical_Southwestern_Pacific"
"182","Dasyatidae",4,378,0.0105820105820106,"site58","Tropical_Southwestern_Pacific"
"552","Siganidae",4,378,0.0105820105820106,"site58","Tropical_Southwestern_Pacific"
"413","Atherinidae",3,378,0.00793650793650794,"site58","Tropical_Southwestern_Pacific"
"212","Engraulidae",3,378,0.00793650793650794,"site58","Tropical_Southwestern_Pacific"
"72","Belonidae",2,378,0.00529100529100529,"site58","Tropical_Southwestern_Pacific"
"162","Cirrhitidae",2,378,0.00529100529100529,"site58","Tropical_Southwestern_Pacific"
"192","Diodontidae",2,378,0.00529100529100529,"site58","Tropical_Southwestern_Pacific"
"202","Dussumieriidae",2,378,0.00529100529100529,"site58","Tropical_Southwestern_Pacific"
"232","Exocoetidae",2,378,0.00529100529100529,"site58","Tropical_Southwestern_Pacific"
"272","Gobiesocidae",2,378,0.00529100529100529,"site58","Tropical_Southwestern_Pacific"
"322","Kyphosidae",2,378,0.00529100529100529,"site58","Tropical_Southwestern_Pacific"
"342","Leiognathidae",2,378,0.00529100529100529,"site58","Tropical_Southwestern_Pacific"
"422","Myliobatidae",2,378,0.00529100529100529,"site58","Tropical_Southwestern_Pacific"
"442","Ostraciidae",2,378,0.00529100529100529,"site58","Tropical_Southwestern_Pacific"
"452","Pempheridae",2,378,0.00529100529100529,"site58","Tropical_Southwestern_Pacific"
"462","Pinguipedidae",2,378,0.00529100529100529,"site58","Tropical_Southwestern_Pacific"
"582","Synodontidae",2,378,0.00529100529100529,"site58","Tropical_Southwestern_Pacific"
"602","Tripterygiidae",2,378,0.00529100529100529,"site58","Tropical_Southwestern_Pacific"
"213","Albulidae",1,378,0.00264550264550265,"site58","Tropical_Southwestern_Pacific"
"513","Aulostomidae",1,378,0.00264550264550265,"site58","Tropical_Southwestern_Pacific"
"92","Bothidae",1,378,0.00264550264550265,"site58","Tropical_Southwestern_Pacific"
"132","Chanidae",1,378,0.00264550264550265,"site58","Tropical_Southwestern_Pacific"
"142","Chirocentridae",1,378,0.00264550264550265,"site58","Tropical_Southwestern_Pacific"
"152","Cichlidae",1,378,0.00264550264550265,"site58","Tropical_Southwestern_Pacific"
"222","Ephippidae",1,378,0.00264550264550265,"site58","Tropical_Southwestern_Pacific"
"242","Fistulariidae",1,378,0.00264550264550265,"site58","Tropical_Southwestern_Pacific"
"252","Gerreidae",1,378,0.00264550264550265,"site58","Tropical_Southwestern_Pacific"
"262","Ginglymostomatidae",1,378,0.00264550264550265,"site58","Tropical_Southwestern_Pacific"
"302","Hemiramphidae",1,378,0.00264550264550265,"site58","Tropical_Southwestern_Pacific"
"372","Megalopidae",1,378,0.00264550264550265,"site58","Tropical_Southwestern_Pacific"
"432","Ophichthidae",1,378,0.00264550264550265,"site58","Tropical_Southwestern_Pacific"
"472","Plesiopidae",1,378,0.00264550264550265,"site58","Tropical_Southwestern_Pacific"
"502","Priacanthidae",1,378,0.00264550264550265,"site58","Tropical_Southwestern_Pacific"
"532","Scorpaenidae",1,378,0.00264550264550265,"site58","Tropical_Southwestern_Pacific"
"562","Sphyraenidae",1,378,0.00264550264550265,"site58","Tropical_Southwestern_Pacific"
"572","Synanceiidae",1,378,0.00264550264550265,"site58","Tropical_Southwestern_Pacific"
"611","Zanclidae",1,378,0.00264550264550265,"site58","Tropical_Southwestern_Pacific"
"343","Labridae",44,359,0.122562674094708,"site56","Tropical_Southwestern_Pacific"
"283","Gobiidae",32,359,0.0891364902506964,"site56","Tropical_Southwestern_Pacific"
"523","Pomacentridae",31,359,0.0863509749303621,"site56","Tropical_Southwestern_Pacific"
"314","Apogonidae",24,359,0.0668523676880223,"site56","Tropical_Southwestern_Pacific"
"443","Myctophidae",18,359,0.0501392757660167,"site56","Tropical_Southwestern_Pacific"
"114","Acanthuridae",17,359,0.0473537604456825,"site56","Tropical_Southwestern_Pacific"
"373","Lutjanidae",16,359,0.0445682451253482,"site56","Tropical_Southwestern_Pacific"
"553","Serranidae",15,359,0.0417827298050139,"site56","Tropical_Southwestern_Pacific"
"423","Mullidae",11,359,0.0306406685236769,"site56","Tropical_Southwestern_Pacific"
"115","Carcharhinidae",10,359,0.0278551532033426,"site56","Tropical_Southwestern_Pacific"
"363","Lethrinidae",9,359,0.0250696378830084,"site56","Tropical_Southwestern_Pacific"
"315","Holocentridae",8,359,0.0222841225626741,"site56","Tropical_Southwestern_Pacific"
"514","Pomacanthidae",7,359,0.0194986072423398,"site56","Tropical_Southwestern_Pacific"
"73","Blenniidae",6,359,0.0167130919220056,"site56","Tropical_Southwestern_Pacific"
"103","Carangidae",6,359,0.0167130919220056,"site56","Tropical_Southwestern_Pacific"
"183","Dasyatidae",6,359,0.0167130919220056,"site56","Tropical_Southwestern_Pacific"
"293","Haemulidae",6,359,0.0167130919220056,"site56","Tropical_Southwestern_Pacific"
"533","Scaridae",6,359,0.0167130919220056,"site56","Tropical_Southwestern_Pacific"
"515","Balistidae",5,359,0.0139275766016713,"site56","Tropical_Southwestern_Pacific"
"133","Chaetodontidae",5,359,0.0139275766016713,"site56","Tropical_Southwestern_Pacific"
"433","Muraenidae",5,359,0.0139275766016713,"site56","Tropical_Southwestern_Pacific"
"603","Tetraodontidae",5,359,0.0139275766016713,"site56","Tropical_Southwestern_Pacific"
"333","Kyphosidae",4,359,0.011142061281337,"site56","Tropical_Southwestern_Pacific"
"393","Monacanthidae",4,359,0.011142061281337,"site56","Tropical_Southwestern_Pacific"
"563","Siganidae",4,359,0.011142061281337,"site56","Tropical_Southwestern_Pacific"
"67","Belonidae",3,359,0.00835654596100279,"site56","Tropical_Southwestern_Pacific"
"173","Clupeidae",3,359,0.00835654596100279,"site56","Tropical_Southwestern_Pacific"
"543","Scombridae",3,359,0.00835654596100279,"site56","Tropical_Southwestern_Pacific"
"593","Synodontidae",3,359,0.00835654596100279,"site56","Tropical_Southwestern_Pacific"
"163","Cirrhitidae",2,359,0.00557103064066852,"site56","Tropical_Southwestern_Pacific"
"223","Engraulidae",2,359,0.00557103064066852,"site56","Tropical_Southwestern_Pacific"
"233","Exocoetidae",2,359,0.00557103064066852,"site56","Tropical_Southwestern_Pacific"
"253","Gerreidae",2,359,0.00557103064066852,"site56","Tropical_Southwestern_Pacific"
"273","Gobiesocidae",2,359,0.00557103064066852,"site56","Tropical_Southwestern_Pacific"
"353","Leiognathidae",2,359,0.00557103064066852,"site56","Tropical_Southwestern_Pacific"
"453","Myliobatidae",2,359,0.00557103064066852,"site56","Tropical_Southwestern_Pacific"
"493","Pempheridae",2,359,0.00557103064066852,"site56","Tropical_Southwestern_Pacific"
"503","Pinguipedidae",2,359,0.00557103064066852,"site56","Tropical_Southwestern_Pacific"
"612","Tripterygiidae",2,359,0.00557103064066852,"site56","Tropical_Southwestern_Pacific"
"214","Albulidae",1,359,0.00278551532033426,"site56","Tropical_Southwestern_Pacific"
"414","Atherinidae",1,359,0.00278551532033426,"site56","Tropical_Southwestern_Pacific"
"83","Bregmacerotidae",1,359,0.00278551532033426,"site56","Tropical_Southwestern_Pacific"
"93","Callionymidae",1,359,0.00278551532033426,"site56","Tropical_Southwestern_Pacific"
"123","Centriscidae",1,359,0.00278551532033426,"site56","Tropical_Southwestern_Pacific"
"143","Chirocentridae",1,359,0.00278551532033426,"site56","Tropical_Southwestern_Pacific"
"153","Cichlidae",1,359,0.00278551532033426,"site56","Tropical_Southwestern_Pacific"
"193","Diodontidae",1,359,0.00278551532033426,"site56","Tropical_Southwestern_Pacific"
"203","Dussumieriidae",1,359,0.00278551532033426,"site56","Tropical_Southwestern_Pacific"
"215","Elopidae",1,359,0.00278551532033426,"site56","Tropical_Southwestern_Pacific"
"243","Fistulariidae",1,359,0.00278551532033426,"site56","Tropical_Southwestern_Pacific"
"263","Ginglymostomatidae",1,359,0.00278551532033426,"site56","Tropical_Southwestern_Pacific"
"303","Hemiramphidae",1,359,0.00278551532033426,"site56","Tropical_Southwestern_Pacific"
"323","Istiophoridae",1,359,0.00278551532033426,"site56","Tropical_Southwestern_Pacific"
"383","Megalopidae",1,359,0.00278551532033426,"site56","Tropical_Southwestern_Pacific"
"403","Monodactylidae",1,359,0.00278551532033426,"site56","Tropical_Southwestern_Pacific"
"415","Mugilidae",1,359,0.00278551532033426,"site56","Tropical_Southwestern_Pacific"
"463","Ophichthidae",1,359,0.00278551532033426,"site56","Tropical_Southwestern_Pacific"
"473","Osphronemidae",1,359,0.00278551532033426,"site56","Tropical_Southwestern_Pacific"
"483","Ostraciidae",1,359,0.00278551532033426,"site56","Tropical_Southwestern_Pacific"
"573","Sphyraenidae",1,359,0.00278551532033426,"site56","Tropical_Southwestern_Pacific"
"583","Syngnathidae",1,359,0.00278551532033426,"site56","Tropical_Southwestern_Pacific"
"621","Zanclidae",1,359,0.00278551532033426,"site56","Tropical_Southwestern_Pacific"
"204","Labridae",22,179,0.122905027932961,"site53","Tropical_Southwestern_Pacific"
"164","Gobiidae",16,179,0.0893854748603352,"site53","Tropical_Southwestern_Pacific"
"316","Pomacentridae",14,179,0.0782122905027933,"site53","Tropical_Southwestern_Pacific"
"116","Acanthuridae",13,179,0.0726256983240224,"site53","Tropical_Southwestern_Pacific"
"224","Lutjanidae",11,179,0.0614525139664804,"site53","Tropical_Southwestern_Pacific"
"244","Mullidae",11,179,0.0614525139664804,"site53","Tropical_Southwestern_Pacific"
"216","Apogonidae",10,179,0.0558659217877095,"site53","Tropical_Southwestern_Pacific"
"217","Lethrinidae",7,179,0.0391061452513966,"site53","Tropical_Southwestern_Pacific"
"304","Pomacanthidae",7,179,0.0391061452513966,"site53","Tropical_Southwestern_Pacific"
"184","Holocentridae",6,179,0.0335195530726257,"site53","Tropical_Southwestern_Pacific"
"117","Dasyatidae",5,179,0.0279329608938547,"site53","Tropical_Southwestern_Pacific"
"344","Serranidae",5,179,0.0279329608938547,"site53","Tropical_Southwestern_Pacific"
"416","Balistidae",4,179,0.0223463687150838,"site53","Tropical_Southwestern_Pacific"
"174","Haemulidae",4,179,0.0223463687150838,"site53","Tropical_Southwestern_Pacific"
"254","Muraenidae",4,179,0.0223463687150838,"site53","Tropical_Southwestern_Pacific"
"324","Scaridae",4,179,0.0223463687150838,"site53","Tropical_Southwestern_Pacific"
"354","Siganidae",4,179,0.0223463687150838,"site53","Tropical_Southwestern_Pacific"
"264","Myctophidae",3,179,0.0167597765363128,"site53","Tropical_Southwestern_Pacific"
"274","Myliobatidae",3,179,0.0167597765363128,"site53","Tropical_Southwestern_Pacific"
"384","Tetraodontidae",3,179,0.0167597765363128,"site53","Tropical_Southwestern_Pacific"
"516","Belonidae",2,179,0.0111731843575419,"site53","Tropical_Southwestern_Pacific"
"84","Carcharhinidae",2,179,0.0111731843575419,"site53","Tropical_Southwestern_Pacific"
"194","Kyphosidae",2,179,0.0111731843575419,"site53","Tropical_Southwestern_Pacific"
"294","Pinguipedidae",2,179,0.0111731843575419,"site53","Tropical_Southwestern_Pacific"
"334","Scombridae",2,179,0.0111731843575419,"site53","Tropical_Southwestern_Pacific"
"317","Atherinidae",1,179,0.00558659217877095,"site53","Tropical_Southwestern_Pacific"
"68","Blenniidae",1,179,0.00558659217877095,"site53","Tropical_Southwestern_Pacific"
"74","Bothidae",1,179,0.00558659217877095,"site53","Tropical_Southwestern_Pacific"
"94","Chaetodontidae",1,179,0.00558659217877095,"site53","Tropical_Southwestern_Pacific"
"104","Clupeidae",1,179,0.00558659217877095,"site53","Tropical_Southwestern_Pacific"
"124","Engraulidae",1,179,0.00558659217877095,"site53","Tropical_Southwestern_Pacific"
"134","Ephippidae",1,179,0.00558659217877095,"site53","Tropical_Southwestern_Pacific"
"144","Exocoetidae",1,179,0.00558659217877095,"site53","Tropical_Southwestern_Pacific"
"154","Ginglymostomatidae",1,179,0.00558659217877095,"site53","Tropical_Southwestern_Pacific"
"234","Monacanthidae",1,179,0.00558659217877095,"site53","Tropical_Southwestern_Pacific"
"284","Ostraciidae",1,179,0.00558659217877095,"site53","Tropical_Southwestern_Pacific"
"364","Stomiidae",1,179,0.00558659217877095,"site53","Tropical_Southwestern_Pacific"
"374","Synodontidae",1,179,0.00558659217877095,"site53","Tropical_Southwestern_Pacific"
"325","Gobiidae",46,383,0.120104438642298,"site55","Tropical_Southwestern_Pacific"
"385","Labridae",43,383,0.112271540469974,"site55","Tropical_Southwestern_Pacific"
"574","Pomacentridae",31,383,0.0809399477806789,"site55","Tropical_Southwestern_Pacific"
"517","Apogonidae",28,383,0.0731070496083551,"site55","Tropical_Southwestern_Pacific"
"474","Myctophidae",19,383,0.0496083550913838,"site55","Tropical_Southwestern_Pacific"
"464","Muraenidae",18,383,0.0469973890339426,"site55","Tropical_Southwestern_Pacific"
"118","Acanthuridae",17,383,0.0443864229765013,"site55","Tropical_Southwestern_Pacific"
"404","Lutjanidae",14,383,0.0365535248041775,"site55","Tropical_Southwestern_Pacific"
"355","Holocentridae",10,383,0.0261096605744125,"site55","Tropical_Southwestern_Pacific"
"454","Mullidae",9,383,0.0234986945169713,"site55","Tropical_Southwestern_Pacific"
"394","Lethrinidae",8,383,0.02088772845953,"site55","Tropical_Southwestern_Pacific"
"631","Serranidae",8,383,0.02088772845953,"site55","Tropical_Southwestern_Pacific"
"165","Carcharhinidae",7,383,0.0182767624020888,"site55","Tropical_Southwestern_Pacific"
"85","Balistidae",6,383,0.0156657963446475,"site55","Tropical_Southwestern_Pacific"
"175","Chaetodontidae",6,383,0.0156657963446475,"site55","Tropical_Southwestern_Pacific"
"604","Scaridae",6,383,0.0156657963446475,"site55","Tropical_Southwestern_Pacific"
"69","Tetraodontidae",6,383,0.0156657963446475,"site55","Tropical_Southwestern_Pacific"
"105","Blenniidae",5,383,0.0130548302872063,"site55","Tropical_Southwestern_Pacific"
"205","Clupeidae",5,383,0.0130548302872063,"site55","Tropical_Southwestern_Pacific"
"225","Dasyatidae",5,383,0.0130548302872063,"site55","Tropical_Southwestern_Pacific"
"155","Carangidae",4,383,0.010443864229765,"site55","Tropical_Southwestern_Pacific"
"335","Haemulidae",4,383,0.010443864229765,"site55","Tropical_Southwestern_Pacific"
"524","Pempheridae",4,383,0.010443864229765,"site55","Tropical_Southwestern_Pacific"
"564","Pomacanthidae",4,383,0.010443864229765,"site55","Tropical_Southwestern_Pacific"
"641","Siganidae",4,383,0.010443864229765,"site55","Tropical_Southwestern_Pacific"
"504","Ophichthidae",3,383,0.00783289817232376,"site55","Tropical_Southwestern_Pacific"
"534","Pinguipedidae",3,383,0.00783289817232376,"site55","Tropical_Southwestern_Pacific"
"610","Atherinidae",2,383,0.00522193211488251,"site55","Tropical_Southwestern_Pacific"
"95","Belonidae",2,383,0.00522193211488251,"site55","Tropical_Southwestern_Pacific"
"145","Callionymidae",2,383,0.00522193211488251,"site55","Tropical_Southwestern_Pacific"
"195","Cirrhitidae",2,383,0.00522193211488251,"site55","Tropical_Southwestern_Pacific"
"218","Congridae",2,383,0.00522193211488251,"site55","Tropical_Southwestern_Pacific"
"235","Diodontidae",2,383,0.00522193211488251,"site55","Tropical_Southwestern_Pacific"
"318","Gobiesocidae",2,383,0.00522193211488251,"site55","Tropical_Southwestern_Pacific"
"375","Kyphosidae",2,383,0.00522193211488251,"site55","Tropical_Southwestern_Pacific"
"424","Monacanthidae",2,383,0.00522193211488251,"site55","Tropical_Southwestern_Pacific"
"444","Mugilidae",2,383,0.00522193211488251,"site55","Tropical_Southwestern_Pacific"
"518","Ostraciidae",2,383,0.00522193211488251,"site55","Tropical_Southwestern_Pacific"
"554","Plotosidae",2,383,0.00522193211488251,"site55","Tropical_Southwestern_Pacific"
"613","Scombridae",2,383,0.00522193211488251,"site55","Tropical_Southwestern_Pacific"
"622","Scorpaenidae",2,383,0.00522193211488251,"site55","Tropical_Southwestern_Pacific"
"681","Synodontidae",2,383,0.00522193211488251,"site55","Tropical_Southwestern_Pacific"
"70","Tripterygiidae",2,383,0.00522193211488251,"site55","Tropical_Southwestern_Pacific"
"219","Albulidae",1,383,0.00261096605744125,"site55","Tropical_Southwestern_Pacific"
"319","Ambassidae",1,383,0.00261096605744125,"site55","Tropical_Southwestern_Pacific"
"417","Anomalopidae",1,383,0.00261096605744125,"site55","Tropical_Southwestern_Pacific"
"75","Aulostomidae",1,383,0.00261096605744125,"site55","Tropical_Southwestern_Pacific"
"119","Bothidae",1,383,0.00261096605744125,"site55","Tropical_Southwestern_Pacific"
"125","Bramidae",1,383,0.00261096605744125,"site55","Tropical_Southwestern_Pacific"
"135","Bregmacerotidae",1,383,0.00261096605744125,"site55","Tropical_Southwestern_Pacific"
"185","Cichlidae",1,383,0.00261096605744125,"site55","Tropical_Southwestern_Pacific"
"245","Echeneidae",1,383,0.00261096605744125,"site55","Tropical_Southwestern_Pacific"
"255","Ephippidae",1,383,0.00261096605744125,"site55","Tropical_Southwestern_Pacific"
"265","Evermannellidae",1,383,0.00261096605744125,"site55","Tropical_Southwestern_Pacific"
"275","Exocoetidae",1,383,0.00261096605744125,"site55","Tropical_Southwestern_Pacific"
"285","Fistulariidae",1,383,0.00261096605744125,"site55","Tropical_Southwestern_Pacific"
"295","Gempylidae",1,383,0.00261096605744125,"site55","Tropical_Southwestern_Pacific"
"305","Ginglymostomatidae",1,383,0.00261096605744125,"site55","Tropical_Southwestern_Pacific"
"345","Hemiramphidae",1,383,0.00261096605744125,"site55","Tropical_Southwestern_Pacific"
"365","Kuhliidae",1,383,0.00261096605744125,"site55","Tropical_Southwestern_Pacific"
"418","Megalopidae",1,383,0.00261096605744125,"site55","Tropical_Southwestern_Pacific"
"434","Monodactylidae",1,383,0.00261096605744125,"site55","Tropical_Southwestern_Pacific"
"484","Myliobatidae",1,383,0.00261096605744125,"site55","Tropical_Southwestern_Pacific"
"494","Nomeidae",1,383,0.00261096605744125,"site55","Tropical_Southwestern_Pacific"
"544","Plesiopidae",1,383,0.00261096605744125,"site55","Tropical_Southwestern_Pacific"
"584","Priacanthidae",1,383,0.00261096605744125,"site55","Tropical_Southwestern_Pacific"
"594","Rhynchobatidae",1,383,0.00261096605744125,"site55","Tropical_Southwestern_Pacific"
"651","Soleidae",1,383,0.00261096605744125,"site55","Tropical_Southwestern_Pacific"
"661","Stegostomatidae",1,383,0.00261096605744125,"site55","Tropical_Southwestern_Pacific"
"671","Synanceiidae",1,383,0.00261096605744125,"site55","Tropical_Southwestern_Pacific"
"711","Zanclidae",1,383,0.00261096605744125,"site55","Tropical_Southwestern_Pacific"
