"","family","n_motus","n_motus_total","prop","site"
"63","Pomacentridae",49,542,0.0904059040590406,"nusa_ulan"
"40","Labridae",47,542,0.0867158671586716,"nusa_ulan"
"33","Gobiidae",44,542,0.0811808118081181,"nusa_ulan"
"1","Acanthuridae",30,542,0.0553505535055351,"nusa_ulan"
"43","Lutjanidae",30,542,0.0553505535055351,"nusa_ulan"
"74","Serranidae",27,542,0.0498154981549815,"nusa_ulan"
"5","Apogonidae",24,542,0.044280442804428,"nusa_ulan"
"51","Muraenidae",23,542,0.0424354243542435,"nusa_ulan"
"11","Carangidae",15,542,0.0276752767527675,"nusa_ulan"
"52","Myctophidae",15,542,0.0276752767527675,"nusa_ulan"
"8","Balistidae",13,542,0.0239852398523985,"nusa_ulan"
"42","Lethrinidae",13,542,0.0239852398523985,"nusa_ulan"
"62","Pomacanthidae",12,542,0.022140221402214,"nusa_ulan"
"13","Chaetodontidae",11,542,0.0202952029520295,"nusa_ulan"
"81","Tetraodontidae",10,542,0.018450184501845,"nusa_ulan"
"19","Dasyatidae",9,542,0.0166051660516605,"nusa_ulan"
"24","Eleotridae",9,542,0.0166051660516605,"nusa_ulan"
"36","Holocentridae",9,542,0.0166051660516605,"nusa_ulan"
"34","Haemulidae",8,542,0.014760147601476,"nusa_ulan"
"79","Synodontidae",8,542,0.014760147601476,"nusa_ulan"
"50","Mullidae",7,542,0.0129151291512915,"nusa_ulan"
"75","Siganidae",7,542,0.0129151291512915,"nusa_ulan"
"26","Engraulidae",6,542,0.011070110701107,"nusa_ulan"
"49","Mugilidae",6,542,0.011070110701107,"nusa_ulan"
"53","Myliobatidae",6,542,0.011070110701107,"nusa_ulan"
"12","Carcharhinidae",5,542,0.00922509225092251,"nusa_ulan"
"18","Congridae",5,542,0.00922509225092251,"nusa_ulan"
"72","Scombridae",5,542,0.00922509225092251,"nusa_ulan"
"45","Monacanthidae",4,542,0.00738007380073801,"nusa_ulan"
"76","Sphyraenidae",4,542,0.00738007380073801,"nusa_ulan"
"3","Ambassidae",3,542,0.00553505535055351,"nusa_ulan"
"6","Atherinidae",3,542,0.00553505535055351,"nusa_ulan"
"17","Clupeidae",3,542,0.00553505535055351,"nusa_ulan"
"44","Malacanthidae",3,542,0.00553505535055351,"nusa_ulan"
"73","Scorpaenidae",3,542,0.00553505535055351,"nusa_ulan"
"2","Alopiidae",2,542,0.003690036900369,"nusa_ulan"
"9","Blenniidae",2,542,0.003690036900369,"nusa_ulan"
"10","Bramidae",2,542,0.003690036900369,"nusa_ulan"
"20","Diodontidae",2,542,0.003690036900369,"nusa_ulan"
"27","Ephippidae",2,542,0.003690036900369,"nusa_ulan"
"28","Exocoetidae",2,542,0.003690036900369,"nusa_ulan"
"32","Gerreidae",2,542,0.003690036900369,"nusa_ulan"
"38","Kuhliidae",2,542,0.003690036900369,"nusa_ulan"
"39","Kyphosidae",2,542,0.003690036900369,"nusa_ulan"
"48","Moringuidae",2,542,0.003690036900369,"nusa_ulan"
"54","Nemipteridae",2,542,0.003690036900369,"nusa_ulan"
"58","Osphronemidae",2,542,0.003690036900369,"nusa_ulan"
"59","Ostraciidae",2,542,0.003690036900369,"nusa_ulan"
"61","Plesiopidae",2,542,0.003690036900369,"nusa_ulan"
"64","Potamotrygonidae",2,542,0.003690036900369,"nusa_ulan"
"65","Priacanthidae",2,542,0.003690036900369,"nusa_ulan"
"83","Trichiuridae",2,542,0.003690036900369,"nusa_ulan"
"4","Anguillidae",1,542,0.0018450184501845,"nusa_ulan"
"7","Aulostomidae",1,542,0.0018450184501845,"nusa_ulan"
"14","Chanidae",1,542,0.0018450184501845,"nusa_ulan"
"15","Cichlidae",1,542,0.0018450184501845,"nusa_ulan"
"16","Cirrhitidae",1,542,0.0018450184501845,"nusa_ulan"
"21","Drepaneidae",1,542,0.0018450184501845,"nusa_ulan"
"22","Dussumieriidae",1,542,0.0018450184501845,"nusa_ulan"
"23","Echeneidae",1,542,0.0018450184501845,"nusa_ulan"
"25","Emmelichthyidae",1,542,0.0018450184501845,"nusa_ulan"
"29","Fistulariidae",1,542,0.0018450184501845,"nusa_ulan"
"30","Fundulidae",1,542,0.0018450184501845,"nusa_ulan"
"31","Gempylidae",1,542,0.0018450184501845,"nusa_ulan"
"35","Hemiscylliidae",1,542,0.0018450184501845,"nusa_ulan"
"37","Istiophoridae",1,542,0.0018450184501845,"nusa_ulan"
"41","Leiognathidae",1,542,0.0018450184501845,"nusa_ulan"
"46","Monocentridae",1,542,0.0018450184501845,"nusa_ulan"
"47","Monodactylidae",1,542,0.0018450184501845,"nusa_ulan"
"55","Nomeidae",1,542,0.0018450184501845,"nusa_ulan"
"56","Ophichthidae",1,542,0.0018450184501845,"nusa_ulan"
"57","Orectolobidae",1,542,0.0018450184501845,"nusa_ulan"
"60","Pempheridae",1,542,0.0018450184501845,"nusa_ulan"
"66","Pristigasteridae",1,542,0.0018450184501845,"nusa_ulan"
"67","Pseudochromidae",1,542,0.0018450184501845,"nusa_ulan"
"68","Rhinobatidae",1,542,0.0018450184501845,"nusa_ulan"
"69","Rhyacichthyidae",1,542,0.0018450184501845,"nusa_ulan"
"70","Salmonidae",1,542,0.0018450184501845,"nusa_ulan"
"71","Scatophagidae",1,542,0.0018450184501845,"nusa_ulan"
"77","Stegostomatidae",1,542,0.0018450184501845,"nusa_ulan"
"78","Stomiidae",1,542,0.0018450184501845,"nusa_ulan"
"80","Terapontidae",1,542,0.0018450184501845,"nusa_ulan"
"82","Toxotidae",1,542,0.0018450184501845,"nusa_ulan"
"84","Zanclidae",1,542,0.0018450184501845,"nusa_ulan"
"331","Labridae",41,344,0.119186046511628,"pulau_venu"
"541","Pomacentridae",31,344,0.0901162790697674,"pulau_venu"
"351","Lutjanidae",23,344,0.0668604651162791,"pulau_venu"
"110","Acanthuridae",21,344,0.061046511627907,"pulau_venu"
"611","Serranidae",21,344,0.061046511627907,"pulau_venu"
"410","Apogonidae",17,344,0.0494186046511628,"pulau_venu"
"341","Lethrinidae",13,344,0.0377906976744186,"pulau_venu"
"401","Muraenidae",13,344,0.0377906976744186,"pulau_venu"
"271","Gobiidae",11,344,0.0319767441860465,"pulau_venu"
"101","Carangidae",10,344,0.0290697674418605,"pulau_venu"
"610","Balistidae",8,344,0.0232558139534884,"pulau_venu"
"301","Holocentridae",8,344,0.0232558139534884,"pulau_venu"
"411","Myctophidae",8,344,0.0232558139534884,"pulau_venu"
"121","Chaetodontidae",7,344,0.0203488372093023,"pulau_venu"
"191","Dasyatidae",7,344,0.0203488372093023,"pulau_venu"
"531","Pomacanthidae",7,344,0.0203488372093023,"pulau_venu"
"671","Tetraodontidae",7,344,0.0203488372093023,"pulau_venu"
"391","Mullidae",6,344,0.0174418604651163,"pulau_venu"
"281","Haemulidae",5,344,0.0145348837209302,"pulau_venu"
"591","Scombridae",5,344,0.0145348837209302,"pulau_venu"
"381","Mugilidae",4,344,0.0116279069767442,"pulau_venu"
"621","Siganidae",4,344,0.0116279069767442,"pulau_venu"
"641","Sphyraenidae",4,344,0.0116279069767442,"pulau_venu"
"710","Blenniidae",3,344,0.00872093023255814,"pulau_venu"
"111","Carcharhinidae",3,344,0.00872093023255814,"pulau_venu"
"221","Engraulidae",3,344,0.00872093023255814,"pulau_venu"
"231","Ephippidae",3,344,0.00872093023255814,"pulau_venu"
"661","Synodontidae",3,344,0.00872093023255814,"pulau_venu"
"141","Cichlidae",2,344,0.00581395348837209,"pulau_venu"
"161","Clupeidae",2,344,0.00581395348837209,"pulau_venu"
"241","Exocoetidae",2,344,0.00581395348837209,"pulau_venu"
"291","Hemiscylliidae",2,344,0.00581395348837209,"pulau_venu"
"371","Monacanthidae",2,344,0.00581395348837209,"pulau_venu"
"421","Myliobatidae",2,344,0.00581395348837209,"pulau_venu"
"551","Potamotrygonidae",2,344,0.00581395348837209,"pulau_venu"
"210","Albulidae",1,344,0.00290697674418605,"pulau_venu"
"310","Anabantidae",1,344,0.00290697674418605,"pulau_venu"
"510","Atherinidae",1,344,0.00290697674418605,"pulau_venu"
"85","Bramidae",1,344,0.00290697674418605,"pulau_venu"
"91","Callionymidae",1,344,0.00290697674418605,"pulau_venu"
"131","Chanidae",1,344,0.00290697674418605,"pulau_venu"
"151","Cirrhitidae",1,344,0.00290697674418605,"pulau_venu"
"171","Congridae",1,344,0.00290697674418605,"pulau_venu"
"181","Cyprinodontidae",1,344,0.00290697674418605,"pulau_venu"
"201","Eleotridae",1,344,0.00290697674418605,"pulau_venu"
"211","Emmelichthyidae",1,344,0.00290697674418605,"pulau_venu"
"251","Fistulariidae",1,344,0.00290697674418605,"pulau_venu"
"261","Gempylidae",1,344,0.00290697674418605,"pulau_venu"
"311","Kneriidae",1,344,0.00290697674418605,"pulau_venu"
"321","Kyphosidae",1,344,0.00290697674418605,"pulau_venu"
"361","Melanotaeniidae",1,344,0.00290697674418605,"pulau_venu"
"431","Nemipteridae",1,344,0.00290697674418605,"pulau_venu"
"441","Nomeidae",1,344,0.00290697674418605,"pulau_venu"
"451","Opistognathidae",1,344,0.00290697674418605,"pulau_venu"
"461","Osphronemidae",1,344,0.00290697674418605,"pulau_venu"
"471","Ostraciidae",1,344,0.00290697674418605,"pulau_venu"
"481","Paralepididae",1,344,0.00290697674418605,"pulau_venu"
"491","Pempheridae",1,344,0.00290697674418605,"pulau_venu"
"501","Pinguipedidae",1,344,0.00290697674418605,"pulau_venu"
"511","Plesiopidae",1,344,0.00290697674418605,"pulau_venu"
"521","Poeciliidae",1,344,0.00290697674418605,"pulau_venu"
"561","Pseudochromidae",1,344,0.00290697674418605,"pulau_venu"
"571","Rhinidae",1,344,0.00290697674418605,"pulau_venu"
"581","Rhinobatidae",1,344,0.00290697674418605,"pulau_venu"
"601","Scorpaenidae",1,344,0.00290697674418605,"pulau_venu"
"631","Sparidae",1,344,0.00290697674418605,"pulau_venu"
"651","Stegostomatidae",1,344,0.00290697674418605,"pulau_venu"
"681","Trichiuridae",1,344,0.00290697674418605,"pulau_venu"
"691","Zanclidae",1,344,0.00290697674418605,"pulau_venu"
"322","Lutjanidae",23,291,0.0790378006872852,"triton_bay"
"292","Labridae",22,291,0.0756013745704467,"triton_bay"
"472","Pomacentridae",21,291,0.0721649484536082,"triton_bay"
"542","Serranidae",19,291,0.0652920962199313,"triton_bay"
"252","Gobiidae",15,291,0.0515463917525773,"triton_bay"
"412","Apogonidae",13,291,0.0446735395189003,"triton_bay"
"92","Carangidae",13,291,0.0446735395189003,"triton_bay"
"112","Acanthuridae",11,291,0.0378006872852234,"triton_bay"
"113","Chaetodontidae",9,291,0.0309278350515464,"triton_bay"
"711","Balistidae",8,291,0.0274914089347079,"triton_bay"
"172","Dasyatidae",8,291,0.0274914089347079,"triton_bay"
"212","Engraulidae",7,291,0.0240549828178694,"triton_bay"
"462","Pomacanthidae",7,291,0.0240549828178694,"triton_bay"
"102","Carcharhinidae",6,291,0.0206185567010309,"triton_bay"
"362","Mugilidae",6,291,0.0206185567010309,"triton_bay"
"522","Scombridae",6,291,0.0206185567010309,"triton_bay"
"132","Clupeidae",5,291,0.0171821305841924,"triton_bay"
"262","Haemulidae",5,291,0.0171821305841924,"triton_bay"
"272","Holocentridae",5,291,0.0171821305841924,"triton_bay"
"312","Lethrinidae",5,291,0.0171821305841924,"triton_bay"
"572","Synodontidae",5,291,0.0171821305841924,"triton_bay"
"372","Mullidae",4,291,0.013745704467354,"triton_bay"
"382","Muraenidae",4,291,0.013745704467354,"triton_bay"
"492","Pristigasteridae",4,291,0.013745704467354,"triton_bay"
"552","Siganidae",4,291,0.013745704467354,"triton_bay"
"562","Sphyraenidae",4,291,0.013745704467354,"triton_bay"
"202","Eleotridae",3,291,0.0103092783505155,"triton_bay"
"232","Exocoetidae",3,291,0.0103092783505155,"triton_bay"
"302","Leiognathidae",3,291,0.0103092783505155,"triton_bay"
"413","Nemipteridae",3,291,0.0103092783505155,"triton_bay"
"532","Scorpaenidae",3,291,0.0103092783505155,"triton_bay"
"592","Tetraodontidae",3,291,0.0103092783505155,"triton_bay"
"342","Melanotaeniidae",2,291,0.00687285223367698,"triton_bay"
"392","Myctophidae",2,291,0.00687285223367698,"triton_bay"
"402","Myliobatidae",2,291,0.00687285223367698,"triton_bay"
"482","Potamotrygonidae",2,291,0.00687285223367698,"triton_bay"
"213","Ambassidae",1,291,0.00343642611683849,"triton_bay"
"313","Anomalopidae",1,291,0.00343642611683849,"triton_bay"
"512","Atherinidae",1,291,0.00343642611683849,"triton_bay"
"612","Aulostomidae",1,291,0.00343642611683849,"triton_bay"
"86","Blenniidae",1,291,0.00343642611683849,"triton_bay"
"122","Cirrhitidae",1,291,0.00343642611683849,"triton_bay"
"142","Congridae",1,291,0.00343642611683849,"triton_bay"
"152","Cyprinodontidae",1,291,0.00343642611683849,"triton_bay"
"162","Dactylopteridae",1,291,0.00343642611683849,"triton_bay"
"182","Diodontidae",1,291,0.00343642611683849,"triton_bay"
"192","Drepaneidae",1,291,0.00343642611683849,"triton_bay"
"222","Ephippidae",1,291,0.00343642611683849,"triton_bay"
"242","Gerreidae",1,291,0.00343642611683849,"triton_bay"
"282","Kyphosidae",1,291,0.00343642611683849,"triton_bay"
"332","Malacanthidae",1,291,0.00343642611683849,"triton_bay"
"352","Moringuidae",1,291,0.00343642611683849,"triton_bay"
"422","Orectolobidae",1,291,0.00343642611683849,"triton_bay"
"432","Osphronemidae",1,291,0.00343642611683849,"triton_bay"
"442","Paralepididae",1,291,0.00343642611683849,"triton_bay"
"452","Pempheridae",1,291,0.00343642611683849,"triton_bay"
"502","Pseudochromidae",1,291,0.00343642611683849,"triton_bay"
"513","Rhinobatidae",1,291,0.00343642611683849,"triton_bay"
"582","Terapontidae",1,291,0.00343642611683849,"triton_bay"
"602","Triacanthidae",1,291,0.00343642611683849,"triton_bay"
"613","Trichiuridae",1,291,0.00343642611683849,"triton_bay"
"622","Zanclidae",1,291,0.00343642611683849,"triton_bay"
"303","Lutjanidae",26,287,0.0905923344947735,"kitikiti"
"114","Acanthuridae",24,287,0.0836236933797909,"kitikiti"
"503","Serranidae",23,287,0.0801393728222996,"kitikiti"
"283","Labridae",22,287,0.0766550522648084,"kitikiti"
"414","Apogonidae",15,287,0.0522648083623693,"kitikiti"
"223","Gobiidae",15,287,0.0522648083623693,"kitikiti"
"443","Pomacentridae",15,287,0.0522648083623693,"kitikiti"
"373","Myctophidae",12,287,0.0418118466898955,"kitikiti"
"433","Pomacanthidae",12,287,0.0418118466898955,"kitikiti"
"293","Lethrinidae",11,287,0.0383275261324042,"kitikiti"
"514","Balistidae",9,287,0.0313588850174216,"kitikiti"
"253","Holocentridae",9,287,0.0313588850174216,"kitikiti"
"353","Mullidae",7,287,0.024390243902439,"kitikiti"
"712","Carangidae",6,287,0.0209059233449477,"kitikiti"
"153","Dasyatidae",6,287,0.0209059233449477,"kitikiti"
"233","Haemulidae",6,287,0.0209059233449477,"kitikiti"
"87","Carcharhinidae",5,287,0.0174216027874564,"kitikiti"
"103","Chaetodontidae",5,287,0.0174216027874564,"kitikiti"
"493","Scombridae",5,287,0.0174216027874564,"kitikiti"
"183","Engraulidae",3,287,0.0104529616724739,"kitikiti"
"563","Tetraodontidae",3,287,0.0104529616724739,"kitikiti"
"133","Clupeidae",2,287,0.00696864111498258,"kitikiti"
"203","Exocoetidae",2,287,0.00696864111498258,"kitikiti"
"273","Kyphosidae",2,287,0.00696864111498258,"kitikiti"
"314","Malacanthidae",2,287,0.00696864111498258,"kitikiti"
"363","Muraenidae",2,287,0.00696864111498258,"kitikiti"
"393","Nomeidae",2,287,0.00696864111498258,"kitikiti"
"515","Siganidae",2,287,0.00696864111498258,"kitikiti"
"533","Sphyraenidae",2,287,0.00696864111498258,"kitikiti"
"553","Synodontidae",2,287,0.00696864111498258,"kitikiti"
"573","Trichiuridae",2,287,0.00696864111498258,"kitikiti"
"214","Alopiidae",1,287,0.00348432055749129,"kitikiti"
"315","Anomalopidae",1,287,0.00348432055749129,"kitikiti"
"614","Blenniidae",1,287,0.00348432055749129,"kitikiti"
"93","Ceratiidae",1,287,0.00348432055749129,"kitikiti"
"115","Chlopsidae",1,287,0.00348432055749129,"kitikiti"
"123","Cirrhitidae",1,287,0.00348432055749129,"kitikiti"
"143","Congridae",1,287,0.00348432055749129,"kitikiti"
"163","Diodontidae",1,287,0.00348432055749129,"kitikiti"
"173","Emmelichthyidae",1,287,0.00348432055749129,"kitikiti"
"193","Ephippidae",1,287,0.00348432055749129,"kitikiti"
"215","Fistulariidae",1,287,0.00348432055749129,"kitikiti"
"243","Hemiscylliidae",1,287,0.00348432055749129,"kitikiti"
"263","Istiophoridae",1,287,0.00348432055749129,"kitikiti"
"323","Monacanthidae",1,287,0.00348432055749129,"kitikiti"
"333","Monocentridae",1,287,0.00348432055749129,"kitikiti"
"343","Mugilidae",1,287,0.00348432055749129,"kitikiti"
"383","Myliobatidae",1,287,0.00348432055749129,"kitikiti"
"403","Opistognathidae",1,287,0.00348432055749129,"kitikiti"
"415","Osphronemidae",1,287,0.00348432055749129,"kitikiti"
"423","Ostraciidae",1,287,0.00348432055749129,"kitikiti"
"453","Potamotrygonidae",1,287,0.00348432055749129,"kitikiti"
"463","Priacanthidae",1,287,0.00348432055749129,"kitikiti"
"473","Pseudochromidae",1,287,0.00348432055749129,"kitikiti"
"483","Salmonidae",1,287,0.00348432055749129,"kitikiti"
"523","Sparidae",1,287,0.00348432055749129,"kitikiti"
"543","Synaphobranchidae",1,287,0.00348432055749129,"kitikiti"
"583","Zanclidae",1,287,0.00348432055749129,"kitikiti"
"593","Zenionidae",1,287,0.00348432055749129,"kitikiti"
"174","Lutjanidae",9,71,0.126760563380282,"cap_west"
"264","Serranidae",8,71,0.112676056338028,"cap_west"
"116","Acanthuridae",6,71,0.0845070422535211,"cap_west"
"184","Myctophidae",6,71,0.0845070422535211,"cap_west"
"516","Carangidae",5,71,0.0704225352112676,"cap_west"
"244","Scombridae",5,71,0.0704225352112676,"cap_west"
"316","Apogonidae",3,71,0.0422535211267606,"cap_west"
"94","Exocoetidae",3,71,0.0422535211267606,"cap_west"
"154","Labridae",3,71,0.0422535211267606,"cap_west"
"416","Balistidae",2,71,0.028169014084507,"cap_west"
"88","Engraulidae",2,71,0.028169014084507,"cap_west"
"124","Holocentridae",2,71,0.028169014084507,"cap_west"
"224","Pomacentridae",2,71,0.028169014084507,"cap_west"
"216","Ambassidae",1,71,0.0140845070422535,"cap_west"
"615","Congridae",1,71,0.0140845070422535,"cap_west"
"713","Dasyatidae",1,71,0.0140845070422535,"cap_west"
"104","Gerreidae",1,71,0.0140845070422535,"cap_west"
"117","Haemulidae",1,71,0.0140845070422535,"cap_west"
"134","Istiophoridae",1,71,0.0140845070422535,"cap_west"
"144","Kyphosidae",1,71,0.0140845070422535,"cap_west"
"164","Lethrinidae",1,71,0.0140845070422535,"cap_west"
"194","Myliobatidae",1,71,0.0140845070422535,"cap_west"
"204","Nomeidae",1,71,0.0140845070422535,"cap_west"
"217","Orectolobidae",1,71,0.0140845070422535,"cap_west"
"234","Priacanthidae",1,71,0.0140845070422535,"cap_west"
"254","Scorpaenidae",1,71,0.0140845070422535,"cap_west"
"274","Sphyraenidae",1,71,0.0140845070422535,"cap_west"
"284","Tetraodontidae",1,71,0.0140845070422535,"cap_west"
"195","Myctophidae",7,56,0.125,"channel_sorong"
"155","Labridae",5,56,0.0892857142857143,"channel_sorong"
"165","Lutjanidae",5,56,0.0892857142857143,"channel_sorong"
"245","Scombridae",4,56,0.0714285714285714,"channel_sorong"
"225","Pomacentridae",3,56,0.0535714285714286,"channel_sorong"
"255","Serranidae",3,56,0.0535714285714286,"channel_sorong"
"218","Apogonidae",2,56,0.0357142857142857,"channel_sorong"
"616","Carangidae",2,56,0.0357142857142857,"channel_sorong"
"89","Chaetodontidae",2,56,0.0357142857142857,"channel_sorong"
"105","Dussumieriidae",2,56,0.0357142857142857,"channel_sorong"
"118","Engraulidae",2,56,0.0357142857142857,"channel_sorong"
"125","Exocoetidae",2,56,0.0357142857142857,"channel_sorong"
"275","Sphyraenidae",2,56,0.0357142857142857,"channel_sorong"
"119","Acanthuridae",1,56,0.0178571428571429,"channel_sorong"
"317","Balistidae",1,56,0.0178571428571429,"channel_sorong"
"417","Belonidae",1,56,0.0178571428571429,"channel_sorong"
"517","Bramidae",1,56,0.0178571428571429,"channel_sorong"
"714","Carcharhinidae",1,56,0.0178571428571429,"channel_sorong"
"95","Diodontidae",1,56,0.0178571428571429,"channel_sorong"
"135","Fistulariidae",1,56,0.0178571428571429,"channel_sorong"
"145","Gobiidae",1,56,0.0178571428571429,"channel_sorong"
"175","Mullidae",1,56,0.0178571428571429,"channel_sorong"
"185","Muraenidae",1,56,0.0178571428571429,"channel_sorong"
"205","Nomeidae",1,56,0.0178571428571429,"channel_sorong"
"219","Orectolobidae",1,56,0.0178571428571429,"channel_sorong"
"235","Potamotrygonidae",1,56,0.0178571428571429,"channel_sorong"
"265","Siganidae",1,56,0.0178571428571429,"channel_sorong"
"285","Synodontidae",1,56,0.0178571428571429,"channel_sorong"
"206","Lutjanidae",17,129,0.131782945736434,"pulau_pisang"
"276","Pomacentridae",12,129,0.0930232558139535,"pulau_pisang"
"186","Labridae",11,129,0.0852713178294574,"pulau_pisang"
"220","Apogonidae",10,129,0.0775193798449612,"pulau_pisang"
"120","Acanthuridae",6,129,0.0465116279069767,"pulau_pisang"
"324","Serranidae",6,129,0.0465116279069767,"pulau_pisang"
"418","Balistidae",4,129,0.0310077519379845,"pulau_pisang"
"518","Carangidae",4,129,0.0310077519379845,"pulau_pisang"
"715","Clupeidae",4,129,0.0310077519379845,"pulau_pisang"
"106","Engraulidae",4,129,0.0310077519379845,"pulau_pisang"
"136","Gobiidae",4,129,0.0310077519379845,"pulau_pisang"
"226","Mullidae",4,129,0.0310077519379845,"pulau_pisang"
"126","Exocoetidae",3,129,0.0232558139534884,"pulau_pisang"
"196","Lethrinidae",3,129,0.0232558139534884,"pulau_pisang"
"236","Muraenidae",3,129,0.0232558139534884,"pulau_pisang"
"246","Myctophidae",3,129,0.0232558139534884,"pulau_pisang"
"318","Scombridae",3,129,0.0232558139534884,"pulau_pisang"
"319","Atherinidae",2,129,0.0155038759689922,"pulau_pisang"
"810","Dasyatidae",2,129,0.0155038759689922,"pulau_pisang"
"1110","Ephippidae",2,129,0.0155038759689922,"pulau_pisang"
"156","Holocentridae",2,129,0.0155038759689922,"pulau_pisang"
"176","Kyphosidae",2,129,0.0155038759689922,"pulau_pisang"
"256","Osphronemidae",2,129,0.0155038759689922,"pulau_pisang"
"266","Pomacanthidae",2,129,0.0155038759689922,"pulau_pisang"
"334","Siganidae",2,129,0.0155038759689922,"pulau_pisang"
"344","Synodontidae",2,129,0.0155038759689922,"pulau_pisang"
"617","Chaetodontidae",1,129,0.00775193798449612,"pulau_pisang"
"96","Diodontidae",1,129,0.00775193798449612,"pulau_pisang"
"146","Haemulidae",1,129,0.00775193798449612,"pulau_pisang"
"166","Istiophoridae",1,129,0.00775193798449612,"pulau_pisang"
"2110","Monacanthidae",1,129,0.00775193798449612,"pulau_pisang"
"286","Potamotrygonidae",1,129,0.00775193798449612,"pulau_pisang"
"294","Pseudochromidae",1,129,0.00775193798449612,"pulau_pisang"
"304","Rhinobatidae",1,129,0.00775193798449612,"pulau_pisang"
"354","Tetraodontidae",1,129,0.00775193798449612,"pulau_pisang"
"364","Zenionidae",1,129,0.00775193798449612,"pulau_pisang"
"287","Lutjanidae",20,215,0.0930232558139535,"lobo"
"394","Pomacentridae",20,215,0.0930232558139535,"lobo"
"257","Labridae",18,215,0.0837209302325581,"lobo"
"444","Serranidae",12,215,0.0558139534883721,"lobo"
"419","Apogonidae",11,215,0.0511627906976744,"lobo"
"127","Acanthuridae",9,215,0.0418604651162791,"lobo"
"1111","Chaetodontidae",9,215,0.0418604651162791,"lobo"
"2111","Gobiidae",9,215,0.0418604651162791,"lobo"
"716","Balistidae",7,215,0.0325581395348837,"lobo"
"277","Lethrinidae",7,215,0.0325581395348837,"lobo"
"97","Carangidae",6,215,0.027906976744186,"lobo"
"177","Engraulidae",6,215,0.027906976744186,"lobo"
"128","Clupeidae",5,215,0.0232558139534884,"lobo"
"227","Haemulidae",5,215,0.0232558139534884,"lobo"
"3110","Mugilidae",5,215,0.0232558139534884,"lobo"
"325","Mullidae",5,215,0.0232558139534884,"lobo"
"335","Muraenidae",5,215,0.0232558139534884,"lobo"
"454","Siganidae",4,215,0.0186046511627907,"lobo"
"228","Ambassidae",3,215,0.013953488372093,"lobo"
"247","Holocentridae",3,215,0.013953488372093,"lobo"
"267","Leiognathidae",3,215,0.013953488372093,"lobo"
"384","Pomacanthidae",3,215,0.013953488372093,"lobo"
"424","Scombridae",3,215,0.013953488372093,"lobo"
"474","Synodontidae",3,215,0.013953488372093,"lobo"
"107","Carcharhinidae",2,215,0.00930232558139535,"lobo"
"147","Dasyatidae",2,215,0.00930232558139535,"lobo"
"187","Ephippidae",2,215,0.00930232558139535,"lobo"
"237","Hemiscylliidae",2,215,0.00930232558139535,"lobo"
"345","Myliobatidae",2,215,0.00930232558139535,"lobo"
"355","Nemipteridae",2,215,0.00930232558139535,"lobo"
"404","Potamotrygonidae",2,215,0.00930232558139535,"lobo"
"464","Sphyraenidae",2,215,0.00930232558139535,"lobo"
"484","Tetraodontidae",2,215,0.00930232558139535,"lobo"
"320","Anguillidae",1,215,0.00465116279069767,"lobo"
"519","Atherinidae",1,215,0.00465116279069767,"lobo"
"618","Aulostomidae",1,215,0.00465116279069767,"lobo"
"811","Blenniidae",1,215,0.00465116279069767,"lobo"
"137","Dactylopteridae",1,215,0.00465116279069767,"lobo"
"157","Diodontidae",1,215,0.00465116279069767,"lobo"
"167","Eleotridae",1,215,0.00465116279069767,"lobo"
"197","Exocoetidae",1,215,0.00465116279069767,"lobo"
"207","Gerreidae",1,215,0.00465116279069767,"lobo"
"295","Melanotaeniidae",1,215,0.00465116279069767,"lobo"
"305","Monacanthidae",1,215,0.00465116279069767,"lobo"
"365","Orectolobidae",1,215,0.00465116279069767,"lobo"
"374","Pempheridae",1,215,0.00465116279069767,"lobo"
"4110","Pristigasteridae",1,215,0.00465116279069767,"lobo"
"434","Scorpaenidae",1,215,0.00465116279069767,"lobo"
"494","Zanclidae",1,215,0.00465116279069767,"lobo"
"296","Lutjanidae",20,198,0.101010101010101,"tanjung_boi"
"504","Serranidae",15,198,0.0757575757575758,"tanjung_boi"
"435","Pomacentridae",11,198,0.0555555555555556,"tanjung_boi"
"129","Acanthuridae",10,198,0.0505050505050505,"tanjung_boi"
"198","Gobiidae",9,198,0.0454545454545455,"tanjung_boi"
"138","Dasyatidae",8,198,0.0404040404040404,"tanjung_boi"
"326","Apogonidae",7,198,0.0353535353535354,"tanjung_boi"
"619","Carangidae",7,198,0.0353535353535354,"tanjung_boi"
"208","Haemulidae",7,198,0.0353535353535354,"tanjung_boi"
"108","Clupeidae",6,198,0.0303030303030303,"tanjung_boi"
"158","Engraulidae",6,198,0.0303030303030303,"tanjung_boi"
"268","Labridae",5,198,0.0252525252525253,"tanjung_boi"
"288","Lethrinidae",5,198,0.0252525252525253,"tanjung_boi"
"495","Scombridae",5,198,0.0252525252525253,"tanjung_boi"
"534","Synodontidae",5,198,0.0252525252525253,"tanjung_boi"
"520","Balistidae",4,198,0.0202020202020202,"tanjung_boi"
"238","Holocentridae",4,198,0.0202020202020202,"tanjung_boi"
"356","Myctophidae",4,198,0.0202020202020202,"tanjung_boi"
"717","Carcharhinidae",3,198,0.0151515151515152,"tanjung_boi"
"278","Leiognathidae",3,198,0.0151515151515152,"tanjung_boi"
"327","Mugilidae",3,198,0.0151515151515152,"tanjung_boi"
"336","Mullidae",3,198,0.0151515151515152,"tanjung_boi"
"375","Nemipteridae",3,198,0.0151515151515152,"tanjung_boi"
"425","Pomacanthidae",3,198,0.0151515151515152,"tanjung_boi"
"465","Pristigasteridae",3,198,0.0151515151515152,"tanjung_boi"
"1112","Congridae",2,198,0.0101010101010101,"tanjung_boi"
"168","Ephippidae",2,198,0.0101010101010101,"tanjung_boi"
"178","Exocoetidae",2,198,0.0101010101010101,"tanjung_boi"
"188","Gerreidae",2,198,0.0101010101010101,"tanjung_boi"
"395","Orectolobidae",2,198,0.0101010101010101,"tanjung_boi"
"475","Rhinobatidae",2,198,0.0101010101010101,"tanjung_boi"
"5110","Siganidae",2,198,0.0101010101010101,"tanjung_boi"
"524","Sphyraenidae",2,198,0.0101010101010101,"tanjung_boi"
"229","Alopiidae",1,198,0.00505050505050505,"tanjung_boi"
"420","Atherinidae",1,198,0.00505050505050505,"tanjung_boi"
"812","Chaetodontidae",1,198,0.00505050505050505,"tanjung_boi"
"98","Chanidae",1,198,0.00505050505050505,"tanjung_boi"
"1210","Cyprinodontidae",1,198,0.00505050505050505,"tanjung_boi"
"148","Emmelichthyidae",1,198,0.00505050505050505,"tanjung_boi"
"2112","Hemigaleidae",1,198,0.00505050505050505,"tanjung_boi"
"2210","Hemiscylliidae",1,198,0.00505050505050505,"tanjung_boi"
"248","Kneriidae",1,198,0.00505050505050505,"tanjung_boi"
"258","Kyphosidae",1,198,0.00505050505050505,"tanjung_boi"
"306","Megalopidae",1,198,0.00505050505050505,"tanjung_boi"
"3111","Monodactylidae",1,198,0.00505050505050505,"tanjung_boi"
"346","Muraenidae",1,198,0.00505050505050505,"tanjung_boi"
"366","Myliobatidae",1,198,0.00505050505050505,"tanjung_boi"
"385","Ophichthidae",1,198,0.00505050505050505,"tanjung_boi"
"405","Paralepididae",1,198,0.00505050505050505,"tanjung_boi"
"4111","Pempheridae",1,198,0.00505050505050505,"tanjung_boi"
"445","Potamotrygonidae",1,198,0.00505050505050505,"tanjung_boi"
"455","Priacanthidae",1,198,0.00505050505050505,"tanjung_boi"
"485","Sciaenidae",1,198,0.00505050505050505,"tanjung_boi"
"544","Terapontidae",1,198,0.00505050505050505,"tanjung_boi"
"554","Tetraodontidae",1,198,0.00505050505050505,"tanjung_boi"
"564","Trichiuridae",1,198,0.00505050505050505,"tanjung_boi"
"436","Serranidae",14,167,0.0838323353293413,"pulau_aiduma"
"230","Apogonidae",11,167,0.0658682634730539,"pulau_aiduma"
"525","Carangidae",11,167,0.0658682634730539,"pulau_aiduma"
"249","Lutjanidae",10,167,0.0598802395209581,"pulau_aiduma"
"189","Gobiidae",9,167,0.0538922155688623,"pulau_aiduma"
"357","Pomacentridae",9,167,0.0538922155688623,"pulau_aiduma"
"239","Lethrinidae",8,167,0.0479041916167665,"pulau_aiduma"
"109","Dasyatidae",6,167,0.0359281437125748,"pulau_aiduma"
"2211","Labridae",6,167,0.0359281437125748,"pulau_aiduma"
"199","Haemulidae",5,167,0.029940119760479,"pulau_aiduma"
"347","Pomacanthidae",5,167,0.029940119760479,"pulau_aiduma"
"426","Balistidae",4,167,0.0239520958083832,"pulau_aiduma"
"620","Carcharhinidae",4,167,0.0239520958083832,"pulau_aiduma"
"718","Chaetodontidae",4,167,0.0239520958083832,"pulau_aiduma"
"209","Holocentridae",4,167,0.0239520958083832,"pulau_aiduma"
"269","Mullidae",4,167,0.0239520958083832,"pulau_aiduma"
"289","Myctophidae",4,167,0.0239520958083832,"pulau_aiduma"
"466","Synodontidae",4,167,0.0239520958083832,"pulau_aiduma"
"476","Tetraodontidae",4,167,0.0239520958083832,"pulau_aiduma"
"130","Acanthuridae",3,167,0.0179640718562874,"pulau_aiduma"
"297","Myliobatidae",3,167,0.0179640718562874,"pulau_aiduma"
"4112","Scombridae",3,167,0.0179640718562874,"pulau_aiduma"
"446","Siganidae",3,167,0.0179640718562874,"pulau_aiduma"
"149","Engraulidae",2,167,0.0119760479041916,"pulau_aiduma"
"328","Orectolobidae",2,167,0.0119760479041916,"pulau_aiduma"
"367","Potamotrygonidae",2,167,0.0119760479041916,"pulau_aiduma"
"456","Sphyraenidae",2,167,0.0119760479041916,"pulau_aiduma"
"329","Atherinidae",1,167,0.00598802395209581,"pulau_aiduma"
"813","Clupeidae",1,167,0.00598802395209581,"pulau_aiduma"
"99","Dactylopteridae",1,167,0.00598802395209581,"pulau_aiduma"
"1113","Diodontidae",1,167,0.00598802395209581,"pulau_aiduma"
"1211","Echeneidae",1,167,0.00598802395209581,"pulau_aiduma"
"139","Emmelichthyidae",1,167,0.00598802395209581,"pulau_aiduma"
"159","Ephippidae",1,167,0.00598802395209581,"pulau_aiduma"
"169","Exocoetidae",1,167,0.00598802395209581,"pulau_aiduma"
"179","Fistulariidae",1,167,0.00598802395209581,"pulau_aiduma"
"2113","Kyphosidae",1,167,0.00598802395209581,"pulau_aiduma"
"259","Mugilidae",1,167,0.00598802395209581,"pulau_aiduma"
"279","Muraenidae",1,167,0.00598802395209581,"pulau_aiduma"
"307","Nemipteridae",1,167,0.00598802395209581,"pulau_aiduma"
"3112","Ophichthidae",1,167,0.00598802395209581,"pulau_aiduma"
"337","Paralepididae",1,167,0.00598802395209581,"pulau_aiduma"
"376","Priacanthidae",1,167,0.00598802395209581,"pulau_aiduma"
"386","Pristigasteridae",1,167,0.00598802395209581,"pulau_aiduma"
"396","Pseudochromidae",1,167,0.00598802395209581,"pulau_aiduma"
"406","Rhinobatidae",1,167,0.00598802395209581,"pulau_aiduma"
"427","Scorpaenidae",1,167,0.00598802395209581,"pulau_aiduma"
"486","Trichiuridae",1,167,0.00598802395209581,"pulau_aiduma"
"2710","Lutjanidae",21,202,0.103960396039604,"pulau_aiduma_ext"
"140","Acanthuridae",16,202,0.0792079207920792,"pulau_aiduma_ext"
"428","Apogonidae",13,202,0.0643564356435644,"pulau_aiduma_ext"
"467","Serranidae",13,202,0.0643564356435644,"pulau_aiduma_ext"
"407","Pomacentridae",12,202,0.0594059405940594,"pulau_aiduma_ext"
"2410","Labridae",10,202,0.0495049504950495,"pulau_aiduma_ext"
"1910","Gobiidae",7,202,0.0346534653465347,"pulau_aiduma_ext"
"1310","Dasyatidae",6,202,0.0297029702970297,"pulau_aiduma_ext"
"2114","Holocentridae",6,202,0.0297029702970297,"pulau_aiduma_ext"
"2610","Lethrinidae",6,202,0.0297029702970297,"pulau_aiduma_ext"
"338","Myctophidae",6,202,0.0297029702970297,"pulau_aiduma_ext"
"719","Carangidae",5,202,0.0247524752475248,"pulau_aiduma_ext"
"910","Chaetodontidae",5,202,0.0247524752475248,"pulau_aiduma_ext"
"1710","Engraulidae",5,202,0.0247524752475248,"pulau_aiduma_ext"
"3113","Mullidae",5,202,0.0247524752475248,"pulau_aiduma_ext"
"623","Balistidae",4,202,0.0198019801980198,"pulau_aiduma_ext"
"308","Mugilidae",4,202,0.0198019801980198,"pulau_aiduma_ext"
"397","Pomacanthidae",4,202,0.0198019801980198,"pulau_aiduma_ext"
"457","Scombridae",4,202,0.0198019801980198,"pulau_aiduma_ext"
"487","Sphyraenidae",4,202,0.0198019801980198,"pulau_aiduma_ext"
"814","Carcharhinidae",3,202,0.0148514851485149,"pulau_aiduma_ext"
"2010","Haemulidae",3,202,0.0148514851485149,"pulau_aiduma_ext"
"348","Myliobatidae",3,202,0.0148514851485149,"pulau_aiduma_ext"
"477","Siganidae",3,202,0.0148514851485149,"pulau_aiduma_ext"
"1212","Clupeidae",2,202,0.0099009900990099,"pulau_aiduma_ext"
"2310","Kyphosidae",2,202,0.0099009900990099,"pulau_aiduma_ext"
"3210","Muraenidae",2,202,0.0099009900990099,"pulau_aiduma_ext"
"4113","Potamotrygonidae",2,202,0.0099009900990099,"pulau_aiduma_ext"
"496","Synodontidae",2,202,0.0099009900990099,"pulau_aiduma_ext"
"505","Tetraodontidae",2,202,0.0099009900990099,"pulau_aiduma_ext"
"240","Alopiidae",1,202,0.00495049504950495,"pulau_aiduma_ext"
"330","Anomalopidae",1,202,0.00495049504950495,"pulau_aiduma_ext"
"526","Aulostomidae",1,202,0.00495049504950495,"pulau_aiduma_ext"
"1010","Chlopsidae",1,202,0.00495049504950495,"pulau_aiduma_ext"
"1114","Clariidae",1,202,0.00495049504950495,"pulau_aiduma_ext"
"1410","Echeneidae",1,202,0.00495049504950495,"pulau_aiduma_ext"
"1510","Eleotridae",1,202,0.00495049504950495,"pulau_aiduma_ext"
"1610","Emmelichthyidae",1,202,0.00495049504950495,"pulau_aiduma_ext"
"1810","Ephippidae",1,202,0.00495049504950495,"pulau_aiduma_ext"
"2212","Istiophoridae",1,202,0.00495049504950495,"pulau_aiduma_ext"
"2510","Leiognathidae",1,202,0.00495049504950495,"pulau_aiduma_ext"
"2810","Malacanthidae",1,202,0.00495049504950495,"pulau_aiduma_ext"
"298","Megalopidae",1,202,0.00495049504950495,"pulau_aiduma_ext"
"358","Ophichthidae",1,202,0.00495049504950495,"pulau_aiduma_ext"
"368","Orectolobidae",1,202,0.00495049504950495,"pulau_aiduma_ext"
"377","Osphronemidae",1,202,0.00495049504950495,"pulau_aiduma_ext"
"387","Paralepididae",1,202,0.00495049504950495,"pulau_aiduma_ext"
"429","Pristigasteridae",1,202,0.00495049504950495,"pulau_aiduma_ext"
"437","Pseudochromidae",1,202,0.00495049504950495,"pulau_aiduma_ext"
"447","Salmonidae",1,202,0.00495049504950495,"pulau_aiduma_ext"
"5111","Triakidae",1,202,0.00495049504950495,"pulau_aiduma_ext"
"527","Zanclidae",1,202,0.00495049504950495,"pulau_aiduma_ext"
