P1_A1;190809_SND405_A_L001_AIMI-119;SPY181498;santamarta;vert
P1_B1;190809_SND405_A_L001_AIMI-119;SPY181499;santamarta;vert
P1_C1;190809_SND405_A_L001_AIMI-119;SPY181500;santamarta;vert
P1_D1;190809_SND405_A_L001_AIMI-119;SPY181501;santamarta;vert
P1_E1;190809_SND405_A_L001_AIMI-119;SPY181503;santamarta;vert
P1_F1;190809_SND405_A_L001_AIMI-119;SPY181504;santamarta;vert
P1_G1;190809_SND405_A_L001_AIMI-119;SPY181505;santamarta;vert
P1_H1;190809_SND405_A_L001_AIMI-119;SPY181506;santamarta;vert
P1_A3;190809_SND405_A_L001_AIMI-119;SPY181508;santamarta;vert
P1_B3;190809_SND405_A_L001_AIMI-119;SPY181509;santamarta;vert
P1_C3;190809_SND405_A_L001_AIMI-119;SPY181512;santamarta;vert
P1_D3;190809_SND405_A_L001_AIMI-119;SPY181513;santamarta;vert
P1_E3;190809_SND405_A_L001_AIMI-119;SPY181514;santamarta;vert
P1_F3;190809_SND405_A_L001_AIMI-119;SPY181515;santamarta;vert
P1_G3;190809_SND405_A_L001_AIMI-119;SPY181516;santamarta;vert
P1_H3;190809_SND405_A_L001_AIMI-119;SPY181517;santamarta;vert
P1_A5;190809_SND405_A_L001_AIMI-119;SPY181518;santamarta;vert
P1_B5;190809_SND405_A_L001_AIMI-119;SPY181519;santamarta;vert
P1_C5;190809_SND405_A_L001_AIMI-119;SPY181520;santamarta;vert
P1_D5;190809_SND405_A_L001_AIMI-119;CNEGV_3;santamarta;vert
P1_E5;190809_SND405_A_L001_AIMI-119;SPY181521;santamarta;vert
P1_F5;190809_SND405_A_L001_AIMI-119;SPY181523;santamarta;vert
P1_G5;190809_SND405_A_L001_AIMI-119;SPY181525;santamarta;vert
P1_H5;190809_SND405_A_L001_AIMI-119;SPY181527;santamarta;vert
P1_A7;190809_SND405_A_L001_AIMI-119;SPY181530;santamarta;vert
P1_B7;190809_SND405_A_L001_AIMI-119;SPY181531;santamarta;vert
P1_C7;190809_SND405_A_L001_AIMI-119;SPY181534;santamarta;vert
P1_D7;190809_SND405_A_L001_AIMI-119;SPY181538;santamarta;vert
P1_E7;190809_SND405_A_L001_AIMI-119;SPY181539;santamarta;vert
P1_F7;190809_SND405_A_L001_AIMI-119;SPY181540;santamarta;vert
P1_G7;190809_SND405_A_L001_AIMI-119;SPY181889;santamarta;vert
P1_H7;190809_SND405_A_L001_AIMI-119;SPY181891;santamarta;vert
P1_A1;190809_SND405_A_L002_AIMI-120;SPY181903;santamarta;vert
P1_B1;190809_SND405_A_L002_AIMI-120;SPY182534;santamarta;vert
P1_C1;190809_SND405_A_L002_AIMI-120;SPY182535;santamarta;vert
P1_D1;190809_SND405_A_L002_AIMI-120;SPY182536;santamarta;vert
P1_E1;190809_SND405_A_L002_AIMI-120;SPY182537;santamarta;vert
P1_F1;190809_SND405_A_L002_AIMI-120;SPY182538;santamarta;vert
P1_G1;190809_SND405_A_L002_AIMI-120;SPY182539;santamarta;vert
P1_H1;190809_SND405_A_L002_AIMI-120;CNEGV_1;providencia;vert
P1_A3;190809_SND405_A_L002_AIMI-120;CNEGV_4;providencia;vert
P1_B3;190809_SND405_A_L002_AIMI-120;CNEGV_5;providencia;vert
P1_C3;190809_SND405_A_L002_AIMI-120;SPY180774;providencia;vert
P1_D3;190809_SND405_A_L002_AIMI-120;SPY181715;providencia;vert
P1_E3;190809_SND405_A_L002_AIMI-120;SPY181716;providencia;vert
P1_F3;190809_SND405_A_L002_AIMI-120;SPY181717;providencia;vert
P1_G3;190809_SND405_A_L002_AIMI-120;SPY181718;providencia;vert
P1_H3;190809_SND405_A_L002_AIMI-120;SPY181719;providencia;vert
P1_A5;190809_SND405_A_L002_AIMI-120;SPY181721;providencia;vert
P1_B5;190809_SND405_A_L002_AIMI-120;SPY181722;providencia;vert
P1_C5;190809_SND405_A_L002_AIMI-120;SPY181723;providencia;vert
P1_D5;190809_SND405_A_L002_AIMI-120;SPY181724;providencia;vert
P1_E5;190809_SND405_A_L002_AIMI-120;SPY181725;providencia;vert
P1_F5;190809_SND405_A_L002_AIMI-120;SPY181726;providencia;vert
P1_G5;190809_SND405_A_L002_AIMI-120;SPY181727;providencia;vert
P1_H5;190809_SND405_A_L002_AIMI-120;SPY181728;providencia;vert
P1_A7;190809_SND405_A_L002_AIMI-120;SPY181729;providencia;vert
P1_B7;190809_SND405_A_L002_AIMI-120;SPY181730;providencia;vert
P1_C7;190809_SND405_A_L002_AIMI-120;SPY181731;providencia;vert
P1_D7;190809_SND405_A_L002_AIMI-120;SPY181732;providencia;vert
P1_E7;190809_SND405_A_L002_AIMI-120;SPY181733;providencia;vert
P1_F7;190809_SND405_A_L002_AIMI-120;SPY181734;providencia;vert
P1_G7;190809_SND405_A_L002_AIMI-120;CNEGV_2;providencia;vert
P1_H7;190809_SND405_A_L002_AIMI-120;Blank1_01;Blank;vert
P1_A1;190809_SND405_A_L001_AIMI-119;SPY181498;santamarta;chond
P1_B1;190809_SND405_A_L001_AIMI-119;SPY181499;santamarta;chond
P1_C1;190809_SND405_A_L001_AIMI-119;SPY181500;santamarta;chond
P1_D1;190809_SND405_A_L001_AIMI-119;SPY181501;santamarta;chond
P1_E1;190809_SND405_A_L001_AIMI-119;SPY181503;santamarta;chond
P1_F1;190809_SND405_A_L001_AIMI-119;SPY181504;santamarta;chond
P1_G1;190809_SND405_A_L001_AIMI-119;SPY181505;santamarta;chond
P1_H1;190809_SND405_A_L001_AIMI-119;SPY181506;santamarta;chond
P1_A3;190809_SND405_A_L001_AIMI-119;SPY181508;santamarta;chond
P1_B3;190809_SND405_A_L001_AIMI-119;SPY181509;santamarta;chond
P1_C3;190809_SND405_A_L001_AIMI-119;SPY181512;santamarta;chond
P1_D3;190809_SND405_A_L001_AIMI-119;SPY181513;santamarta;chond
P1_E3;190809_SND405_A_L001_AIMI-119;SPY181514;santamarta;chond
P1_F3;190809_SND405_A_L001_AIMI-119;SPY181515;santamarta;chond
P1_G3;190809_SND405_A_L001_AIMI-119;SPY181516;santamarta;chond
P1_H3;190809_SND405_A_L001_AIMI-119;SPY181517;santamarta;chond
P1_A5;190809_SND405_A_L001_AIMI-119;SPY181518;santamarta;chond
P1_B5;190809_SND405_A_L001_AIMI-119;SPY181519;santamarta;chond
P1_C5;190809_SND405_A_L001_AIMI-119;SPY181520;santamarta;chond
P1_D5;190809_SND405_A_L001_AIMI-119;CNEGC_3;santamarta;chond
P1_E5;190809_SND405_A_L001_AIMI-119;SPY181521;santamarta;chond
P1_F5;190809_SND405_A_L001_AIMI-119;SPY181523;santamarta;chond
P1_G5;190809_SND405_A_L001_AIMI-119;SPY181525;santamarta;chond
P1_H5;190809_SND405_A_L001_AIMI-119;SPY181527;santamarta;chond
P1_A7;190809_SND405_A_L001_AIMI-119;SPY181530;santamarta;chond
P1_B7;190809_SND405_A_L001_AIMI-119;SPY181531;santamarta;chond
P1_C7;190809_SND405_A_L001_AIMI-119;SPY181534;santamarta;chond
P1_D7;190809_SND405_A_L001_AIMI-119;SPY181538;santamarta;chond
P1_E7;190809_SND405_A_L001_AIMI-119;SPY181539;santamarta;chond
P1_F7;190809_SND405_A_L001_AIMI-119;SPY181540;santamarta;chond
P1_A1;190809_SND405_A_L002_AIMI-120;SPY181889;santamarta;chond
P1_B1;190809_SND405_A_L002_AIMI-120;SPY181891;santamarta;chond
P1_C1;190809_SND405_A_L002_AIMI-120;SPY181903;santamarta;chond
P1_D1;190809_SND405_A_L002_AIMI-120;SPY182534;santamarta;chond
P1_E1;190809_SND405_A_L002_AIMI-120;SPY182535;santamarta;chond
P1_F1;190809_SND405_A_L002_AIMI-120;SPY182536;santamarta;chond
P1_G1;190809_SND405_A_L002_AIMI-120;SPY182537;santamarta;chond
P1_H1;190809_SND405_A_L002_AIMI-120;SPY182538;santamarta;chond
P1_A3;190809_SND405_A_L002_AIMI-120;SPY182539;santamarta;chond
P1_B3;190809_SND405_A_L002_AIMI-120;CNEGC1;providencia;chond
P1_C3;190809_SND405_A_L002_AIMI-120;CNEGC4;providencia;chond
P1_D3;190809_SND405_A_L002_AIMI-120;CNEGC5;providencia;chond
P1_E3;190809_SND405_A_L002_AIMI-120;SPY180774;providencia;chond
P1_F3;190809_SND405_A_L002_AIMI-120;SPY181715;providencia;chond
P1_G3;190809_SND405_A_L002_AIMI-120;SPY181716;providencia;chond
P1_H3;190809_SND405_A_L002_AIMI-120;SPY181717;providencia;chond
P1_A5;190809_SND405_A_L002_AIMI-120;SPY181718;providencia;chond
P1_B5;190809_SND405_A_L002_AIMI-120;SPY181719;providencia;chond
P1_C5;190809_SND405_A_L002_AIMI-120;SPY181721;providencia;chond
P1_D5;190809_SND405_A_L002_AIMI-120;SPY181722;providencia;chond
P1_E5;190809_SND405_A_L002_AIMI-120;SPY181723;providencia;chond
P1_F5;190809_SND405_A_L002_AIMI-120;SPY181724;providencia;chond
P1_G5;190809_SND405_A_L002_AIMI-120;SPY181725;providencia;chond
P1_H5;190809_SND405_A_L002_AIMI-120;SPY181726;providencia;chond
P1_A7;190809_SND405_A_L002_AIMI-120;SPY181727;providencia;chond
P1_B7;190809_SND405_A_L002_AIMI-120;SPY181728;providencia;chond
P1_C7;190809_SND405_A_L002_AIMI-120;SPY181729;providencia;chond
P1_D7;190809_SND405_A_L002_AIMI-120;Blank2_01;Blank;chond
P1_E7;190809_SND405_A_L002_AIMI-120;Blank2_02;Blank;chond
P1_F7;190809_SND405_A_L002_AIMI-120;Blank2_03;Blank;chond
P1_A1;190805_SN1126_A_L001_AIMI-121;SPY181730;providencia;chond
P1_B1;190805_SN1126_A_L001_AIMI-121;SPY181731;providencia;chond
P1_C1;190805_SN1126_A_L001_AIMI-121;SPY181732;providencia;chond
P1_D1;190805_SN1126_A_L001_AIMI-121;SPY181733;providencia;chond
P1_E1;190805_SN1126_A_L001_AIMI-121;SPY181734;providencia;chond
P1_F1;190805_SN1126_A_L001_AIMI-121;CNEGC2;providencia;chond
P1_G1;190805_SN1126_A_L001_AIMI-121;CNEGC6;providencia;chond
P1_H1;190805_SN1126_A_L001_AIMI-121;Blank3_01;Blank;chond
P1_A3;190805_SN1126_A_L001_AIMI-121;Blank3_02;Blank;chond
P1_B3;190805_SN1126_A_L001_AIMI-121;Blank3_03;Blank;chond
P1_C3;190805_SN1126_A_L001_AIMI-121;Blank3_04;Blank;chond
P1_D3;190805_SN1126_A_L001_AIMI-121;Blank3_05;Blank;chond
P1_E3;190805_SN1126_A_L001_AIMI-121;Blank3_06;Blank;chond
P1_F3;190805_SN1126_A_L001_AIMI-121;Blank3_07;Blank;chond
P1_G3;190805_SN1126_A_L001_AIMI-121;Blank3_08;Blank;chond
P1_H3;190805_SN1126_A_L001_AIMI-121;Blank3_09;Blank;chond
P1_A5;190805_SN1126_A_L001_AIMI-121;Blank3_10;Blank;chond
P1_B5;190805_SN1126_A_L001_AIMI-121;Blank3_11;Blank;chond
P1_C5;190805_SN1126_A_L001_AIMI-121;Blank3_12;Blank;chond
P1_D5;190805_SN1126_A_L001_AIMI-121;Blank3_13;Blank;chond
P1_E5;190805_SN1126_A_L001_AIMI-121;Blank3_14;Blank;chond
P1_F5;190805_SN1126_A_L001_AIMI-121;Blank3_15;Blank;chond
P1_G5;190805_SN1126_A_L001_AIMI-121;Blank3_16;Blank;chond
P1_H5;190805_SN1126_A_L001_AIMI-121;Blank3_17;Blank;chond
P1_A7;190805_SN1126_A_L001_AIMI-121;Blank3_18;Blank;chond
P1_B7;190805_SN1126_A_L001_AIMI-121;Blank3_19;Blank;chond
P1_C7;190805_SN1126_A_L001_AIMI-121;Blank3_20;Blank;chond
P1_D7;190805_SN1126_A_L001_AIMI-121;Blank3_21;Blank;chond
P1_E7;190805_SN1126_A_L001_AIMI-121;Blank3_22;Blank;chond
P1_F7;190805_SN1126_A_L001_AIMI-121;Blank3_23;Blank;chond
P1_A1;190809_SND405_A_L001_AIMI-119;SPY181498_01;santamarta;teleo
P1_A2;190809_SND405_A_L001_AIMI-119;SPY181498_02;santamarta;teleo
P1_A3;190809_SND405_A_L001_AIMI-119;SPY181498_03;santamarta;teleo
P1_A4;190809_SND405_A_L001_AIMI-119;SPY181498_04;santamarta;teleo
P1_A5;190809_SND405_A_L001_AIMI-119;SPY181498_05;santamarta;teleo
P1_A6;190809_SND405_A_L001_AIMI-119;SPY181498_06;santamarta;teleo
P1_A7;190809_SND405_A_L001_AIMI-119;SPY181498_07;santamarta;teleo
P1_A8;190809_SND405_A_L001_AIMI-119;SPY181498_08;santamarta;teleo
P1_A9;190809_SND405_A_L001_AIMI-119;SPY181498_09;santamarta;teleo
P1_A10;190809_SND405_A_L001_AIMI-119;SPY181498_10;santamarta;teleo
P1_A11;190809_SND405_A_L001_AIMI-119;SPY181498_11;santamarta;teleo
P1_A12;190809_SND405_A_L001_AIMI-119;SPY181498_12;santamarta;teleo
P1_B1;190809_SND405_A_L001_AIMI-119;SPY181499_01;santamarta;teleo
P1_B2;190809_SND405_A_L001_AIMI-119;SPY181499_02;santamarta;teleo
P1_B3;190809_SND405_A_L001_AIMI-119;SPY181499_03;santamarta;teleo
P1_B4;190809_SND405_A_L001_AIMI-119;SPY181499_04;santamarta;teleo
P1_B5;190809_SND405_A_L001_AIMI-119;SPY181499_05;santamarta;teleo
P1_B6;190809_SND405_A_L001_AIMI-119;SPY181499_06;santamarta;teleo
P1_B7;190809_SND405_A_L001_AIMI-119;SPY181499_07;santamarta;teleo
P1_B8;190809_SND405_A_L001_AIMI-119;SPY181499_08;santamarta;teleo
P1_B9;190809_SND405_A_L001_AIMI-119;SPY181499_09;santamarta;teleo
P1_B10;190809_SND405_A_L001_AIMI-119;SPY181499_10;santamarta;teleo
P1_B11;190809_SND405_A_L001_AIMI-119;SPY181499_11;santamarta;teleo
P1_B12;190809_SND405_A_L001_AIMI-119;SPY181499_12;santamarta;teleo
P1_C1;190809_SND405_A_L001_AIMI-119;SPY181500_01;santamarta;teleo
P1_C2;190809_SND405_A_L001_AIMI-119;SPY181500_02;santamarta;teleo
P1_C3;190809_SND405_A_L001_AIMI-119;SPY181500_03;santamarta;teleo
P1_C4;190809_SND405_A_L001_AIMI-119;SPY181500_04;santamarta;teleo
P1_C5;190809_SND405_A_L001_AIMI-119;SPY181500_05;santamarta;teleo
P1_C6;190809_SND405_A_L001_AIMI-119;SPY181500_06;santamarta;teleo
P1_C7;190809_SND405_A_L001_AIMI-119;SPY181500_07;santamarta;teleo
P1_C8;190809_SND405_A_L001_AIMI-119;SPY181500_08;santamarta;teleo
P1_C9;190809_SND405_A_L001_AIMI-119;SPY181500_09;santamarta;teleo
P1_C10;190809_SND405_A_L001_AIMI-119;SPY181500_10;santamarta;teleo
P1_C11;190809_SND405_A_L001_AIMI-119;SPY181500_11;santamarta;teleo
P1_C12;190809_SND405_A_L001_AIMI-119;SPY181500_12;santamarta;teleo
P1_D1;190809_SND405_A_L001_AIMI-119;SPY181501_01;santamarta;teleo
P1_D2;190809_SND405_A_L001_AIMI-119;SPY181501_02;santamarta;teleo
P1_D3;190809_SND405_A_L001_AIMI-119;SPY181501_03;santamarta;teleo
P1_D4;190809_SND405_A_L001_AIMI-119;SPY181501_04;santamarta;teleo
P1_D5;190809_SND405_A_L001_AIMI-119;SPY181501_05;santamarta;teleo
P1_D6;190809_SND405_A_L001_AIMI-119;SPY181501_06;santamarta;teleo
P1_D7;190809_SND405_A_L001_AIMI-119;SPY181501_07;santamarta;teleo
P1_D8;190809_SND405_A_L001_AIMI-119;SPY181501_08;santamarta;teleo
P1_D9;190809_SND405_A_L001_AIMI-119;SPY181501_09;santamarta;teleo
P1_D10;190809_SND405_A_L001_AIMI-119;SPY181501_10;santamarta;teleo
P1_D11;190809_SND405_A_L001_AIMI-119;SPY181501_11;santamarta;teleo
P1_D12;190809_SND405_A_L001_AIMI-119;SPY181501_12;santamarta;teleo
P1_E1;190809_SND405_A_L001_AIMI-119;SPY181503_01;santamarta;teleo
P1_E2;190809_SND405_A_L001_AIMI-119;SPY181503_02;santamarta;teleo
P1_E3;190809_SND405_A_L001_AIMI-119;SPY181503_03;santamarta;teleo
P1_E4;190809_SND405_A_L001_AIMI-119;SPY181503_04;santamarta;teleo
P1_E5;190809_SND405_A_L001_AIMI-119;SPY181503_05;santamarta;teleo
P1_E6;190809_SND405_A_L001_AIMI-119;SPY181503_06;santamarta;teleo
P1_E7;190809_SND405_A_L001_AIMI-119;SPY181503_07;santamarta;teleo
P1_E8;190809_SND405_A_L001_AIMI-119;SPY181503_08;santamarta;teleo
P1_E9;190809_SND405_A_L001_AIMI-119;SPY181503_09;santamarta;teleo
P1_E10;190809_SND405_A_L001_AIMI-119;SPY181503_10;santamarta;teleo
P1_E11;190809_SND405_A_L001_AIMI-119;SPY181503_11;santamarta;teleo
P1_E12;190809_SND405_A_L001_AIMI-119;SPY181503_12;santamarta;teleo
P1_F1;190809_SND405_A_L001_AIMI-119;SPY181504_01;santamarta;teleo
P1_F2;190809_SND405_A_L001_AIMI-119;SPY181504_02;santamarta;teleo
P1_F3;190809_SND405_A_L001_AIMI-119;SPY181504_03;santamarta;teleo
P1_F4;190809_SND405_A_L001_AIMI-119;SPY181504_04;santamarta;teleo
P1_F5;190809_SND405_A_L001_AIMI-119;SPY181504_05;santamarta;teleo
P1_F6;190809_SND405_A_L001_AIMI-119;SPY181504_06;santamarta;teleo
P1_F7;190809_SND405_A_L001_AIMI-119;SPY181504_07;santamarta;teleo
P1_F8;190809_SND405_A_L001_AIMI-119;SPY181504_08;santamarta;teleo
P1_F9;190809_SND405_A_L001_AIMI-119;SPY181504_09;santamarta;teleo
P1_F10;190809_SND405_A_L001_AIMI-119;SPY181504_10;santamarta;teleo
P1_F11;190809_SND405_A_L001_AIMI-119;SPY181504_11;santamarta;teleo
P1_F12;190809_SND405_A_L001_AIMI-119;SPY181504_12;santamarta;teleo
P1_G1;190809_SND405_A_L001_AIMI-119;SPY181505_01;santamarta;teleo
P1_G2;190809_SND405_A_L001_AIMI-119;SPY181505_02;santamarta;teleo
P1_G3;190809_SND405_A_L001_AIMI-119;SPY181505_03;santamarta;teleo
P1_G4;190809_SND405_A_L001_AIMI-119;SPY181505_04;santamarta;teleo
P1_G5;190809_SND405_A_L001_AIMI-119;SPY181505_05;santamarta;teleo
P1_G6;190809_SND405_A_L001_AIMI-119;SPY181505_06;santamarta;teleo
P1_G7;190809_SND405_A_L001_AIMI-119;SPY181505_07;santamarta;teleo
P1_G8;190809_SND405_A_L001_AIMI-119;SPY181505_08;santamarta;teleo
P1_G9;190809_SND405_A_L001_AIMI-119;SPY181505_09;santamarta;teleo
P1_G10;190809_SND405_A_L001_AIMI-119;SPY181505_10;santamarta;teleo
P1_G11;190809_SND405_A_L001_AIMI-119;SPY181505_11;santamarta;teleo
P1_G12;190809_SND405_A_L001_AIMI-119;SPY181505_12;santamarta;teleo
P1_H1;190809_SND405_A_L001_AIMI-119;SPY181506_01;santamarta;teleo
P1_H2;190809_SND405_A_L001_AIMI-119;SPY181506_02;santamarta;teleo
P1_H3;190809_SND405_A_L001_AIMI-119;SPY181506_03;santamarta;teleo
P1_H4;190809_SND405_A_L001_AIMI-119;SPY181506_04;santamarta;teleo
P1_H5;190809_SND405_A_L001_AIMI-119;SPY181506_05;santamarta;teleo
P1_H6;190809_SND405_A_L001_AIMI-119;SPY181506_06;santamarta;teleo
P1_H7;190809_SND405_A_L001_AIMI-119;SPY181506_07;santamarta;teleo
P1_H8;190809_SND405_A_L001_AIMI-119;SPY181506_08;santamarta;teleo
P1_H9;190809_SND405_A_L001_AIMI-119;SPY181506_09;santamarta;teleo
P1_H10;190809_SND405_A_L001_AIMI-119;SPY181506_10;santamarta;teleo
P1_H11;190809_SND405_A_L001_AIMI-119;SPY181506_11;santamarta;teleo
P1_H12;190809_SND405_A_L001_AIMI-119;SPY181506_12;santamarta;teleo
P2_A1;190809_SND405_A_L001_AIMI-119;SPY181508_01;santamarta;teleo
P2_A2;190809_SND405_A_L001_AIMI-119;SPY181508_02;santamarta;teleo
P2_A3;190809_SND405_A_L001_AIMI-119;SPY181508_03;santamarta;teleo
P2_A4;190809_SND405_A_L001_AIMI-119;SPY181508_04;santamarta;teleo
P2_A5;190809_SND405_A_L001_AIMI-119;SPY181508_05;santamarta;teleo
P2_A6;190809_SND405_A_L001_AIMI-119;SPY181508_06;santamarta;teleo
P2_A7;190809_SND405_A_L001_AIMI-119;SPY181508_07;santamarta;teleo
P2_A8;190809_SND405_A_L001_AIMI-119;SPY181508_08;santamarta;teleo
P2_A9;190809_SND405_A_L001_AIMI-119;SPY181508_09;santamarta;teleo
P2_A10;190809_SND405_A_L001_AIMI-119;SPY181508_10;santamarta;teleo
P2_A11;190809_SND405_A_L001_AIMI-119;SPY181508_11;santamarta;teleo
P2_A12;190809_SND405_A_L001_AIMI-119;SPY181508_12;santamarta;teleo
P2_B1;190809_SND405_A_L001_AIMI-119;SPY181509_01;santamarta;teleo
P2_B2;190809_SND405_A_L001_AIMI-119;SPY181509_02;santamarta;teleo
P2_B3;190809_SND405_A_L001_AIMI-119;SPY181509_03;santamarta;teleo
P2_B4;190809_SND405_A_L001_AIMI-119;SPY181509_04;santamarta;teleo
P2_B5;190809_SND405_A_L001_AIMI-119;SPY181509_05;santamarta;teleo
P2_B6;190809_SND405_A_L001_AIMI-119;SPY181509_06;santamarta;teleo
P2_B7;190809_SND405_A_L001_AIMI-119;SPY181509_07;santamarta;teleo
P2_B8;190809_SND405_A_L001_AIMI-119;SPY181509_08;santamarta;teleo
P2_B9;190809_SND405_A_L001_AIMI-119;SPY181509_09;santamarta;teleo
P2_B10;190809_SND405_A_L001_AIMI-119;SPY181509_10;santamarta;teleo
P2_B11;190809_SND405_A_L001_AIMI-119;SPY181509_11;santamarta;teleo
P2_B12;190809_SND405_A_L001_AIMI-119;SPY181509_12;santamarta;teleo
P2_C1;190809_SND405_A_L001_AIMI-119;SPY181512_01;santamarta;teleo
P2_C2;190809_SND405_A_L001_AIMI-119;SPY181512_02;santamarta;teleo
P2_C3;190809_SND405_A_L001_AIMI-119;SPY181512_03;santamarta;teleo
P2_C4;190809_SND405_A_L001_AIMI-119;SPY181512_04;santamarta;teleo
P2_C5;190809_SND405_A_L001_AIMI-119;SPY181512_05;santamarta;teleo
P2_C6;190809_SND405_A_L001_AIMI-119;SPY181512_06;santamarta;teleo
P2_C7;190809_SND405_A_L001_AIMI-119;SPY181512_07;santamarta;teleo
P2_C8;190809_SND405_A_L001_AIMI-119;SPY181512_08;santamarta;teleo
P2_C9;190809_SND405_A_L001_AIMI-119;SPY181512_09;santamarta;teleo
P2_C10;190809_SND405_A_L001_AIMI-119;SPY181512_10;santamarta;teleo
P2_C11;190809_SND405_A_L001_AIMI-119;SPY181512_11;santamarta;teleo
P2_C12;190809_SND405_A_L001_AIMI-119;SPY181512_12;santamarta;teleo
P2_D1;190809_SND405_A_L001_AIMI-119;SPY181513_01;santamarta;teleo
P2_D2;190809_SND405_A_L001_AIMI-119;SPY181513_02;santamarta;teleo
P2_D3;190809_SND405_A_L001_AIMI-119;SPY181513_03;santamarta;teleo
P2_D4;190809_SND405_A_L001_AIMI-119;SPY181513_04;santamarta;teleo
P2_D5;190809_SND405_A_L001_AIMI-119;SPY181513_05;santamarta;teleo
P2_D6;190809_SND405_A_L001_AIMI-119;SPY181513_06;santamarta;teleo
P2_D7;190809_SND405_A_L001_AIMI-119;SPY181513_07;santamarta;teleo
P2_D8;190809_SND405_A_L001_AIMI-119;SPY181513_08;santamarta;teleo
P2_D9;190809_SND405_A_L001_AIMI-119;SPY181513_09;santamarta;teleo
P2_D10;190809_SND405_A_L001_AIMI-119;SPY181513_10;santamarta;teleo
P2_D11;190809_SND405_A_L001_AIMI-119;SPY181513_11;santamarta;teleo
P2_D12;190809_SND405_A_L001_AIMI-119;SPY181513_12;santamarta;teleo
P2_E1;190809_SND405_A_L001_AIMI-119;SPY181514_01;santamarta;teleo
P2_E2;190809_SND405_A_L001_AIMI-119;SPY181514_02;santamarta;teleo
P2_E3;190809_SND405_A_L001_AIMI-119;SPY181514_03;santamarta;teleo
P2_E4;190809_SND405_A_L001_AIMI-119;SPY181514_04;santamarta;teleo
P2_E5;190809_SND405_A_L001_AIMI-119;SPY181514_05;santamarta;teleo
P2_E6;190809_SND405_A_L001_AIMI-119;SPY181514_06;santamarta;teleo
P2_E7;190809_SND405_A_L001_AIMI-119;SPY181514_07;santamarta;teleo
P2_E8;190809_SND405_A_L001_AIMI-119;SPY181514_08;santamarta;teleo
P2_E9;190809_SND405_A_L001_AIMI-119;SPY181514_09;santamarta;teleo
P2_E10;190809_SND405_A_L001_AIMI-119;SPY181514_10;santamarta;teleo
P2_E11;190809_SND405_A_L001_AIMI-119;SPY181514_11;santamarta;teleo
P2_E12;190809_SND405_A_L001_AIMI-119;SPY181514_12;santamarta;teleo
P2_F1;190809_SND405_A_L001_AIMI-119;SPY181515_01;santamarta;teleo
P2_F2;190809_SND405_A_L001_AIMI-119;SPY181515_02;santamarta;teleo
P2_F3;190809_SND405_A_L001_AIMI-119;SPY181515_03;santamarta;teleo
P2_F4;190809_SND405_A_L001_AIMI-119;SPY181515_04;santamarta;teleo
P2_F5;190809_SND405_A_L001_AIMI-119;SPY181515_05;santamarta;teleo
P2_F6;190809_SND405_A_L001_AIMI-119;SPY181515_06;santamarta;teleo
P2_F7;190809_SND405_A_L001_AIMI-119;SPY181515_07;santamarta;teleo
P2_F8;190809_SND405_A_L001_AIMI-119;SPY181515_08;santamarta;teleo
P2_F9;190809_SND405_A_L001_AIMI-119;SPY181515_09;santamarta;teleo
P2_F10;190809_SND405_A_L001_AIMI-119;SPY181515_10;santamarta;teleo
P2_F11;190809_SND405_A_L001_AIMI-119;SPY181515_11;santamarta;teleo
P2_F12;190809_SND405_A_L001_AIMI-119;SPY181515_12;santamarta;teleo
P2_G1;190809_SND405_A_L001_AIMI-119;SPY181516_01;santamarta;teleo
P2_G2;190809_SND405_A_L001_AIMI-119;SPY181516_02;santamarta;teleo
P2_G3;190809_SND405_A_L001_AIMI-119;SPY181516_03;santamarta;teleo
P2_G4;190809_SND405_A_L001_AIMI-119;SPY181516_04;santamarta;teleo
P2_G5;190809_SND405_A_L001_AIMI-119;SPY181516_05;santamarta;teleo
P2_G6;190809_SND405_A_L001_AIMI-119;SPY181516_06;santamarta;teleo
P2_G7;190809_SND405_A_L001_AIMI-119;SPY181516_07;santamarta;teleo
P2_G8;190809_SND405_A_L001_AIMI-119;SPY181516_08;santamarta;teleo
P2_G9;190809_SND405_A_L001_AIMI-119;SPY181516_09;santamarta;teleo
P2_G10;190809_SND405_A_L001_AIMI-119;SPY181516_10;santamarta;teleo
P2_G11;190809_SND405_A_L001_AIMI-119;SPY181516_11;santamarta;teleo
P2_G12;190809_SND405_A_L001_AIMI-119;SPY181516_12;santamarta;teleo
P2_H1;190809_SND405_A_L001_AIMI-119;SPY181517_01;santamarta;teleo
P2_H2;190809_SND405_A_L001_AIMI-119;SPY181517_02;santamarta;teleo
P2_H3;190809_SND405_A_L001_AIMI-119;SPY181517_03;santamarta;teleo
P2_H4;190809_SND405_A_L001_AIMI-119;SPY181517_04;santamarta;teleo
P2_H5;190809_SND405_A_L001_AIMI-119;SPY181517_05;santamarta;teleo
P2_H6;190809_SND405_A_L001_AIMI-119;SPY181517_06;santamarta;teleo
P2_H7;190809_SND405_A_L001_AIMI-119;SPY181517_07;santamarta;teleo
P2_H8;190809_SND405_A_L001_AIMI-119;SPY181517_08;santamarta;teleo
P2_H9;190809_SND405_A_L001_AIMI-119;SPY181517_09;santamarta;teleo
P2_H10;190809_SND405_A_L001_AIMI-119;SPY181517_10;santamarta;teleo
P2_H11;190809_SND405_A_L001_AIMI-119;SPY181517_11;santamarta;teleo
P2_H12;190809_SND405_A_L001_AIMI-119;SPY181517_12;santamarta;teleo
P3_A1;190809_SND405_A_L001_AIMI-119;SPY181518_01;santamarta;teleo
P3_A2;190809_SND405_A_L001_AIMI-119;SPY181518_02;santamarta;teleo
P3_A3;190809_SND405_A_L001_AIMI-119;SPY181518_03;santamarta;teleo
P3_A4;190809_SND405_A_L001_AIMI-119;SPY181518_04;santamarta;teleo
P3_A5;190809_SND405_A_L001_AIMI-119;SPY181518_05;santamarta;teleo
P3_A6;190809_SND405_A_L001_AIMI-119;SPY181518_06;santamarta;teleo
P3_A7;190809_SND405_A_L001_AIMI-119;SPY181518_07;santamarta;teleo
P3_A8;190809_SND405_A_L001_AIMI-119;SPY181518_08;santamarta;teleo
P3_A9;190809_SND405_A_L001_AIMI-119;SPY181518_09;santamarta;teleo
P3_A10;190809_SND405_A_L001_AIMI-119;SPY181518_10;santamarta;teleo
P3_A11;190809_SND405_A_L001_AIMI-119;SPY181518_11;santamarta;teleo
P3_A12;190809_SND405_A_L001_AIMI-119;SPY181518_12;santamarta;teleo
P3_B1;190809_SND405_A_L001_AIMI-119;SPY181519_01;santamarta;teleo
P3_B2;190809_SND405_A_L001_AIMI-119;SPY181519_02;santamarta;teleo
P3_B3;190809_SND405_A_L001_AIMI-119;SPY181519_03;santamarta;teleo
P3_B4;190809_SND405_A_L001_AIMI-119;SPY181519_04;santamarta;teleo
P3_B5;190809_SND405_A_L001_AIMI-119;SPY181519_05;santamarta;teleo
P3_B6;190809_SND405_A_L001_AIMI-119;SPY181519_06;santamarta;teleo
P3_B7;190809_SND405_A_L001_AIMI-119;SPY181519_07;santamarta;teleo
P3_B8;190809_SND405_A_L001_AIMI-119;SPY181519_08;santamarta;teleo
P3_B9;190809_SND405_A_L001_AIMI-119;SPY181519_09;santamarta;teleo
P3_B10;190809_SND405_A_L001_AIMI-119;SPY181519_10;santamarta;teleo
P3_B11;190809_SND405_A_L001_AIMI-119;SPY181519_11;santamarta;teleo
P3_B12;190809_SND405_A_L001_AIMI-119;SPY181519_12;santamarta;teleo
P3_C1;190809_SND405_A_L001_AIMI-119;SPY181520_01;santamarta;teleo
P3_C2;190809_SND405_A_L001_AIMI-119;SPY181520_02;santamarta;teleo
P3_C3;190809_SND405_A_L001_AIMI-119;SPY181520_03;santamarta;teleo
P3_C4;190809_SND405_A_L001_AIMI-119;SPY181520_04;santamarta;teleo
P3_C5;190809_SND405_A_L001_AIMI-119;SPY181520_05;santamarta;teleo
P3_C6;190809_SND405_A_L001_AIMI-119;SPY181520_06;santamarta;teleo
P3_C7;190809_SND405_A_L001_AIMI-119;SPY181520_07;santamarta;teleo
P3_C8;190809_SND405_A_L001_AIMI-119;SPY181520_08;santamarta;teleo
P3_C9;190809_SND405_A_L001_AIMI-119;SPY181520_09;santamarta;teleo
P3_C10;190809_SND405_A_L001_AIMI-119;SPY181520_10;santamarta;teleo
P3_C11;190809_SND405_A_L001_AIMI-119;SPY181520_11;santamarta;teleo
P3_C12;190809_SND405_A_L001_AIMI-119;SPY181520_12;santamarta;teleo
P3_D1;190809_SND405_A_L001_AIMI-119;CNEG3_01;santamarta;teleo
P3_D2;190809_SND405_A_L001_AIMI-119;CNEG3_02;santamarta;teleo
P3_D3;190809_SND405_A_L001_AIMI-119;CNEG3_03;santamarta;teleo
P3_D4;190809_SND405_A_L001_AIMI-119;CNEG3_04;santamarta;teleo
P3_D5;190809_SND405_A_L001_AIMI-119;CNEG3_05;santamarta;teleo
P3_D6;190809_SND405_A_L001_AIMI-119;CNEG3_06;santamarta;teleo
P3_D7;190809_SND405_A_L001_AIMI-119;CNEG3_07;santamarta;teleo
P3_D8;190809_SND405_A_L001_AIMI-119;CNEG3_08;santamarta;teleo
P3_D9;190809_SND405_A_L001_AIMI-119;CNEG3_09;santamarta;teleo
P3_D10;190809_SND405_A_L001_AIMI-119;CNEG3_10;santamarta;teleo
P3_D11;190809_SND405_A_L001_AIMI-119;CNEG3_11;santamarta;teleo
P3_D12;190809_SND405_A_L001_AIMI-119;CNEG3_12;santamarta;teleo
P3_E1;190809_SND405_A_L001_AIMI-119;SPY181521_01;santamarta;teleo
P3_E2;190809_SND405_A_L001_AIMI-119;SPY181521_02;santamarta;teleo
P3_E3;190809_SND405_A_L001_AIMI-119;SPY181521_03;santamarta;teleo
P3_E4;190809_SND405_A_L001_AIMI-119;SPY181521_04;santamarta;teleo
P3_E5;190809_SND405_A_L001_AIMI-119;SPY181521_05;santamarta;teleo
P3_E6;190809_SND405_A_L001_AIMI-119;SPY181521_06;santamarta;teleo
P3_E7;190809_SND405_A_L001_AIMI-119;SPY181521_07;santamarta;teleo
P3_E8;190809_SND405_A_L001_AIMI-119;SPY181521_08;santamarta;teleo
P3_E9;190809_SND405_A_L001_AIMI-119;SPY181521_09;santamarta;teleo
P3_E10;190809_SND405_A_L001_AIMI-119;SPY181521_10;santamarta;teleo
P3_E11;190809_SND405_A_L001_AIMI-119;SPY181521_11;santamarta;teleo
P3_E12;190809_SND405_A_L001_AIMI-119;SPY181521_12;santamarta;teleo
P3_F1;190809_SND405_A_L001_AIMI-119;SPY181523_01;santamarta;teleo
P3_F2;190809_SND405_A_L001_AIMI-119;SPY181523_02;santamarta;teleo
P3_F3;190809_SND405_A_L001_AIMI-119;SPY181523_03;santamarta;teleo
P3_F4;190809_SND405_A_L001_AIMI-119;SPY181523_04;santamarta;teleo
P3_F5;190809_SND405_A_L001_AIMI-119;SPY181523_05;santamarta;teleo
P3_F6;190809_SND405_A_L001_AIMI-119;SPY181523_06;santamarta;teleo
P3_F7;190809_SND405_A_L001_AIMI-119;SPY181523_07;santamarta;teleo
P3_F8;190809_SND405_A_L001_AIMI-119;SPY181523_08;santamarta;teleo
P3_F9;190809_SND405_A_L001_AIMI-119;SPY181523_09;santamarta;teleo
P3_F10;190809_SND405_A_L001_AIMI-119;SPY181523_10;santamarta;teleo
P3_F11;190809_SND405_A_L001_AIMI-119;SPY181523_11;santamarta;teleo
P3_F12;190809_SND405_A_L001_AIMI-119;SPY181523_12;santamarta;teleo
P3_G1;190809_SND405_A_L001_AIMI-119;SPY181525_01;santamarta;teleo
P3_G2;190809_SND405_A_L001_AIMI-119;SPY181525_02;santamarta;teleo
P3_G3;190809_SND405_A_L001_AIMI-119;SPY181525_03;santamarta;teleo
P3_G4;190809_SND405_A_L001_AIMI-119;SPY181525_04;santamarta;teleo
P3_G5;190809_SND405_A_L001_AIMI-119;SPY181525_05;santamarta;teleo
P3_G6;190809_SND405_A_L001_AIMI-119;SPY181525_06;santamarta;teleo
P3_G7;190809_SND405_A_L001_AIMI-119;SPY181525_07;santamarta;teleo
P3_G8;190809_SND405_A_L001_AIMI-119;SPY181525_08;santamarta;teleo
P3_G9;190809_SND405_A_L001_AIMI-119;SPY181525_09;santamarta;teleo
P3_G10;190809_SND405_A_L001_AIMI-119;SPY181525_10;santamarta;teleo
P3_G11;190809_SND405_A_L001_AIMI-119;SPY181525_11;santamarta;teleo
P3_G12;190809_SND405_A_L001_AIMI-119;SPY181525_12;santamarta;teleo
P3_H1;190809_SND405_A_L001_AIMI-119;SPY181527_01;santamarta;teleo
P3_H2;190809_SND405_A_L001_AIMI-119;SPY181527_02;santamarta;teleo
P3_H3;190809_SND405_A_L001_AIMI-119;SPY181527_03;santamarta;teleo
P3_H4;190809_SND405_A_L001_AIMI-119;SPY181527_04;santamarta;teleo
P3_H5;190809_SND405_A_L001_AIMI-119;SPY181527_05;santamarta;teleo
P3_H6;190809_SND405_A_L001_AIMI-119;SPY181527_06;santamarta;teleo
P3_H7;190809_SND405_A_L001_AIMI-119;SPY181527_07;santamarta;teleo
P3_H8;190809_SND405_A_L001_AIMI-119;SPY181527_08;santamarta;teleo
P3_H9;190809_SND405_A_L001_AIMI-119;SPY181527_09;santamarta;teleo
P3_H10;190809_SND405_A_L001_AIMI-119;SPY181527_10;santamarta;teleo
P3_H11;190809_SND405_A_L001_AIMI-119;SPY181527_11;santamarta;teleo
P3_H12;190809_SND405_A_L001_AIMI-119;SPY181527_12;santamarta;teleo
P4_A1;190809_SND405_A_L001_AIMI-119;SPY181530_01;santamarta;teleo
P4_A2;190809_SND405_A_L001_AIMI-119;SPY181530_02;santamarta;teleo
P4_A3;190809_SND405_A_L001_AIMI-119;SPY181530_03;santamarta;teleo
P4_A4;190809_SND405_A_L001_AIMI-119;SPY181530_04;santamarta;teleo
P4_A5;190809_SND405_A_L001_AIMI-119;SPY181530_05;santamarta;teleo
P4_A6;190809_SND405_A_L001_AIMI-119;SPY181530_06;santamarta;teleo
P4_A7;190809_SND405_A_L001_AIMI-119;SPY181530_07;santamarta;teleo
P4_A8;190809_SND405_A_L001_AIMI-119;SPY181530_08;santamarta;teleo
P4_A9;190809_SND405_A_L001_AIMI-119;SPY181530_09;santamarta;teleo
P4_A10;190809_SND405_A_L001_AIMI-119;SPY181530_10;santamarta;teleo
P4_A11;190809_SND405_A_L001_AIMI-119;SPY181530_11;santamarta;teleo
P4_A12;190809_SND405_A_L001_AIMI-119;SPY181530_12;santamarta;teleo
P4_B1;190809_SND405_A_L001_AIMI-119;SPY181531_01;santamarta;teleo
P4_B2;190809_SND405_A_L001_AIMI-119;SPY181531_02;santamarta;teleo
P4_B3;190809_SND405_A_L001_AIMI-119;SPY181531_03;santamarta;teleo
P4_B4;190809_SND405_A_L001_AIMI-119;SPY181531_04;santamarta;teleo
P4_B5;190809_SND405_A_L001_AIMI-119;SPY181531_05;santamarta;teleo
P4_B6;190809_SND405_A_L001_AIMI-119;SPY181531_06;santamarta;teleo
P4_B7;190809_SND405_A_L001_AIMI-119;SPY181531_07;santamarta;teleo
P4_B8;190809_SND405_A_L001_AIMI-119;SPY181531_08;santamarta;teleo
P4_B9;190809_SND405_A_L001_AIMI-119;SPY181531_09;santamarta;teleo
P4_B10;190809_SND405_A_L001_AIMI-119;SPY181531_10;santamarta;teleo
P4_B11;190809_SND405_A_L001_AIMI-119;SPY181531_11;santamarta;teleo
P4_B12;190809_SND405_A_L001_AIMI-119;SPY181531_12;santamarta;teleo
P4_C1;190809_SND405_A_L001_AIMI-119;SPY181534_01;santamarta;teleo
P4_C2;190809_SND405_A_L001_AIMI-119;SPY181534_02;santamarta;teleo
P4_C3;190809_SND405_A_L001_AIMI-119;SPY181534_03;santamarta;teleo
P4_C4;190809_SND405_A_L001_AIMI-119;SPY181534_04;santamarta;teleo
P4_C5;190809_SND405_A_L001_AIMI-119;SPY181534_05;santamarta;teleo
P4_C6;190809_SND405_A_L001_AIMI-119;SPY181534_06;santamarta;teleo
P4_C7;190809_SND405_A_L001_AIMI-119;SPY181534_07;santamarta;teleo
P4_C8;190809_SND405_A_L001_AIMI-119;SPY181534_08;santamarta;teleo
P4_C9;190809_SND405_A_L001_AIMI-119;SPY181534_09;santamarta;teleo
P4_C10;190809_SND405_A_L001_AIMI-119;SPY181534_10;santamarta;teleo
P4_C11;190809_SND405_A_L001_AIMI-119;SPY181534_11;santamarta;teleo
P4_C12;190809_SND405_A_L001_AIMI-119;SPY181534_12;santamarta;teleo
P4_D1;190809_SND405_A_L001_AIMI-119;SPY181538_01;santamarta;teleo
P4_D2;190809_SND405_A_L001_AIMI-119;SPY181538_02;santamarta;teleo
P4_D3;190809_SND405_A_L001_AIMI-119;SPY181538_03;santamarta;teleo
P4_D4;190809_SND405_A_L001_AIMI-119;SPY181538_04;santamarta;teleo
P4_D5;190809_SND405_A_L001_AIMI-119;SPY181538_05;santamarta;teleo
P4_D6;190809_SND405_A_L001_AIMI-119;SPY181538_06;santamarta;teleo
P4_D7;190809_SND405_A_L001_AIMI-119;SPY181538_07;santamarta;teleo
P4_D8;190809_SND405_A_L001_AIMI-119;SPY181538_08;santamarta;teleo
P4_D9;190809_SND405_A_L001_AIMI-119;SPY181538_09;santamarta;teleo
P4_D10;190809_SND405_A_L001_AIMI-119;SPY181538_10;santamarta;teleo
P4_D11;190809_SND405_A_L001_AIMI-119;SPY181538_11;santamarta;teleo
P4_D12;190809_SND405_A_L001_AIMI-119;SPY181538_12;santamarta;teleo
P4_E1;190809_SND405_A_L001_AIMI-119;SPY181539_01;santamarta;teleo
P4_E2;190809_SND405_A_L001_AIMI-119;SPY181539_02;santamarta;teleo
P4_E3;190809_SND405_A_L001_AIMI-119;SPY181539_03;santamarta;teleo
P4_E4;190809_SND405_A_L001_AIMI-119;SPY181539_04;santamarta;teleo
P4_E5;190809_SND405_A_L001_AIMI-119;SPY181539_05;santamarta;teleo
P4_E6;190809_SND405_A_L001_AIMI-119;SPY181539_06;santamarta;teleo
P4_E7;190809_SND405_A_L001_AIMI-119;SPY181539_07;santamarta;teleo
P4_E8;190809_SND405_A_L001_AIMI-119;SPY181539_08;santamarta;teleo
P4_E9;190809_SND405_A_L001_AIMI-119;SPY181539_09;santamarta;teleo
P4_E10;190809_SND405_A_L001_AIMI-119;SPY181539_10;santamarta;teleo
P4_E11;190809_SND405_A_L001_AIMI-119;SPY181539_11;santamarta;teleo
P4_E12;190809_SND405_A_L001_AIMI-119;SPY181539_12;santamarta;teleo
P4_F1;190809_SND405_A_L001_AIMI-119;SPY181540_01;santamarta;teleo
P4_F2;190809_SND405_A_L001_AIMI-119;SPY181540_02;santamarta;teleo
P4_F3;190809_SND405_A_L001_AIMI-119;SPY181540_03;santamarta;teleo
P4_F4;190809_SND405_A_L001_AIMI-119;SPY181540_04;santamarta;teleo
P4_F5;190809_SND405_A_L001_AIMI-119;SPY181540_05;santamarta;teleo
P4_F6;190809_SND405_A_L001_AIMI-119;SPY181540_06;santamarta;teleo
P4_F7;190809_SND405_A_L001_AIMI-119;SPY181540_07;santamarta;teleo
P4_F8;190809_SND405_A_L001_AIMI-119;SPY181540_08;santamarta;teleo
P4_F9;190809_SND405_A_L001_AIMI-119;SPY181540_09;santamarta;teleo
P4_F10;190809_SND405_A_L001_AIMI-119;SPY181540_10;santamarta;teleo
P4_F11;190809_SND405_A_L001_AIMI-119;SPY181540_11;santamarta;teleo
P4_F12;190809_SND405_A_L001_AIMI-119;SPY181540_12;santamarta;teleo
P4_G1;190809_SND405_A_L001_AIMI-119;SPY181889_01;santamarta;teleo
P4_G2;190809_SND405_A_L001_AIMI-119;SPY181889_02;santamarta;teleo
P4_G3;190809_SND405_A_L001_AIMI-119;SPY181889_03;santamarta;teleo
P4_G4;190809_SND405_A_L001_AIMI-119;SPY181889_04;santamarta;teleo
P4_G5;190809_SND405_A_L001_AIMI-119;SPY181889_05;santamarta;teleo
P4_G6;190809_SND405_A_L001_AIMI-119;SPY181889_06;santamarta;teleo
P4_G7;190809_SND405_A_L001_AIMI-119;SPY181889_07;santamarta;teleo
P4_G8;190809_SND405_A_L001_AIMI-119;SPY181889_08;santamarta;teleo
P4_G9;190809_SND405_A_L001_AIMI-119;SPY181889_09;santamarta;teleo
P4_G10;190809_SND405_A_L001_AIMI-119;SPY181889_10;santamarta;teleo
P4_G11;190809_SND405_A_L001_AIMI-119;SPY181889_11;santamarta;teleo
P4_G12;190809_SND405_A_L001_AIMI-119;SPY181889_12;santamarta;teleo
P4_H1;190809_SND405_A_L001_AIMI-119;SPY181891_01;santamarta;teleo
P4_H2;190809_SND405_A_L001_AIMI-119;SPY181891_02;santamarta;teleo
P4_H3;190809_SND405_A_L001_AIMI-119;SPY181891_03;santamarta;teleo
P4_H4;190809_SND405_A_L001_AIMI-119;SPY181891_04;santamarta;teleo
P4_H5;190809_SND405_A_L001_AIMI-119;SPY181891_05;santamarta;teleo
P4_H6;190809_SND405_A_L001_AIMI-119;SPY181891_06;santamarta;teleo
P4_H7;190809_SND405_A_L001_AIMI-119;SPY181891_07;santamarta;teleo
P4_H8;190809_SND405_A_L001_AIMI-119;SPY181891_08;santamarta;teleo
P4_H9;190809_SND405_A_L001_AIMI-119;SPY181891_09;santamarta;teleo
P4_H10;190809_SND405_A_L001_AIMI-119;SPY181891_10;santamarta;teleo
P4_H11;190809_SND405_A_L001_AIMI-119;SPY181891_11;santamarta;teleo
P4_H12;190809_SND405_A_L001_AIMI-119;SPY181891_12;santamarta;teleo
P1_A1;190809_SND405_A_L002_AIMI-120;SPY181903_01;santamarta;teleo
P1_A2;190809_SND405_A_L002_AIMI-120;SPY181903_02;santamarta;teleo
P1_A3;190809_SND405_A_L002_AIMI-120;SPY181903_03;santamarta;teleo
P1_A4;190809_SND405_A_L002_AIMI-120;SPY181903_04;santamarta;teleo
P1_A5;190809_SND405_A_L002_AIMI-120;SPY181903_05;santamarta;teleo
P1_A6;190809_SND405_A_L002_AIMI-120;SPY181903_06;santamarta;teleo
P1_A7;190809_SND405_A_L002_AIMI-120;SPY181903_07;santamarta;teleo
P1_A8;190809_SND405_A_L002_AIMI-120;SPY181903_08;santamarta;teleo
P1_A9;190809_SND405_A_L002_AIMI-120;SPY181903_09;santamarta;teleo
P1_A10;190809_SND405_A_L002_AIMI-120;SPY181903_10;santamarta;teleo
P1_A11;190809_SND405_A_L002_AIMI-120;SPY181903_11;santamarta;teleo
P1_A12;190809_SND405_A_L002_AIMI-120;SPY181903_12;santamarta;teleo
P1_B1;190809_SND405_A_L002_AIMI-120;SPY182534_01;santamarta;teleo
P1_B2;190809_SND405_A_L002_AIMI-120;SPY182534_02;santamarta;teleo
P1_B3;190809_SND405_A_L002_AIMI-120;SPY182534_03;santamarta;teleo
P1_B4;190809_SND405_A_L002_AIMI-120;SPY182534_04;santamarta;teleo
P1_B5;190809_SND405_A_L002_AIMI-120;SPY182534_05;santamarta;teleo
P1_B6;190809_SND405_A_L002_AIMI-120;SPY182534_06;santamarta;teleo
P1_B7;190809_SND405_A_L002_AIMI-120;SPY182534_07;santamarta;teleo
P1_B8;190809_SND405_A_L002_AIMI-120;SPY182534_08;santamarta;teleo
P1_B9;190809_SND405_A_L002_AIMI-120;SPY182534_09;santamarta;teleo
P1_B10;190809_SND405_A_L002_AIMI-120;SPY182534_10;santamarta;teleo
P1_B11;190809_SND405_A_L002_AIMI-120;SPY182534_11;santamarta;teleo
P1_B12;190809_SND405_A_L002_AIMI-120;SPY182534_12;santamarta;teleo
P1_C1;190809_SND405_A_L002_AIMI-120;SPY182535_01;santamarta;teleo
P1_C2;190809_SND405_A_L002_AIMI-120;SPY182535_02;santamarta;teleo
P1_C3;190809_SND405_A_L002_AIMI-120;SPY182535_03;santamarta;teleo
P1_C4;190809_SND405_A_L002_AIMI-120;SPY182535_04;santamarta;teleo
P1_C5;190809_SND405_A_L002_AIMI-120;SPY182535_05;santamarta;teleo
P1_C6;190809_SND405_A_L002_AIMI-120;SPY182535_06;santamarta;teleo
P1_C7;190809_SND405_A_L002_AIMI-120;SPY182535_07;santamarta;teleo
P1_C8;190809_SND405_A_L002_AIMI-120;SPY182535_08;santamarta;teleo
P1_C9;190809_SND405_A_L002_AIMI-120;SPY182535_09;santamarta;teleo
P1_C10;190809_SND405_A_L002_AIMI-120;SPY182535_10;santamarta;teleo
P1_C11;190809_SND405_A_L002_AIMI-120;SPY182535_11;santamarta;teleo
P1_C12;190809_SND405_A_L002_AIMI-120;SPY182535_12;santamarta;teleo
P1_D1;190809_SND405_A_L002_AIMI-120;SPY182536_01;santamarta;teleo
P1_D2;190809_SND405_A_L002_AIMI-120;SPY182536_02;santamarta;teleo
P1_D3;190809_SND405_A_L002_AIMI-120;SPY182536_03;santamarta;teleo
P1_D4;190809_SND405_A_L002_AIMI-120;SPY182536_04;santamarta;teleo
P1_D5;190809_SND405_A_L002_AIMI-120;SPY182536_05;santamarta;teleo
P1_D6;190809_SND405_A_L002_AIMI-120;SPY182536_06;santamarta;teleo
P1_D7;190809_SND405_A_L002_AIMI-120;SPY182536_07;santamarta;teleo
P1_D8;190809_SND405_A_L002_AIMI-120;SPY182536_08;santamarta;teleo
P1_D9;190809_SND405_A_L002_AIMI-120;SPY182536_09;santamarta;teleo
P1_D10;190809_SND405_A_L002_AIMI-120;SPY182536_10;santamarta;teleo
P1_D11;190809_SND405_A_L002_AIMI-120;SPY182536_11;santamarta;teleo
P1_D12;190809_SND405_A_L002_AIMI-120;SPY182536_12;santamarta;teleo
P1_E1;190809_SND405_A_L002_AIMI-120;SPY182537_01;santamarta;teleo
P1_E2;190809_SND405_A_L002_AIMI-120;SPY182537_02;santamarta;teleo
P1_E3;190809_SND405_A_L002_AIMI-120;SPY182537_03;santamarta;teleo
P1_E4;190809_SND405_A_L002_AIMI-120;SPY182537_04;santamarta;teleo
P1_E5;190809_SND405_A_L002_AIMI-120;SPY182537_05;santamarta;teleo
P1_E6;190809_SND405_A_L002_AIMI-120;SPY182537_06;santamarta;teleo
P1_E7;190809_SND405_A_L002_AIMI-120;SPY182537_07;santamarta;teleo
P1_E8;190809_SND405_A_L002_AIMI-120;SPY182537_08;santamarta;teleo
P1_E9;190809_SND405_A_L002_AIMI-120;SPY182537_09;santamarta;teleo
P1_E10;190809_SND405_A_L002_AIMI-120;SPY182537_10;santamarta;teleo
P1_E11;190809_SND405_A_L002_AIMI-120;SPY182537_11;santamarta;teleo
P1_E12;190809_SND405_A_L002_AIMI-120;SPY182537_12;santamarta;teleo
P1_F1;190809_SND405_A_L002_AIMI-120;SPY182538_01;santamarta;teleo
P1_F2;190809_SND405_A_L002_AIMI-120;SPY182538_02;santamarta;teleo
P1_F3;190809_SND405_A_L002_AIMI-120;SPY182538_03;santamarta;teleo
P1_F4;190809_SND405_A_L002_AIMI-120;SPY182538_04;santamarta;teleo
P1_F5;190809_SND405_A_L002_AIMI-120;SPY182538_05;santamarta;teleo
P1_F6;190809_SND405_A_L002_AIMI-120;SPY182538_06;santamarta;teleo
P1_F7;190809_SND405_A_L002_AIMI-120;SPY182538_07;santamarta;teleo
P1_F8;190809_SND405_A_L002_AIMI-120;SPY182538_08;santamarta;teleo
P1_F9;190809_SND405_A_L002_AIMI-120;SPY182538_09;santamarta;teleo
P1_F10;190809_SND405_A_L002_AIMI-120;SPY182538_10;santamarta;teleo
P1_F11;190809_SND405_A_L002_AIMI-120;SPY182538_11;santamarta;teleo
P1_F12;190809_SND405_A_L002_AIMI-120;SPY182538_12;santamarta;teleo
P1_G1;190809_SND405_A_L002_AIMI-120;SPY182539_01;santamarta;teleo
P1_G2;190809_SND405_A_L002_AIMI-120;SPY182539_02;santamarta;teleo
P1_G3;190809_SND405_A_L002_AIMI-120;SPY182539_03;santamarta;teleo
P1_G4;190809_SND405_A_L002_AIMI-120;SPY182539_04;santamarta;teleo
P1_G5;190809_SND405_A_L002_AIMI-120;SPY182539_05;santamarta;teleo
P1_G6;190809_SND405_A_L002_AIMI-120;SPY182539_06;santamarta;teleo
P1_G7;190809_SND405_A_L002_AIMI-120;SPY182539_07;santamarta;teleo
P1_G8;190809_SND405_A_L002_AIMI-120;SPY182539_08;santamarta;teleo
P1_G9;190809_SND405_A_L002_AIMI-120;SPY182539_09;santamarta;teleo
P1_G10;190809_SND405_A_L002_AIMI-120;SPY182539_10;santamarta;teleo
P1_G11;190809_SND405_A_L002_AIMI-120;SPY182539_11;santamarta;teleo
P1_G12;190809_SND405_A_L002_AIMI-120;SPY182539_12;santamarta;teleo
P1_H1;190809_SND405_A_L002_AIMI-120;CNEG1_01;santamarta;teleo
P1_H2;190809_SND405_A_L002_AIMI-120;CNEG1_02;santamarta;teleo
P1_H3;190809_SND405_A_L002_AIMI-120;CNEG1_03;santamarta;teleo
P1_H4;190809_SND405_A_L002_AIMI-120;CNEG1_04;santamarta;teleo
P1_H5;190809_SND405_A_L002_AIMI-120;CNEG1_05;santamarta;teleo
P1_H6;190809_SND405_A_L002_AIMI-120;CNEG1_06;santamarta;teleo
P1_H7;190809_SND405_A_L002_AIMI-120;CNEG1_07;santamarta;teleo
P1_H8;190809_SND405_A_L002_AIMI-120;CNEG1_08;santamarta;teleo
P1_H9;190809_SND405_A_L002_AIMI-120;CNEG1_09;santamarta;teleo
P1_H10;190809_SND405_A_L002_AIMI-120;CNEG1_10;santamarta;teleo
P1_H11;190809_SND405_A_L002_AIMI-120;CNEG1_11;santamarta;teleo
P1_H12;190809_SND405_A_L002_AIMI-120;CNEG1_12;santamarta;teleo
P2_A1;190809_SND405_A_L002_AIMI-120;CNEG4_01;santamarta;teleo
P2_A2;190809_SND405_A_L002_AIMI-120;CNEG4_02;santamarta;teleo
P2_A3;190809_SND405_A_L002_AIMI-120;CNEG4_03;santamarta;teleo
P2_A4;190809_SND405_A_L002_AIMI-120;CNEG4_04;santamarta;teleo
P2_A5;190809_SND405_A_L002_AIMI-120;CNEG4_05;santamarta;teleo
P2_A6;190809_SND405_A_L002_AIMI-120;CNEG4_06;santamarta;teleo
P2_A7;190809_SND405_A_L002_AIMI-120;CNEG4_07;santamarta;teleo
P2_A8;190809_SND405_A_L002_AIMI-120;CNEG4_08;santamarta;teleo
P2_A9;190809_SND405_A_L002_AIMI-120;CNEG4_09;santamarta;teleo
P2_A10;190809_SND405_A_L002_AIMI-120;CNEG4_10;santamarta;teleo
P2_A11;190809_SND405_A_L002_AIMI-120;CNEG4_11;santamarta;teleo
P2_A12;190809_SND405_A_L002_AIMI-120;CNEG4_12;santamarta;teleo
P2_B1;190809_SND405_A_L002_AIMI-120;CNEG5_01;santamarta;teleo
P2_B2;190809_SND405_A_L002_AIMI-120;CNEG5_02;santamarta;teleo
P2_B3;190809_SND405_A_L002_AIMI-120;CNEG5_03;santamarta;teleo
P2_B4;190809_SND405_A_L002_AIMI-120;CNEG5_04;santamarta;teleo
P2_B5;190809_SND405_A_L002_AIMI-120;CNEG5_05;santamarta;teleo
P2_B6;190809_SND405_A_L002_AIMI-120;CNEG5_06;santamarta;teleo
P2_B7;190809_SND405_A_L002_AIMI-120;CNEG5_07;santamarta;teleo
P2_B8;190809_SND405_A_L002_AIMI-120;CNEG5_08;santamarta;teleo
P2_B9;190809_SND405_A_L002_AIMI-120;CNEG5_09;santamarta;teleo
P2_B10;190809_SND405_A_L002_AIMI-120;CNEG5_10;santamarta;teleo
P2_B11;190809_SND405_A_L002_AIMI-120;CNEG5_11;santamarta;teleo
P2_B12;190809_SND405_A_L002_AIMI-120;CNEG5_12;santamarta;teleo
P2_C1;190809_SND405_A_L002_AIMI-120;SPY180774_01;providencia;teleo
P2_C2;190809_SND405_A_L002_AIMI-120;SPY180774_02;providencia;teleo
P2_C3;190809_SND405_A_L002_AIMI-120;SPY180774_03;providencia;teleo
P2_C4;190809_SND405_A_L002_AIMI-120;SPY180774_04;providencia;teleo
P2_C5;190809_SND405_A_L002_AIMI-120;SPY180774_05;providencia;teleo
P2_C6;190809_SND405_A_L002_AIMI-120;SPY180774_06;providencia;teleo
P2_C7;190809_SND405_A_L002_AIMI-120;SPY180774_07;providencia;teleo
P2_C8;190809_SND405_A_L002_AIMI-120;SPY180774_08;providencia;teleo
P2_C9;190809_SND405_A_L002_AIMI-120;SPY180774_09;providencia;teleo
P2_C10;190809_SND405_A_L002_AIMI-120;SPY180774_10;providencia;teleo
P2_C11;190809_SND405_A_L002_AIMI-120;SPY180774_11;providencia;teleo
P2_C12;190809_SND405_A_L002_AIMI-120;SPY180774_12;providencia;teleo
P2_D1;190809_SND405_A_L002_AIMI-120;SPY181715_01;providencia;teleo
P2_D2;190809_SND405_A_L002_AIMI-120;SPY181715_02;providencia;teleo
P2_D3;190809_SND405_A_L002_AIMI-120;SPY181715_03;providencia;teleo
P2_D4;190809_SND405_A_L002_AIMI-120;SPY181715_04;providencia;teleo
P2_D5;190809_SND405_A_L002_AIMI-120;SPY181715_05;providencia;teleo
P2_D6;190809_SND405_A_L002_AIMI-120;SPY181715_06;providencia;teleo
P2_D7;190809_SND405_A_L002_AIMI-120;SPY181715_07;providencia;teleo
P2_D8;190809_SND405_A_L002_AIMI-120;SPY181715_08;providencia;teleo
P2_D9;190809_SND405_A_L002_AIMI-120;SPY181715_09;providencia;teleo
P2_D10;190809_SND405_A_L002_AIMI-120;SPY181715_10;providencia;teleo
P2_D11;190809_SND405_A_L002_AIMI-120;SPY181715_11;providencia;teleo
P2_D12;190809_SND405_A_L002_AIMI-120;SPY181715_12;providencia;teleo
P2_E1;190809_SND405_A_L002_AIMI-120;SPY181716_01;providencia;teleo
P2_E2;190809_SND405_A_L002_AIMI-120;SPY181716_02;providencia;teleo
P2_E3;190809_SND405_A_L002_AIMI-120;SPY181716_03;providencia;teleo
P2_E4;190809_SND405_A_L002_AIMI-120;SPY181716_04;providencia;teleo
P2_E5;190809_SND405_A_L002_AIMI-120;SPY181716_05;providencia;teleo
P2_E6;190809_SND405_A_L002_AIMI-120;SPY181716_06;providencia;teleo
P2_E7;190809_SND405_A_L002_AIMI-120;SPY181716_07;providencia;teleo
P2_E8;190809_SND405_A_L002_AIMI-120;SPY181716_08;providencia;teleo
P2_E9;190809_SND405_A_L002_AIMI-120;SPY181716_09;providencia;teleo
P2_E10;190809_SND405_A_L002_AIMI-120;SPY181716_10;providencia;teleo
P2_E11;190809_SND405_A_L002_AIMI-120;SPY181716_11;providencia;teleo
P2_E12;190809_SND405_A_L002_AIMI-120;SPY181716_12;providencia;teleo
P2_F1;190809_SND405_A_L002_AIMI-120;SPY181717_01;providencia;teleo
P2_F2;190809_SND405_A_L002_AIMI-120;SPY181717_02;providencia;teleo
P2_F3;190809_SND405_A_L002_AIMI-120;SPY181717_03;providencia;teleo
P2_F4;190809_SND405_A_L002_AIMI-120;SPY181717_04;providencia;teleo
P2_F5;190809_SND405_A_L002_AIMI-120;SPY181717_05;providencia;teleo
P2_F6;190809_SND405_A_L002_AIMI-120;SPY181717_06;providencia;teleo
P2_F7;190809_SND405_A_L002_AIMI-120;SPY181717_07;providencia;teleo
P2_F8;190809_SND405_A_L002_AIMI-120;SPY181717_08;providencia;teleo
P2_F9;190809_SND405_A_L002_AIMI-120;SPY181717_09;providencia;teleo
P2_F10;190809_SND405_A_L002_AIMI-120;SPY181717_10;providencia;teleo
P2_F11;190809_SND405_A_L002_AIMI-120;SPY181717_11;providencia;teleo
P2_F12;190809_SND405_A_L002_AIMI-120;SPY181717_12;providencia;teleo
P2_G1;190809_SND405_A_L002_AIMI-120;SPY181718_01;providencia;teleo
P2_G2;190809_SND405_A_L002_AIMI-120;SPY181718_02;providencia;teleo
P2_G3;190809_SND405_A_L002_AIMI-120;SPY181718_03;providencia;teleo
P2_G4;190809_SND405_A_L002_AIMI-120;SPY181718_04;providencia;teleo
P2_G5;190809_SND405_A_L002_AIMI-120;SPY181718_05;providencia;teleo
P2_G6;190809_SND405_A_L002_AIMI-120;SPY181718_06;providencia;teleo
P2_G7;190809_SND405_A_L002_AIMI-120;SPY181718_07;providencia;teleo
P2_G8;190809_SND405_A_L002_AIMI-120;SPY181718_08;providencia;teleo
P2_G9;190809_SND405_A_L002_AIMI-120;SPY181718_09;providencia;teleo
P2_G10;190809_SND405_A_L002_AIMI-120;SPY181718_10;providencia;teleo
P2_G11;190809_SND405_A_L002_AIMI-120;SPY181718_11;providencia;teleo
P2_G12;190809_SND405_A_L002_AIMI-120;SPY181718_12;providencia;teleo
P2_H1;190809_SND405_A_L002_AIMI-120;SPY181719_01;providencia;teleo
P2_H2;190809_SND405_A_L002_AIMI-120;SPY181719_02;providencia;teleo
P2_H3;190809_SND405_A_L002_AIMI-120;SPY181719_03;providencia;teleo
P2_H4;190809_SND405_A_L002_AIMI-120;SPY181719_04;providencia;teleo
P2_H5;190809_SND405_A_L002_AIMI-120;SPY181719_05;providencia;teleo
P2_H6;190809_SND405_A_L002_AIMI-120;SPY181719_06;providencia;teleo
P2_H7;190809_SND405_A_L002_AIMI-120;SPY181719_07;providencia;teleo
P2_H8;190809_SND405_A_L002_AIMI-120;SPY181719_08;providencia;teleo
P2_H9;190809_SND405_A_L002_AIMI-120;SPY181719_09;providencia;teleo
P2_H10;190809_SND405_A_L002_AIMI-120;SPY181719_10;providencia;teleo
P2_H11;190809_SND405_A_L002_AIMI-120;SPY181719_11;providencia;teleo
P2_H12;190809_SND405_A_L002_AIMI-120;SPY181719_12;providencia;teleo
P3_A1;190809_SND405_A_L002_AIMI-120;SPY181721_01;providencia;teleo
P3_A2;190809_SND405_A_L002_AIMI-120;SPY181721_02;providencia;teleo
P3_A3;190809_SND405_A_L002_AIMI-120;SPY181721_03;providencia;teleo
P3_A4;190809_SND405_A_L002_AIMI-120;SPY181721_04;providencia;teleo
P3_A5;190809_SND405_A_L002_AIMI-120;SPY181721_05;providencia;teleo
P3_A6;190809_SND405_A_L002_AIMI-120;SPY181721_06;providencia;teleo
P3_A7;190809_SND405_A_L002_AIMI-120;SPY181721_07;providencia;teleo
P3_A8;190809_SND405_A_L002_AIMI-120;SPY181721_08;providencia;teleo
P3_A9;190809_SND405_A_L002_AIMI-120;SPY181721_09;providencia;teleo
P3_A10;190809_SND405_A_L002_AIMI-120;SPY181721_10;providencia;teleo
P3_A11;190809_SND405_A_L002_AIMI-120;SPY181721_11;providencia;teleo
P3_A12;190809_SND405_A_L002_AIMI-120;SPY181721_12;providencia;teleo
P3_B1;190809_SND405_A_L002_AIMI-120;SPY181722_01;providencia;teleo
P3_B2;190809_SND405_A_L002_AIMI-120;SPY181722_02;providencia;teleo
P3_B3;190809_SND405_A_L002_AIMI-120;SPY181722_03;providencia;teleo
P3_B4;190809_SND405_A_L002_AIMI-120;SPY181722_04;providencia;teleo
P3_B5;190809_SND405_A_L002_AIMI-120;SPY181722_05;providencia;teleo
P3_B6;190809_SND405_A_L002_AIMI-120;SPY181722_06;providencia;teleo
P3_B7;190809_SND405_A_L002_AIMI-120;SPY181722_07;providencia;teleo
P3_B8;190809_SND405_A_L002_AIMI-120;SPY181722_08;providencia;teleo
P3_B9;190809_SND405_A_L002_AIMI-120;SPY181722_09;providencia;teleo
P3_B10;190809_SND405_A_L002_AIMI-120;SPY181722_10;providencia;teleo
P3_B11;190809_SND405_A_L002_AIMI-120;SPY181722_11;providencia;teleo
P3_B12;190809_SND405_A_L002_AIMI-120;SPY181722_12;providencia;teleo
P3_C1;190809_SND405_A_L002_AIMI-120;SPY181723_01;providencia;teleo
P3_C2;190809_SND405_A_L002_AIMI-120;SPY181723_02;providencia;teleo
P3_C3;190809_SND405_A_L002_AIMI-120;SPY181723_03;providencia;teleo
P3_C4;190809_SND405_A_L002_AIMI-120;SPY181723_04;providencia;teleo
P3_C5;190809_SND405_A_L002_AIMI-120;SPY181723_05;providencia;teleo
P3_C6;190809_SND405_A_L002_AIMI-120;SPY181723_06;providencia;teleo
P3_C7;190809_SND405_A_L002_AIMI-120;SPY181723_07;providencia;teleo
P3_C8;190809_SND405_A_L002_AIMI-120;SPY181723_08;providencia;teleo
P3_C9;190809_SND405_A_L002_AIMI-120;SPY181723_09;providencia;teleo
P3_C10;190809_SND405_A_L002_AIMI-120;SPY181723_10;providencia;teleo
P3_C11;190809_SND405_A_L002_AIMI-120;SPY181723_11;providencia;teleo
P3_C12;190809_SND405_A_L002_AIMI-120;SPY181723_12;providencia;teleo
P3_D1;190809_SND405_A_L002_AIMI-120;SPY181724_01;providencia;teleo
P3_D2;190809_SND405_A_L002_AIMI-120;SPY181724_02;providencia;teleo
P3_D3;190809_SND405_A_L002_AIMI-120;SPY181724_03;providencia;teleo
P3_D4;190809_SND405_A_L002_AIMI-120;SPY181724_04;providencia;teleo
P3_D5;190809_SND405_A_L002_AIMI-120;SPY181724_05;providencia;teleo
P3_D6;190809_SND405_A_L002_AIMI-120;SPY181724_06;providencia;teleo
P3_D7;190809_SND405_A_L002_AIMI-120;SPY181724_07;providencia;teleo
P3_D8;190809_SND405_A_L002_AIMI-120;SPY181724_08;providencia;teleo
P3_D9;190809_SND405_A_L002_AIMI-120;SPY181724_09;providencia;teleo
P3_D10;190809_SND405_A_L002_AIMI-120;SPY181724_10;providencia;teleo
P3_D11;190809_SND405_A_L002_AIMI-120;SPY181724_11;providencia;teleo
P3_D12;190809_SND405_A_L002_AIMI-120;SPY181724_12;providencia;teleo
P3_E1;190809_SND405_A_L002_AIMI-120;SPY181725_01;providencia;teleo
P3_E2;190809_SND405_A_L002_AIMI-120;SPY181725_02;providencia;teleo
P3_E3;190809_SND405_A_L002_AIMI-120;SPY181725_03;providencia;teleo
P3_E4;190809_SND405_A_L002_AIMI-120;SPY181725_04;providencia;teleo
P3_E5;190809_SND405_A_L002_AIMI-120;SPY181725_05;providencia;teleo
P3_E6;190809_SND405_A_L002_AIMI-120;SPY181725_06;providencia;teleo
P3_E7;190809_SND405_A_L002_AIMI-120;SPY181725_07;providencia;teleo
P3_E8;190809_SND405_A_L002_AIMI-120;SPY181725_08;providencia;teleo
P3_E9;190809_SND405_A_L002_AIMI-120;SPY181725_09;providencia;teleo
P3_E10;190809_SND405_A_L002_AIMI-120;SPY181725_10;providencia;teleo
P3_E11;190809_SND405_A_L002_AIMI-120;SPY181725_11;providencia;teleo
P3_E12;190809_SND405_A_L002_AIMI-120;SPY181725_12;providencia;teleo
P3_F1;190809_SND405_A_L002_AIMI-120;SPY181726_01;providencia;teleo
P3_F2;190809_SND405_A_L002_AIMI-120;SPY181726_02;providencia;teleo
P3_F3;190809_SND405_A_L002_AIMI-120;SPY181726_03;providencia;teleo
P3_F4;190809_SND405_A_L002_AIMI-120;SPY181726_04;providencia;teleo
P3_F5;190809_SND405_A_L002_AIMI-120;SPY181726_05;providencia;teleo
P3_F6;190809_SND405_A_L002_AIMI-120;SPY181726_06;providencia;teleo
P3_F7;190809_SND405_A_L002_AIMI-120;SPY181726_07;providencia;teleo
P3_F8;190809_SND405_A_L002_AIMI-120;SPY181726_08;providencia;teleo
P3_F9;190809_SND405_A_L002_AIMI-120;SPY181726_09;providencia;teleo
P3_F10;190809_SND405_A_L002_AIMI-120;SPY181726_10;providencia;teleo
P3_F11;190809_SND405_A_L002_AIMI-120;SPY181726_11;providencia;teleo
P3_F12;190809_SND405_A_L002_AIMI-120;SPY181726_12;providencia;teleo
P3_G1;190809_SND405_A_L002_AIMI-120;SPY181727_01;providencia;teleo
P3_G2;190809_SND405_A_L002_AIMI-120;SPY181727_02;providencia;teleo
P3_G3;190809_SND405_A_L002_AIMI-120;SPY181727_03;providencia;teleo
P3_G4;190809_SND405_A_L002_AIMI-120;SPY181727_04;providencia;teleo
P3_G5;190809_SND405_A_L002_AIMI-120;SPY181727_05;providencia;teleo
P3_G6;190809_SND405_A_L002_AIMI-120;SPY181727_06;providencia;teleo
P3_G7;190809_SND405_A_L002_AIMI-120;SPY181727_07;providencia;teleo
P3_G8;190809_SND405_A_L002_AIMI-120;SPY181727_08;providencia;teleo
P3_G9;190809_SND405_A_L002_AIMI-120;SPY181727_09;providencia;teleo
P3_G10;190809_SND405_A_L002_AIMI-120;SPY181727_10;providencia;teleo
P3_G11;190809_SND405_A_L002_AIMI-120;SPY181727_11;providencia;teleo
P3_G12;190809_SND405_A_L002_AIMI-120;SPY181727_12;providencia;teleo
P3_H1;190809_SND405_A_L002_AIMI-120;SPY181728_01;providencia;teleo
P3_H2;190809_SND405_A_L002_AIMI-120;SPY181728_02;providencia;teleo
P3_H3;190809_SND405_A_L002_AIMI-120;SPY181728_03;providencia;teleo
P3_H4;190809_SND405_A_L002_AIMI-120;SPY181728_04;providencia;teleo
P3_H5;190809_SND405_A_L002_AIMI-120;SPY181728_05;providencia;teleo
P3_H6;190809_SND405_A_L002_AIMI-120;SPY181728_06;providencia;teleo
P3_H7;190809_SND405_A_L002_AIMI-120;SPY181728_07;providencia;teleo
P3_H8;190809_SND405_A_L002_AIMI-120;SPY181728_08;providencia;teleo
P3_H9;190809_SND405_A_L002_AIMI-120;SPY181728_09;providencia;teleo
P3_H10;190809_SND405_A_L002_AIMI-120;SPY181728_10;providencia;teleo
P3_H11;190809_SND405_A_L002_AIMI-120;SPY181728_11;providencia;teleo
P3_H12;190809_SND405_A_L002_AIMI-120;SPY181728_12;providencia;teleo
P4_A1;190809_SND405_A_L002_AIMI-120;SPY181729_01;providencia;teleo
P4_A2;190809_SND405_A_L002_AIMI-120;SPY181729_02;providencia;teleo
P4_A3;190809_SND405_A_L002_AIMI-120;SPY181729_03;providencia;teleo
P4_A4;190809_SND405_A_L002_AIMI-120;SPY181729_04;providencia;teleo
P4_A5;190809_SND405_A_L002_AIMI-120;SPY181729_05;providencia;teleo
P4_A6;190809_SND405_A_L002_AIMI-120;SPY181729_06;providencia;teleo
P4_A7;190809_SND405_A_L002_AIMI-120;SPY181729_07;providencia;teleo
P4_A8;190809_SND405_A_L002_AIMI-120;SPY181729_08;providencia;teleo
P4_A9;190809_SND405_A_L002_AIMI-120;SPY181729_09;providencia;teleo
P4_A10;190809_SND405_A_L002_AIMI-120;SPY181729_10;providencia;teleo
P4_A11;190809_SND405_A_L002_AIMI-120;SPY181729_11;providencia;teleo
P4_A12;190809_SND405_A_L002_AIMI-120;SPY181729_12;providencia;teleo
P4_B1;190809_SND405_A_L002_AIMI-120;SPY181730_01;providencia;teleo
P4_B2;190809_SND405_A_L002_AIMI-120;SPY181730_02;providencia;teleo
P4_B3;190809_SND405_A_L002_AIMI-120;SPY181730_03;providencia;teleo
P4_B4;190809_SND405_A_L002_AIMI-120;SPY181730_04;providencia;teleo
P4_B5;190809_SND405_A_L002_AIMI-120;SPY181730_05;providencia;teleo
P4_B6;190809_SND405_A_L002_AIMI-120;SPY181730_06;providencia;teleo
P4_B7;190809_SND405_A_L002_AIMI-120;SPY181730_07;providencia;teleo
P4_B8;190809_SND405_A_L002_AIMI-120;SPY181730_08;providencia;teleo
P4_B9;190809_SND405_A_L002_AIMI-120;SPY181730_09;providencia;teleo
P4_B10;190809_SND405_A_L002_AIMI-120;SPY181730_10;providencia;teleo
P4_B11;190809_SND405_A_L002_AIMI-120;SPY181730_11;providencia;teleo
P4_B12;190809_SND405_A_L002_AIMI-120;SPY181730_12;providencia;teleo
P4_C1;190809_SND405_A_L002_AIMI-120;SPY181731_01;providencia;teleo
P4_C2;190809_SND405_A_L002_AIMI-120;SPY181731_02;providencia;teleo
P4_C3;190809_SND405_A_L002_AIMI-120;SPY181731_03;providencia;teleo
P4_C4;190809_SND405_A_L002_AIMI-120;SPY181731_04;providencia;teleo
P4_C5;190809_SND405_A_L002_AIMI-120;SPY181731_05;providencia;teleo
P4_C6;190809_SND405_A_L002_AIMI-120;SPY181731_06;providencia;teleo
P4_C7;190809_SND405_A_L002_AIMI-120;SPY181731_07;providencia;teleo
P4_C8;190809_SND405_A_L002_AIMI-120;SPY181731_08;providencia;teleo
P4_C9;190809_SND405_A_L002_AIMI-120;SPY181731_09;providencia;teleo
P4_C10;190809_SND405_A_L002_AIMI-120;SPY181731_10;providencia;teleo
P4_C11;190809_SND405_A_L002_AIMI-120;SPY181731_11;providencia;teleo
P4_C12;190809_SND405_A_L002_AIMI-120;SPY181731_12;providencia;teleo
P4_D1;190809_SND405_A_L002_AIMI-120;SPY181732_01;providencia;teleo
P4_D2;190809_SND405_A_L002_AIMI-120;SPY181732_02;providencia;teleo
P4_D3;190809_SND405_A_L002_AIMI-120;SPY181732_03;providencia;teleo
P4_D4;190809_SND405_A_L002_AIMI-120;SPY181732_04;providencia;teleo
P4_D5;190809_SND405_A_L002_AIMI-120;SPY181732_05;providencia;teleo
P4_D6;190809_SND405_A_L002_AIMI-120;SPY181732_06;providencia;teleo
P4_D7;190809_SND405_A_L002_AIMI-120;SPY181732_07;providencia;teleo
P4_D8;190809_SND405_A_L002_AIMI-120;SPY181732_08;providencia;teleo
P4_D9;190809_SND405_A_L002_AIMI-120;SPY181732_09;providencia;teleo
P4_D10;190809_SND405_A_L002_AIMI-120;SPY181732_10;providencia;teleo
P4_D11;190809_SND405_A_L002_AIMI-120;SPY181732_11;providencia;teleo
P4_D12;190809_SND405_A_L002_AIMI-120;SPY181732_12;providencia;teleo
P4_E1;190809_SND405_A_L002_AIMI-120;SPY181733_01;providencia;teleo
P4_E2;190809_SND405_A_L002_AIMI-120;SPY181733_02;providencia;teleo
P4_E3;190809_SND405_A_L002_AIMI-120;SPY181733_03;providencia;teleo
P4_E4;190809_SND405_A_L002_AIMI-120;SPY181733_04;providencia;teleo
P4_E5;190809_SND405_A_L002_AIMI-120;SPY181733_05;providencia;teleo
P4_E6;190809_SND405_A_L002_AIMI-120;SPY181733_06;providencia;teleo
P4_E7;190809_SND405_A_L002_AIMI-120;SPY181733_07;providencia;teleo
P4_E8;190809_SND405_A_L002_AIMI-120;SPY181733_08;providencia;teleo
P4_E9;190809_SND405_A_L002_AIMI-120;SPY181733_09;providencia;teleo
P4_E10;190809_SND405_A_L002_AIMI-120;SPY181733_10;providencia;teleo
P4_E11;190809_SND405_A_L002_AIMI-120;SPY181733_11;providencia;teleo
P4_E12;190809_SND405_A_L002_AIMI-120;SPY181733_12;providencia;teleo
P4_F1;190809_SND405_A_L002_AIMI-120;SPY181734_01;providencia;teleo
P4_F2;190809_SND405_A_L002_AIMI-120;SPY181734_02;providencia;teleo
P4_F3;190809_SND405_A_L002_AIMI-120;SPY181734_03;providencia;teleo
P4_F4;190809_SND405_A_L002_AIMI-120;SPY181734_04;providencia;teleo
P4_F5;190809_SND405_A_L002_AIMI-120;SPY181734_05;providencia;teleo
P4_F6;190809_SND405_A_L002_AIMI-120;SPY181734_06;providencia;teleo
P4_F7;190809_SND405_A_L002_AIMI-120;SPY181734_07;providencia;teleo
P4_F8;190809_SND405_A_L002_AIMI-120;SPY181734_08;providencia;teleo
P4_F9;190809_SND405_A_L002_AIMI-120;SPY181734_09;providencia;teleo
P4_F10;190809_SND405_A_L002_AIMI-120;SPY181734_10;providencia;teleo
P4_F11;190809_SND405_A_L002_AIMI-120;SPY181734_11;providencia;teleo
P4_F12;190809_SND405_A_L002_AIMI-120;SPY181734_12;providencia;teleo
P4_G1;190809_SND405_A_L002_AIMI-120;CNEG2_01;providencia;teleo
P4_G2;190809_SND405_A_L002_AIMI-120;CNEG2_02;providencia;teleo
P4_G3;190809_SND405_A_L002_AIMI-120;CNEG2_03;providencia;teleo
P4_G4;190809_SND405_A_L002_AIMI-120;CNEG2_04;providencia;teleo
P4_G5;190809_SND405_A_L002_AIMI-120;CNEG2_05;providencia;teleo
P4_G6;190809_SND405_A_L002_AIMI-120;CNEG2_06;providencia;teleo
P4_G7;190809_SND405_A_L002_AIMI-120;CNEG2_07;providencia;teleo
P4_G8;190809_SND405_A_L002_AIMI-120;CNEG2_08;providencia;teleo
P4_G9;190809_SND405_A_L002_AIMI-120;CNEG2_09;providencia;teleo
P4_G10;190809_SND405_A_L002_AIMI-120;CNEG2_10;providencia;teleo
P4_G11;190809_SND405_A_L002_AIMI-120;CNEG2_11;providencia;teleo
P4_G12;190809_SND405_A_L002_AIMI-120;CNEG2_12;providencia;teleo
P4_H1;190809_SND405_A_L002_AIMI-120;Blank4_01;Blank;teleo
P4_H2;190809_SND405_A_L002_AIMI-120;Blank4_02;Blank;teleo
P4_H3;190809_SND405_A_L002_AIMI-120;Blank4_03;Blank;teleo
P4_H4;190809_SND405_A_L002_AIMI-120;Blank4_04;Blank;teleo
P4_H5;190809_SND405_A_L002_AIMI-120;Blank4_05;Blank;teleo
P4_H6;190809_SND405_A_L002_AIMI-120;Blank4_06;Blank;teleo
P4_H7;190809_SND405_A_L002_AIMI-120;Blank4_07;Blank;teleo
P4_H8;190809_SND405_A_L002_AIMI-120;Blank4_08;Blank;teleo
P4_H9;190809_SND405_A_L002_AIMI-120;Blank4_09;Blank;teleo
P4_H10;190809_SND405_A_L002_AIMI-120;Blank4_10;Blank;teleo
P4_H11;190809_SND405_A_L002_AIMI-120;Blank4_11;Blank;teleo
P4_H12;190809_SND405_A_L002_AIMI-120;Blank4_12;Blank;teleo