"","family","n_motus","n_motus_total","prop","station","site"
"10","Lutjanidae",3,22,0.136363636363636,"petit_cul_de_sac_marin_Large","guadeloupe"
"4","Clupeidae",2,22,0.0909090909090909,"petit_cul_de_sac_marin_Large","guadeloupe"
"7","Gobiidae",2,22,0.0909090909090909,"petit_cul_de_sac_marin_Large","guadeloupe"
"8","Labridae",2,22,0.0909090909090909,"petit_cul_de_sac_marin_Large","guadeloupe"
"13","Poeciliidae",2,22,0.0909090909090909,"petit_cul_de_sac_marin_Large","guadeloupe"
"1","Balistidae",1,22,0.0454545454545455,"petit_cul_de_sac_marin_Large","guadeloupe"
"2","Carangidae",1,22,0.0454545454545455,"petit_cul_de_sac_marin_Large","guadeloupe"
"3","Centrarchidae",1,22,0.0454545454545455,"petit_cul_de_sac_marin_Large","guadeloupe"
"5","Coryphaenidae",1,22,0.0454545454545455,"petit_cul_de_sac_marin_Large","guadeloupe"
"6","Exocoetidae",1,22,0.0454545454545455,"petit_cul_de_sac_marin_Large","guadeloupe"
"9","Loricariidae",1,22,0.0454545454545455,"petit_cul_de_sac_marin_Large","guadeloupe"
"11","Myctophidae",1,22,0.0454545454545455,"petit_cul_de_sac_marin_Large","guadeloupe"
"12","Nomeidae",1,22,0.0454545454545455,"petit_cul_de_sac_marin_Large","guadeloupe"
"14","Pomacentridae",1,22,0.0454545454545455,"petit_cul_de_sac_marin_Large","guadeloupe"
"15","Serranidae",1,22,0.0454545454545455,"petit_cul_de_sac_marin_Large","guadeloupe"
"16","Sparidae",1,22,0.0454545454545455,"petit_cul_de_sac_marin_Large","guadeloupe"
"71","Labridae",5,26,0.192307692307692,"petit_cul_de_sac_marin_cote","guadeloupe"
"61","Engraulidae",4,26,0.153846153846154,"petit_cul_de_sac_marin_cote","guadeloupe"
"17","Acanthuridae",2,26,0.0769230769230769,"petit_cul_de_sac_marin_cote","guadeloupe"
"21","Carangidae",2,26,0.0769230769230769,"petit_cul_de_sac_marin_cote","guadeloupe"
"51","Clupeidae",2,26,0.0769230769230769,"petit_cul_de_sac_marin_cote","guadeloupe"
"81","Lutjanidae",2,26,0.0769230769230769,"petit_cul_de_sac_marin_cote","guadeloupe"
"31","Centrarchidae",1,26,0.0384615384615385,"petit_cul_de_sac_marin_cote","guadeloupe"
"41","Chaetodontidae",1,26,0.0384615384615385,"petit_cul_de_sac_marin_cote","guadeloupe"
"91","Mullidae",1,26,0.0384615384615385,"petit_cul_de_sac_marin_cote","guadeloupe"
"101","Myliobatidae",1,26,0.0384615384615385,"petit_cul_de_sac_marin_cote","guadeloupe"
"111","Pomacentridae",1,26,0.0384615384615385,"petit_cul_de_sac_marin_cote","guadeloupe"
"121","Scombridae",1,26,0.0384615384615385,"petit_cul_de_sac_marin_cote","guadeloupe"
"131","Scorpaenidae",1,26,0.0384615384615385,"petit_cul_de_sac_marin_cote","guadeloupe"
"141","Sparidae",1,26,0.0384615384615385,"petit_cul_de_sac_marin_cote","guadeloupe"
"151","Sphyraenidae",1,26,0.0384615384615385,"petit_cul_de_sac_marin_cote","guadeloupe"
"18","Apogonidae",1,3,0.333333333333333,"sec_nord","guadeloupe"
"22","Clupeidae",1,3,0.333333333333333,"sec_nord","guadeloupe"
"32","Exocoetidae",1,3,0.333333333333333,"sec_nord","guadeloupe"
"52","Myctophidae",8,19,0.421052631578947,"sec_sud_1","guadeloupe"
"23","Exocoetidae",4,19,0.210526315789474,"sec_sud_1","guadeloupe"
"72","Scombridae",3,19,0.157894736842105,"sec_sud_1","guadeloupe"
"19","Bramidae",1,19,0.0526315789473684,"sec_sud_1","guadeloupe"
"33","Holocentridae",1,19,0.0526315789473684,"sec_sud_1","guadeloupe"
"42","Labridae",1,19,0.0526315789473684,"sec_sud_1","guadeloupe"
"62","Nomeidae",1,19,0.0526315789473684,"sec_sud_1","guadeloupe"
"92","Labridae",7,28,0.25,"pointe_ferry","guadeloupe"
"63","Exocoetidae",2,28,0.0714285714285714,"pointe_ferry","guadeloupe"
"73","Gobiidae",2,28,0.0714285714285714,"pointe_ferry","guadeloupe"
"122","Myctophidae",2,28,0.0714285714285714,"pointe_ferry","guadeloupe"
"161","Pomacentridae",2,28,0.0714285714285714,"pointe_ferry","guadeloupe"
"110","Acanthuridae",1,28,0.0357142857142857,"pointe_ferry","guadeloupe"
"24","Atherinidae",1,28,0.0357142857142857,"pointe_ferry","guadeloupe"
"34","Carangidae",1,28,0.0357142857142857,"pointe_ferry","guadeloupe"
"43","Clupeidae",1,28,0.0357142857142857,"pointe_ferry","guadeloupe"
"53","Diodontidae",1,28,0.0357142857142857,"pointe_ferry","guadeloupe"
"82","Holocentridae",1,28,0.0357142857142857,"pointe_ferry","guadeloupe"
"102","Lutjanidae",1,28,0.0357142857142857,"pointe_ferry","guadeloupe"
"112","Muraenidae",1,28,0.0357142857142857,"pointe_ferry","guadeloupe"
"132","Nemichthyidae",1,28,0.0357142857142857,"pointe_ferry","guadeloupe"
"142","Nomeidae",1,28,0.0357142857142857,"pointe_ferry","guadeloupe"
"152","Pomacanthidae",1,28,0.0357142857142857,"pointe_ferry","guadeloupe"
"171","Priacanthidae",1,28,0.0357142857142857,"pointe_ferry","guadeloupe"
"181","Scorpaenidae",1,28,0.0357142857142857,"pointe_ferry","guadeloupe"
"83","Labridae",8,26,0.307692307692308,"anse_bertrand_cote","guadeloupe"
"113","Acanthuridae",2,26,0.0769230769230769,"anse_bertrand_cote","guadeloupe"
"35","Carangidae",2,26,0.0769230769230769,"anse_bertrand_cote","guadeloupe"
"133","Pomacentridae",2,26,0.0769230769230769,"anse_bertrand_cote","guadeloupe"
"25","Atherinidae",1,26,0.0384615384615385,"anse_bertrand_cote","guadeloupe"
"44","Clupeidae",1,26,0.0384615384615385,"anse_bertrand_cote","guadeloupe"
"54","Exocoetidae",1,26,0.0384615384615385,"anse_bertrand_cote","guadeloupe"
"64","Gobiidae",1,26,0.0384615384615385,"anse_bertrand_cote","guadeloupe"
"74","Holocentridae",1,26,0.0384615384615385,"anse_bertrand_cote","guadeloupe"
"93","Lutjanidae",1,26,0.0384615384615385,"anse_bertrand_cote","guadeloupe"
"103","Malacanthidae",1,26,0.0384615384615385,"anse_bertrand_cote","guadeloupe"
"114","Mullidae",1,26,0.0384615384615385,"anse_bertrand_cote","guadeloupe"
"123","Myctophidae",1,26,0.0384615384615385,"anse_bertrand_cote","guadeloupe"
"143","Scorpaenidae",1,26,0.0384615384615385,"anse_bertrand_cote","guadeloupe"
"153","Serranidae",1,26,0.0384615384615385,"anse_bertrand_cote","guadeloupe"
"162","Sparidae",1,26,0.0384615384615385,"anse_bertrand_cote","guadeloupe"
"115","Mullidae",1,2,0.5,"anse_bertrand_large","guadeloupe"
"26","Myctophidae",1,2,0.5,"anse_bertrand_large","guadeloupe"
"116","Acanthuridae",2,4,0.5,"anse_colas","guadeloupe"
"27","Clupeidae",1,4,0.25,"anse_colas","guadeloupe"
"36","Labridae",1,4,0.25,"anse_colas","guadeloupe"
"55","Myctophidae",7,18,0.388888888888889,"bouillante_large","guadeloupe"
"75","Scombridae",4,18,0.222222222222222,"bouillante_large","guadeloupe"
"37","Exocoetidae",3,18,0.166666666666667,"bouillante_large","guadeloupe"
"117","Albulidae",1,18,0.0555555555555556,"bouillante_large","guadeloupe"
"28","Bramidae",1,18,0.0555555555555556,"bouillante_large","guadeloupe"
"45","Gempylidae",1,18,0.0555555555555556,"bouillante_large","guadeloupe"
"65","Priacanthidae",1,18,0.0555555555555556,"bouillante_large","guadeloupe"
"118","Exocoetidae",2,2,1,"sec_sud_2","guadeloupe"
"104","Labridae",9,37,0.243243243243243,"jardin_eden","guadeloupe"
"154","Pomacentridae",5,37,0.135135135135135,"jardin_eden","guadeloupe"
"119","Lutjanidae",4,37,0.108108108108108,"jardin_eden","guadeloupe"
"120","Acanthuridae",2,37,0.0540540540540541,"jardin_eden","guadeloupe"
"66","Clupeidae",2,37,0.0540540540540541,"jardin_eden","guadeloupe"
"76","Diodontidae",2,37,0.0540540540540541,"jardin_eden","guadeloupe"
"124","Mullidae",2,37,0.0540540540540541,"jardin_eden","guadeloupe"
"172","Tetraodontidae",2,37,0.0540540540540541,"jardin_eden","guadeloupe"
"29","Albulidae",1,37,0.027027027027027,"jardin_eden","guadeloupe"
"38","Apogonidae",1,37,0.027027027027027,"jardin_eden","guadeloupe"
"46","Aulostomidae",1,37,0.027027027027027,"jardin_eden","guadeloupe"
"56","Belonidae",1,37,0.027027027027027,"jardin_eden","guadeloupe"
"84","Gobiidae",1,37,0.027027027027027,"jardin_eden","guadeloupe"
"94","Holocentridae",1,37,0.027027027027027,"jardin_eden","guadeloupe"
"134","Myliobatidae",1,37,0.027027027027027,"jardin_eden","guadeloupe"
"144","Nemichthyidae",1,37,0.027027027027027,"jardin_eden","guadeloupe"
"163","Serranidae",1,37,0.027027027027027,"jardin_eden","guadeloupe"
"155","Labridae",13,65,0.2,"fajou","guadeloupe"
"251","Pomacentridae",7,65,0.107692307692308,"fajou","guadeloupe"
"164","Lutjanidae",6,65,0.0923076923076923,"fajou","guadeloupe"
"57","Carangidae",4,65,0.0615384615384615,"fajou","guadeloupe"
"281","Serranidae",4,65,0.0615384615384615,"fajou","guadeloupe"
"20","Muraenidae",3,65,0.0461538461538462,"fajou","guadeloupe"
"125","Acanthuridae",2,65,0.0307692307692308,"fajou","guadeloupe"
"39","Balistidae",2,65,0.0307692307692308,"fajou","guadeloupe"
"126","Gobiidae",2,65,0.0307692307692308,"fajou","guadeloupe"
"191","Mullidae",2,65,0.0307692307692308,"fajou","guadeloupe"
"210","Aulostomidae",1,65,0.0153846153846154,"fajou","guadeloupe"
"47","Belonidae",1,65,0.0153846153846154,"fajou","guadeloupe"
"67","Chaetodontidae",1,65,0.0153846153846154,"fajou","guadeloupe"
"77","Clupeidae",1,65,0.0153846153846154,"fajou","guadeloupe"
"85","Engraulidae",1,65,0.0153846153846154,"fajou","guadeloupe"
"95","Exocoetidae",1,65,0.0153846153846154,"fajou","guadeloupe"
"105","Gempylidae",1,65,0.0153846153846154,"fajou","guadeloupe"
"1110","Ginglymostomatidae",1,65,0.0153846153846154,"fajou","guadeloupe"
"135","Holocentridae",1,65,0.0153846153846154,"fajou","guadeloupe"
"145","Kyphosidae",1,65,0.0153846153846154,"fajou","guadeloupe"
"173","Malacanthidae",1,65,0.0153846153846154,"fajou","guadeloupe"
"182","Monacanthidae",1,65,0.0153846153846154,"fajou","guadeloupe"
"211","Myliobatidae",1,65,0.0153846153846154,"fajou","guadeloupe"
"221","Nemichthyidae",1,65,0.0153846153846154,"fajou","guadeloupe"
"231","Nomeidae",1,65,0.0153846153846154,"fajou","guadeloupe"
"241","Pomacanthidae",1,65,0.0153846153846154,"fajou","guadeloupe"
"261","Priacanthidae",1,65,0.0153846153846154,"fajou","guadeloupe"
"271","Scorpaenidae",1,65,0.0153846153846154,"fajou","guadeloupe"
"291","Sphyraenidae",1,65,0.0153846153846154,"fajou","guadeloupe"
"30","Tetraodontidae",1,65,0.0153846153846154,"fajou","guadeloupe"
"96","Lutjanidae",5,18,0.277777777777778,"st_rose","guadeloupe"
"127","Acanthuridae",2,18,0.111111111111111,"st_rose","guadeloupe"
"48","Clupeidae",2,18,0.111111111111111,"st_rose","guadeloupe"
"86","Labridae",2,18,0.111111111111111,"st_rose","guadeloupe"
"212","Albulidae",1,18,0.0555555555555556,"st_rose","guadeloupe"
"310","Chaetodontidae",1,18,0.0555555555555556,"st_rose","guadeloupe"
"58","Engraulidae",1,18,0.0555555555555556,"st_rose","guadeloupe"
"68","Gobiidae",1,18,0.0555555555555556,"st_rose","guadeloupe"
"78","Holocentridae",1,18,0.0555555555555556,"st_rose","guadeloupe"
"106","Myliobatidae",1,18,0.0555555555555556,"st_rose","guadeloupe"
"1111","Serranidae",1,18,0.0555555555555556,"st_rose","guadeloupe"
"59","Labridae",8,19,0.421052631578947,"pointe_chateau","guadeloupe"
"87","Pomacentridae",3,19,0.157894736842105,"pointe_chateau","guadeloupe"
"128","Acanthuridae",2,19,0.105263157894737,"pointe_chateau","guadeloupe"
"213","Apogonidae",1,19,0.0526315789473684,"pointe_chateau","guadeloupe"
"311","Carangidae",1,19,0.0526315789473684,"pointe_chateau","guadeloupe"
"49","Clupeidae",1,19,0.0526315789473684,"pointe_chateau","guadeloupe"
"69","Mullidae",1,19,0.0526315789473684,"pointe_chateau","guadeloupe"
"79","Muraenidae",1,19,0.0526315789473684,"pointe_chateau","guadeloupe"
"97","Serranidae",1,19,0.0526315789473684,"pointe_chateau","guadeloupe"
"410","Labridae",2,8,0.25,"chateau_petite_terre","guadeloupe"
"510","Lutjanidae",2,8,0.25,"chateau_petite_terre","guadeloupe"
"129","Acanthuridae",1,8,0.125,"chateau_petite_terre","guadeloupe"
"214","Balistidae",1,8,0.125,"chateau_petite_terre","guadeloupe"
"312","Clupeidae",1,8,0.125,"chateau_petite_terre","guadeloupe"
"610","Myctophidae",1,8,0.125,"chateau_petite_terre","guadeloupe"
"98","Labridae",6,33,0.181818181818182,"petite_terre1","guadeloupe"
"313","Carangidae",3,33,0.0909090909090909,"petite_terre1","guadeloupe"
"88","Kyphosidae",3,33,0.0909090909090909,"petite_terre1","guadeloupe"
"107","Lutjanidae",3,33,0.0909090909090909,"petite_terre1","guadeloupe"
"146","Pomacentridae",3,33,0.0909090909090909,"petite_terre1","guadeloupe"
"130","Acanthuridae",2,33,0.0606060606060606,"petite_terre1","guadeloupe"
"215","Balistidae",2,33,0.0606060606060606,"petite_terre1","guadeloupe"
"411","Diodontidae",2,33,0.0606060606060606,"petite_terre1","guadeloupe"
"710","Holocentridae",2,33,0.0606060606060606,"petite_terre1","guadeloupe"
"511","Ginglymostomatidae",1,33,0.0303030303030303,"petite_terre1","guadeloupe"
"611","Gobiidae",1,33,0.0303030303030303,"petite_terre1","guadeloupe"
"1112","Monacanthidae",1,33,0.0303030303030303,"petite_terre1","guadeloupe"
"1210","Mullidae",1,33,0.0303030303030303,"petite_terre1","guadeloupe"
"136","Muraenidae",1,33,0.0303030303030303,"petite_terre1","guadeloupe"
"156","Scorpaenidae",1,33,0.0303030303030303,"petite_terre1","guadeloupe"
"165","Serranidae",1,33,0.0303030303030303,"petite_terre1","guadeloupe"
"1211","Labridae",9,41,0.219512195121951,"petite_terre2","guadeloupe"
"1113","Kyphosidae",4,41,0.0975609756097561,"petite_terre2","guadeloupe"
"412","Carangidae",3,41,0.0731707317073171,"petite_terre2","guadeloupe"
"137","Acanthuridae",2,41,0.0487804878048781,"petite_terre2","guadeloupe"
"711","Exocoetidae",2,41,0.0487804878048781,"petite_terre2","guadeloupe"
"108","Holocentridae",2,41,0.0487804878048781,"petite_terre2","guadeloupe"
"138","Lutjanidae",2,41,0.0487804878048781,"petite_terre2","guadeloupe"
"157","Monacanthidae",2,41,0.0487804878048781,"petite_terre2","guadeloupe"
"166","Mullidae",2,41,0.0487804878048781,"petite_terre2","guadeloupe"
"174","Muraenidae",2,41,0.0487804878048781,"petite_terre2","guadeloupe"
"192","Pomacentridae",2,41,0.0487804878048781,"petite_terre2","guadeloupe"
"216","Balistidae",1,41,0.024390243902439,"petite_terre2","guadeloupe"
"314","Belonidae",1,41,0.024390243902439,"petite_terre2","guadeloupe"
"512","Clupeidae",1,41,0.024390243902439,"petite_terre2","guadeloupe"
"612","Diodontidae",1,41,0.024390243902439,"petite_terre2","guadeloupe"
"89","Ginglymostomatidae",1,41,0.024390243902439,"petite_terre2","guadeloupe"
"99","Gobiidae",1,41,0.024390243902439,"petite_terre2","guadeloupe"
"147","Malacanthidae",1,41,0.024390243902439,"petite_terre2","guadeloupe"
"183","Myliobatidae",1,41,0.024390243902439,"petite_terre2","guadeloupe"
"201","Serranidae",1,41,0.024390243902439,"petite_terre2","guadeloupe"
"175","Labridae",12,77,0.155844155844156,"patch3","providencia"
"272","Pomacentridae",8,77,0.103896103896104,"patch3","providencia"
"184","Lutjanidae",6,77,0.0779220779220779,"patch3","providencia"
"222","Muraenidae",6,77,0.0779220779220779,"patch3","providencia"
"315","Balistidae",3,77,0.038961038961039,"patch3","providencia"
"148","Gobiidae",3,77,0.038961038961039,"patch3","providencia"
"232","Myctophidae",3,77,0.038961038961039,"patch3","providencia"
"139","Acanthuridae",2,77,0.025974025974026,"patch3","providencia"
"217","Apogonidae",2,77,0.025974025974026,"patch3","providencia"
"513","Carangidae",2,77,0.025974025974026,"patch3","providencia"
"613","Carcharhinidae",2,77,0.025974025974026,"patch3","providencia"
"109","Diodontidae",2,77,0.025974025974026,"patch3","providencia"
"1310","Gobiesocidae",2,77,0.025974025974026,"patch3","providencia"
"158","Holocentridae",2,77,0.025974025974026,"patch3","providencia"
"167","Kyphosidae",2,77,0.025974025974026,"patch3","providencia"
"218","Mullidae",2,77,0.025974025974026,"patch3","providencia"
"262","Pomacanthidae",2,77,0.025974025974026,"patch3","providencia"
"316","Tetraodontidae",2,77,0.025974025974026,"patch3","providencia"
"413","Belonidae",1,77,0.012987012987013,"patch3","providencia"
"712","Chaetodontidae",1,77,0.012987012987013,"patch3","providencia"
"810","Clupeidae",1,77,0.012987012987013,"patch3","providencia"
"910","Cyprinidae",1,77,0.012987012987013,"patch3","providencia"
"1114","Gempylidae",1,77,0.012987012987013,"patch3","providencia"
"1212","Ginglymostomatidae",1,77,0.012987012987013,"patch3","providencia"
"193","Megalopidae",1,77,0.012987012987013,"patch3","providencia"
"202","Moringuidae",1,77,0.012987012987013,"patch3","providencia"
"242","Myliobatidae",1,77,0.012987012987013,"patch3","providencia"
"252","Poeciliidae",1,77,0.012987012987013,"patch3","providencia"
"282","Scombridae",1,77,0.012987012987013,"patch3","providencia"
"292","Serranidae",1,77,0.012987012987013,"patch3","providencia"
"301","Sphyraenidae",1,77,0.012987012987013,"patch3","providencia"
"321","Urotrygonidae",1,77,0.012987012987013,"patch3","providencia"
"1213","Labridae",10,52,0.192307692307692,"patch1","providencia"
"911","Gobiidae",5,52,0.0961538461538462,"patch1","providencia"
"149","Lutjanidae",4,52,0.0769230769230769,"patch1","providencia"
"203","Pomacentridae",4,52,0.0769230769230769,"patch1","providencia"
"1115","Kyphosidae",3,52,0.0576923076923077,"patch1","providencia"
"140","Acanthuridae",2,52,0.0384615384615385,"patch1","providencia"
"219","Apogonidae",2,52,0.0384615384615385,"patch1","providencia"
"514","Clupeidae",2,52,0.0384615384615385,"patch1","providencia"
"614","Diodontidae",2,52,0.0384615384615385,"patch1","providencia"
"811","Ginglymostomatidae",2,52,0.0384615384615385,"patch1","providencia"
"233","Trichomycteridae",2,52,0.0384615384615385,"patch1","providencia"
"243","Urotrygonidae",2,52,0.0384615384615385,"patch1","providencia"
"317","Aulostomidae",1,52,0.0192307692307692,"patch1","providencia"
"414","Carangidae",1,52,0.0192307692307692,"patch1","providencia"
"713","Eleotridae",1,52,0.0192307692307692,"patch1","providencia"
"1010","Holocentridae",1,52,0.0192307692307692,"patch1","providencia"
"1311","Loricariidae",1,52,0.0192307692307692,"patch1","providencia"
"159","Mugilidae",1,52,0.0192307692307692,"patch1","providencia"
"168","Mullidae",1,52,0.0192307692307692,"patch1","providencia"
"176","Muraenidae",1,52,0.0192307692307692,"patch1","providencia"
"185","Myliobatidae",1,52,0.0192307692307692,"patch1","providencia"
"194","Pomacanthidae",1,52,0.0192307692307692,"patch1","providencia"
"2110","Rachycentridae",1,52,0.0192307692307692,"patch1","providencia"
"223","Tetraodontidae",1,52,0.0192307692307692,"patch1","providencia"
"204","Labridae",10,73,0.136986301369863,"providencia_east","providencia"
"2111","Lutjanidae",6,73,0.0821917808219178,"providencia_east","providencia"
"293","Pomacentridae",6,73,0.0821917808219178,"providencia_east","providencia"
"415","Balistidae",4,73,0.0547945205479452,"providencia_east","providencia"
"244","Muraenidae",4,73,0.0547945205479452,"providencia_east","providencia"
"318","Urotrygonidae",4,73,0.0547945205479452,"providencia_east","providencia"
"319","Apogonidae",3,73,0.0410958904109589,"providencia_east","providencia"
"615","Carangidae",3,73,0.0410958904109589,"providencia_east","providencia"
"150","Acanthuridae",2,73,0.0273972602739726,"providencia_east","providencia"
"1011","Clupeidae",2,73,0.0273972602739726,"providencia_east","providencia"
"1214","Diodontidae",2,73,0.0273972602739726,"providencia_east","providencia"
"177","Gobiidae",2,73,0.0273972602739726,"providencia_east","providencia"
"186","Holocentridae",2,73,0.0273972602739726,"providencia_east","providencia"
"195","Kyphosidae",2,73,0.0273972602739726,"providencia_east","providencia"
"234","Mullidae",2,73,0.0273972602739726,"providencia_east","providencia"
"253","Myctophidae",2,73,0.0273972602739726,"providencia_east","providencia"
"263","Myliobatidae",2,73,0.0273972602739726,"providencia_east","providencia"
"302","Tetraodontidae",2,73,0.0273972602739726,"providencia_east","providencia"
"220","Albulidae",1,73,0.0136986301369863,"providencia_east","providencia"
"515","Belonidae",1,73,0.0136986301369863,"providencia_east","providencia"
"714","Carcharhinidae",1,73,0.0136986301369863,"providencia_east","providencia"
"812","Chaetodontidae",1,73,0.0136986301369863,"providencia_east","providencia"
"912","Chlopsidae",1,73,0.0136986301369863,"providencia_east","providencia"
"1116","Congridae",1,73,0.0136986301369863,"providencia_east","providencia"
"1312","Engraulidae",1,73,0.0136986301369863,"providencia_east","providencia"
"1410","Exocoetidae",1,73,0.0136986301369863,"providencia_east","providencia"
"1510","Ginglymostomatidae",1,73,0.0136986301369863,"providencia_east","providencia"
"169","Gobiesocidae",1,73,0.0136986301369863,"providencia_east","providencia"
"224","Monacanthidae",1,73,0.0136986301369863,"providencia_east","providencia"
"273","Ophichthidae",1,73,0.0136986301369863,"providencia_east","providencia"
"283","Poeciliidae",1,73,0.0136986301369863,"providencia_east","providencia"
"187","Labridae",12,84,0.142857142857143,"margarita_south_west","providencia"
"205","Lutjanidae",7,84,0.0833333333333333,"margarita_south_west","providencia"
"1511","Gobiidae",6,84,0.0714285714285714,"margarita_south_west","providencia"
"274","Pomacentridae",6,84,0.0714285714285714,"margarita_south_west","providencia"
"235","Muraenidae",5,84,0.0595238095238095,"margarita_south_west","providencia"
"616","Carangidae",4,84,0.0476190476190476,"margarita_south_west","providencia"
"913","Clupeidae",4,84,0.0476190476190476,"margarita_south_west","providencia"
"416","Balistidae",3,84,0.0357142857142857,"margarita_south_west","providencia"
"1313","Ginglymostomatidae",3,84,0.0357142857142857,"margarita_south_west","providencia"
"178","Kyphosidae",3,84,0.0357142857142857,"margarita_south_west","providencia"
"160","Acanthuridae",2,84,0.0238095238095238,"margarita_south_west","providencia"
"715","Carcharhinidae",2,84,0.0238095238095238,"margarita_south_west","providencia"
"1012","Diodontidae",2,84,0.0238095238095238,"margarita_south_west","providencia"
"225","Mullidae",2,84,0.0238095238095238,"margarita_south_west","providencia"
"245","Myliobatidae",2,84,0.0238095238095238,"margarita_south_west","providencia"
"284","Scombridae",2,84,0.0238095238095238,"margarita_south_west","providencia"
"322","Tetraodontidae",2,84,0.0238095238095238,"margarita_south_west","providencia"
"331","Urotrygonidae",2,84,0.0238095238095238,"margarita_south_west","providencia"
"226","Albulidae",1,84,0.0119047619047619,"margarita_south_west","providencia"
"320","Apogonidae",1,84,0.0119047619047619,"margarita_south_west","providencia"
"516","Belonidae",1,84,0.0119047619047619,"margarita_south_west","providencia"
"813","Chlopsidae",1,84,0.0119047619047619,"margarita_south_west","providencia"
"1117","Engraulidae",1,84,0.0119047619047619,"margarita_south_west","providencia"
"1215","Exocoetidae",1,84,0.0119047619047619,"margarita_south_west","providencia"
"1411","Gobiesocidae",1,84,0.0119047619047619,"margarita_south_west","providencia"
"1610","Holocentridae",1,84,0.0119047619047619,"margarita_south_west","providencia"
"196","Loricariidae",1,84,0.0119047619047619,"margarita_south_west","providencia"
"2112","Mugilidae",1,84,0.0119047619047619,"margarita_south_west","providencia"
"254","Ophichthidae",1,84,0.0119047619047619,"margarita_south_west","providencia"
"264","Pomacanthidae",1,84,0.0119047619047619,"margarita_south_west","providencia"
"294","Serranidae",1,84,0.0119047619047619,"margarita_south_west","providencia"
"303","Sphyraenidae",1,84,0.0119047619047619,"margarita_south_west","providencia"
"3110","Syngnathidae",1,84,0.0119047619047619,"margarita_south_west","providencia"
"197","Labridae",11,81,0.135802469135802,"catalina_north","providencia"
"285","Pomacentridae",8,81,0.0987654320987654,"catalina_north","providencia"
"206","Lutjanidae",7,81,0.0864197530864197,"catalina_north","providencia"
"236","Muraenidae",5,81,0.0617283950617284,"catalina_north","providencia"
"716","Carangidae",4,81,0.0493827160493827,"catalina_north","providencia"
"1611","Gobiidae",4,81,0.0493827160493827,"catalina_north","providencia"
"517","Balistidae",3,81,0.037037037037037,"catalina_north","providencia"
"188","Kyphosidae",3,81,0.037037037037037,"catalina_north","providencia"
"2113","Monacanthidae",3,81,0.037037037037037,"catalina_north","providencia"
"332","Urotrygonidae",3,81,0.037037037037037,"catalina_north","providencia"
"170","Acanthuridae",2,81,0.0246913580246914,"catalina_north","providencia"
"323","Apogonidae",2,81,0.0246913580246914,"catalina_north","providencia"
"1118","Clupeidae",2,81,0.0246913580246914,"catalina_north","providencia"
"1216","Diodontidae",2,81,0.0246913580246914,"catalina_north","providencia"
"227","Mullidae",2,81,0.0246913580246914,"catalina_north","providencia"
"246","Myctophidae",2,81,0.0246913580246914,"catalina_north","providencia"
"324","Tetraodontidae",2,81,0.0246913580246914,"catalina_north","providencia"
"228","Albulidae",1,81,0.0123456790123457,"catalina_north","providencia"
"417","Aulostomidae",1,81,0.0123456790123457,"catalina_north","providencia"
"617","Belonidae",1,81,0.0123456790123457,"catalina_north","providencia"
"814","Carcharhinidae",1,81,0.0123456790123457,"catalina_north","providencia"
"914","Chaetodontidae",1,81,0.0123456790123457,"catalina_north","providencia"
"1013","Chlopsidae",1,81,0.0123456790123457,"catalina_north","providencia"
"1314","Elopidae",1,81,0.0123456790123457,"catalina_north","providencia"
"1412","Fistulariidae",1,81,0.0123456790123457,"catalina_north","providencia"
"1512","Ginglymostomatidae",1,81,0.0123456790123457,"catalina_north","providencia"
"179","Holocentridae",1,81,0.0123456790123457,"catalina_north","providencia"
"255","Myliobatidae",1,81,0.0123456790123457,"catalina_north","providencia"
"265","Poeciliidae",1,81,0.0123456790123457,"catalina_north","providencia"
"275","Pomacanthidae",1,81,0.0123456790123457,"catalina_north","providencia"
"295","Scombridae",1,81,0.0123456790123457,"catalina_north","providencia"
"304","Serranidae",1,81,0.0123456790123457,"catalina_north","providencia"
"3111","Sphyraenidae",1,81,0.0123456790123457,"catalina_north","providencia"
"1513","Labridae",10,62,0.161290322580645,"patch2","providencia"
"247","Pomacentridae",6,62,0.0967741935483871,"patch2","providencia"
"1612","Lutjanidae",5,62,0.0806451612903226,"patch2","providencia"
"325","Apogonidae",4,62,0.0645161290322581,"patch2","providencia"
"518","Carcharhinidae",3,62,0.0483870967741935,"patch2","providencia"
"815","Clupeidae",3,62,0.0483870967741935,"patch2","providencia"
"1217","Gobiidae",3,62,0.0483870967741935,"patch2","providencia"
"1413","Kyphosidae",3,62,0.0483870967741935,"patch2","providencia"
"180","Acanthuridae",2,62,0.032258064516129,"patch2","providencia"
"717","Chlopsidae",2,62,0.032258064516129,"patch2","providencia"
"915","Diodontidae",2,62,0.032258064516129,"patch2","providencia"
"1315","Holocentridae",2,62,0.032258064516129,"patch2","providencia"
"198","Mullidae",2,62,0.032258064516129,"patch2","providencia"
"229","Albulidae",1,62,0.0161290322580645,"patch2","providencia"
"418","Carangidae",1,62,0.0161290322580645,"patch2","providencia"
"618","Chaetodontidae",1,62,0.0161290322580645,"patch2","providencia"
"1014","Gempylidae",1,62,0.0161290322580645,"patch2","providencia"
"1119","Ginglymostomatidae",1,62,0.0161290322580645,"patch2","providencia"
"1710","Monacanthidae",1,62,0.0161290322580645,"patch2","providencia"
"189","Mugilidae",1,62,0.0161290322580645,"patch2","providencia"
"207","Muraenidae",1,62,0.0161290322580645,"patch2","providencia"
"2114","Myliobatidae",1,62,0.0161290322580645,"patch2","providencia"
"2210","Ophichthidae",1,62,0.0161290322580645,"patch2","providencia"
"237","Pomacanthidae",1,62,0.0161290322580645,"patch2","providencia"
"256","Sciaenidae",1,62,0.0161290322580645,"patch2","providencia"
"266","Sphyraenidae",1,62,0.0161290322580645,"patch2","providencia"
"276","Tetraodontidae",1,62,0.0161290322580645,"patch2","providencia"
"286","Urotrygonidae",1,62,0.0161290322580645,"patch2","providencia"
"208","Labridae",9,101,0.0891089108910891,"providencia_west","providencia"
"2211","Lutjanidae",7,101,0.0693069306930693,"providencia_west","providencia"
"341","Pomacentridae",6,101,0.0594059405940594,"providencia_west","providencia"
"326","Apogonidae",5,101,0.0495049504950495,"providencia_west","providencia"
"1711","Gobiidae",5,101,0.0495049504950495,"providencia_west","providencia"
"287","Muraenidae",5,101,0.0495049504950495,"providencia_west","providencia"
"718","Carangidae",4,101,0.0396039603960396,"providencia_west","providencia"
"816","Carcharhinidae",3,101,0.0297029702970297,"providencia_west","providencia"
"1120","Clupeidae",3,101,0.0297029702970297,"providencia_west","providencia"
"1316","Eleotridae",3,101,0.0297029702970297,"providencia_west","providencia"
"199","Kyphosidae",3,101,0.0297029702970297,"providencia_west","providencia"
"267","Mugilidae",3,101,0.0297029702970297,"providencia_west","providencia"
"381","Serranidae",3,101,0.0297029702970297,"providencia_west","providencia"
"190","Acanthuridae",2,101,0.0198019801980198,"providencia_west","providencia"
"519","Balistidae",2,101,0.0198019801980198,"providencia_west","providencia"
"1218","Diodontidae",2,101,0.0198019801980198,"providencia_west","providencia"
"1414","Engraulidae",2,101,0.0198019801980198,"providencia_west","providencia"
"1613","Ginglymostomatidae",2,101,0.0198019801980198,"providencia_west","providencia"
"248","Monacanthidae",2,101,0.0198019801980198,"providencia_west","providencia"
"277","Mullidae",2,101,0.0198019801980198,"providencia_west","providencia"
"296","Myliobatidae",2,101,0.0198019801980198,"providencia_west","providencia"
"327","Poeciliidae",2,101,0.0198019801980198,"providencia_west","providencia"
"419","Tetraodontidae",2,101,0.0198019801980198,"providencia_west","providencia"
"421","Trichomycteridae",2,101,0.0198019801980198,"providencia_west","providencia"
"431","Urotrygonidae",2,101,0.0198019801980198,"providencia_west","providencia"
"230","Albulidae",1,101,0.0099009900990099,"providencia_west","providencia"
"420","Aulostomidae",1,101,0.0099009900990099,"providencia_west","providencia"
"619","Belonidae",1,101,0.0099009900990099,"providencia_west","providencia"
"916","Chaetodontidae",1,101,0.0099009900990099,"providencia_west","providencia"
"1015","Chlopsidae",1,101,0.0099009900990099,"providencia_west","providencia"
"1514","Fistulariidae",1,101,0.0099009900990099,"providencia_west","providencia"
"1810","Holocentridae",1,101,0.0099009900990099,"providencia_west","providencia"
"2115","Loricariidae",1,101,0.0099009900990099,"providencia_west","providencia"
"238","Megalopidae",1,101,0.0099009900990099,"providencia_west","providencia"
"257","Moringuidae",1,101,0.0099009900990099,"providencia_west","providencia"
"305","Narcinidae",1,101,0.0099009900990099,"providencia_west","providencia"
"3112","Ophichthidae",1,101,0.0099009900990099,"providencia_west","providencia"
"333","Pomacanthidae",1,101,0.0099009900990099,"providencia_west","providencia"
"351","Rachycentridae",1,101,0.0099009900990099,"providencia_west","providencia"
"361","Sciaenidae",1,101,0.0099009900990099,"providencia_west","providencia"
"371","Scombridae",1,101,0.0099009900990099,"providencia_west","providencia"
"391","Sphyraenidae",1,101,0.0099009900990099,"providencia_west","providencia"
"40","Syngnathidae",1,101,0.0099009900990099,"providencia_west","providencia"
"1811","Labridae",11,70,0.157142857142857,"providencia_north_west","providencia"
"1910","Lutjanidae",7,70,0.1,"providencia_north_west","providencia"
"268","Pomacentridae",7,70,0.1,"providencia_north_west","providencia"
"328","Apogonidae",4,70,0.0571428571428571,"providencia_north_west","providencia"
"239","Muraenidae",4,70,0.0571428571428571,"providencia_north_west","providencia"
"1121","Clupeidae",3,70,0.0428571428571429,"providencia_north_west","providencia"
"1712","Kyphosidae",3,70,0.0428571428571429,"providencia_north_west","providencia"
"1100","Acanthuridae",2,70,0.0285714285714286,"providencia_north_west","providencia"
"719","Carangidae",2,70,0.0285714285714286,"providencia_north_west","providencia"
"817","Carcharhinidae",2,70,0.0285714285714286,"providencia_north_west","providencia"
"1219","Diodontidae",2,70,0.0285714285714286,"providencia_north_west","providencia"
"1614","Gobiidae",2,70,0.0285714285714286,"providencia_north_west","providencia"
"2212","Mullidae",2,70,0.0285714285714286,"providencia_north_west","providencia"
"306","Tetraodontidae",2,70,0.0285714285714286,"providencia_north_west","providencia"
"240","Albulidae",1,70,0.0142857142857143,"providencia_north_west","providencia"
"422","Aulostomidae",1,70,0.0142857142857143,"providencia_north_west","providencia"
"520","Balistidae",1,70,0.0142857142857143,"providencia_north_west","providencia"
"620","Belonidae",1,70,0.0142857142857143,"providencia_north_west","providencia"
"917","Chaetodontidae",1,70,0.0142857142857143,"providencia_north_west","providencia"
"1016","Chlopsidae",1,70,0.0142857142857143,"providencia_north_west","providencia"
"1317","Fistulariidae",1,70,0.0142857142857143,"providencia_north_west","providencia"
"1415","Ginglymostomatidae",1,70,0.0142857142857143,"providencia_north_west","providencia"
"1515","Gobiesocidae",1,70,0.0142857142857143,"providencia_north_west","providencia"
"209","Megalopidae",1,70,0.0142857142857143,"providencia_north_west","providencia"
"2116","Mugilidae",1,70,0.0142857142857143,"providencia_north_west","providencia"
"249","Myliobatidae",1,70,0.0142857142857143,"providencia_north_west","providencia"
"258","Poeciliidae",1,70,0.0142857142857143,"providencia_north_west","providencia"
"278","Serranidae",1,70,0.0142857142857143,"providencia_north_west","providencia"
"288","Sphyraenidae",1,70,0.0142857142857143,"providencia_north_west","providencia"
"297","Syngnathidae",1,70,0.0142857142857143,"providencia_north_west","providencia"
"3113","Urotrygonidae",1,70,0.0142857142857143,"providencia_north_west","providencia"
"1713","Labridae",11,70,0.157142857142857,"providencia_north","providencia"
"269","Pomacentridae",7,70,0.1,"providencia_north","providencia"
"1812","Lutjanidae",6,70,0.0857142857142857,"providencia_north","providencia"
"1416","Gobiidae",4,70,0.0571428571428571,"providencia_north","providencia"
"329","Apogonidae",3,70,0.0428571428571429,"providencia_north","providencia"
"720","Carangidae",3,70,0.0428571428571429,"providencia_north","providencia"
"1615","Kyphosidae",3,70,0.0428571428571429,"providencia_north","providencia"
"1101","Acanthuridae",2,70,0.0285714285714286,"providencia_north","providencia"
"521","Balistidae",2,70,0.0285714285714286,"providencia_north","providencia"
"818","Carcharhinidae",2,70,0.0285714285714286,"providencia_north","providencia"
"918","Clupeidae",2,70,0.0285714285714286,"providencia_north","providencia"
"1122","Diodontidae",2,70,0.0285714285714286,"providencia_north","providencia"
"1516","Holocentridae",2,70,0.0285714285714286,"providencia_north","providencia"
"2117","Muraenidae",2,70,0.0285714285714286,"providencia_north","providencia"
"2410","Poeciliidae",2,70,0.0285714285714286,"providencia_north","providencia"
"298","Tetraodontidae",2,70,0.0285714285714286,"providencia_north","providencia"
"307","Urotrygonidae",2,70,0.0285714285714286,"providencia_north","providencia"
"250","Albulidae",1,70,0.0142857142857143,"providencia_north","providencia"
"423","Aulostomidae",1,70,0.0142857142857143,"providencia_north","providencia"
"621","Belonidae",1,70,0.0142857142857143,"providencia_north","providencia"
"1017","Cyprinidae",1,70,0.0142857142857143,"providencia_north","providencia"
"1220","Ginglymostomatidae",1,70,0.0142857142857143,"providencia_north","providencia"
"1318","Gobiesocidae",1,70,0.0142857142857143,"providencia_north","providencia"
"1911","Moringuidae",1,70,0.0142857142857143,"providencia_north","providencia"
"2010","Mullidae",1,70,0.0142857142857143,"providencia_north","providencia"
"2213","Myctophidae",1,70,0.0142857142857143,"providencia_north","providencia"
"2310","Myliobatidae",1,70,0.0142857142857143,"providencia_north","providencia"
"259","Pomacanthidae",1,70,0.0142857142857143,"providencia_north","providencia"
"279","Scombridae",1,70,0.0142857142857143,"providencia_north","providencia"
"289","Sphyraenidae",1,70,0.0142857142857143,"providencia_north","providencia"
"2214","Labridae",11,90,0.122222222222222,"providencia_south_east","providencia"
"342","Pomacentridae",10,90,0.111111111111111,"providencia_south_east","providencia"
"2311","Lutjanidae",7,90,0.0777777777777778,"providencia_south_east","providencia"
"330","Apogonidae",4,90,0.0444444444444444,"providencia_south_east","providencia"
"1912","Gobiidae",4,90,0.0444444444444444,"providencia_south_east","providencia"
"2710","Muraenidae",4,90,0.0444444444444444,"providencia_south_east","providencia"
"721","Carangidae",3,90,0.0333333333333333,"providencia_south_east","providencia"
"2118","Kyphosidae",3,90,0.0333333333333333,"providencia_south_east","providencia"
"2810","Myctophidae",3,90,0.0333333333333333,"providencia_south_east","providencia"
"1102","Acanthuridae",2,90,0.0222222222222222,"providencia_south_east","providencia"
"522","Balistidae",2,90,0.0222222222222222,"providencia_south_east","providencia"
"1018","Chlopsidae",2,90,0.0222222222222222,"providencia_south_east","providencia"
"1123","Clupeidae",2,90,0.0222222222222222,"providencia_south_east","providencia"
"1319","Diodontidae",2,90,0.0222222222222222,"providencia_south_east","providencia"
"2610","Mullidae",2,90,0.0222222222222222,"providencia_south_east","providencia"
"3114","Ophichthidae",2,90,0.0222222222222222,"providencia_south_east","providencia"
"334","Pomacanthidae",2,90,0.0222222222222222,"providencia_south_east","providencia"
"392","Tetraodontidae",2,90,0.0222222222222222,"providencia_south_east","providencia"
"401","Urotrygonidae",2,90,0.0222222222222222,"providencia_south_east","providencia"
"260","Albulidae",1,90,0.0111111111111111,"providencia_south_east","providencia"
"424","Aulostomidae",1,90,0.0111111111111111,"providencia_south_east","providencia"
"622","Belonidae",1,90,0.0111111111111111,"providencia_south_east","providencia"
"819","Carcharhinidae",1,90,0.0111111111111111,"providencia_south_east","providencia"
"919","Chaetodontidae",1,90,0.0111111111111111,"providencia_south_east","providencia"
"1221","Congridae",1,90,0.0111111111111111,"providencia_south_east","providencia"
"1417","Elopidae",1,90,0.0111111111111111,"providencia_south_east","providencia"
"1517","Exocoetidae",1,90,0.0111111111111111,"providencia_south_east","providencia"
"1616","Fistulariidae",1,90,0.0111111111111111,"providencia_south_east","providencia"
"1714","Ginglymostomatidae",1,90,0.0111111111111111,"providencia_south_east","providencia"
"1813","Gobiesocidae",1,90,0.0111111111111111,"providencia_south_east","providencia"
"2011","Holocentridae",1,90,0.0111111111111111,"providencia_south_east","providencia"
"2411","Monacanthidae",1,90,0.0111111111111111,"providencia_south_east","providencia"
"2510","Moringuidae",1,90,0.0111111111111111,"providencia_south_east","providencia"
"299","Myliobatidae",1,90,0.0111111111111111,"providencia_south_east","providencia"
"308","Narcinidae",1,90,0.0111111111111111,"providencia_south_east","providencia"
"3210","Poeciliidae",1,90,0.0111111111111111,"providencia_south_east","providencia"
"352","Scombridae",1,90,0.0111111111111111,"providencia_south_east","providencia"
"362","Serranidae",1,90,0.0111111111111111,"providencia_south_east","providencia"
"372","Sphyraenidae",1,90,0.0111111111111111,"providencia_south_east","providencia"
"382","Syngnathidae",1,90,0.0111111111111111,"providencia_south_east","providencia"
"1418","Labridae",11,72,0.152777777777778,"tayrona_saturation_1","santa_marta"
"523","Carangidae",7,72,0.0972222222222222,"tayrona_saturation_1","santa_marta"
"1518","Lutjanidae",7,72,0.0972222222222222,"tayrona_saturation_1","santa_marta"
"722","Clupeidae",6,72,0.0833333333333333,"tayrona_saturation_1","santa_marta"
"1913","Muraenidae",5,72,0.0694444444444444,"tayrona_saturation_1","santa_marta"
"2215","Pomacentridae",5,72,0.0694444444444444,"tayrona_saturation_1","santa_marta"
"1124","Gobiidae",4,72,0.0555555555555556,"tayrona_saturation_1","santa_marta"
"1617","Monacanthidae",3,72,0.0416666666666667,"tayrona_saturation_1","santa_marta"
"1715","Mugilidae",3,72,0.0416666666666667,"tayrona_saturation_1","santa_marta"
"270","Apogonidae",2,72,0.0277777777777778,"tayrona_saturation_1","santa_marta"
"820","Diodontidae",2,72,0.0277777777777778,"tayrona_saturation_1","santa_marta"
"1320","Kyphosidae",2,72,0.0277777777777778,"tayrona_saturation_1","santa_marta"
"2511","Sparidae",2,72,0.0277777777777778,"tayrona_saturation_1","santa_marta"
"1103","Acanthuridae",1,72,0.0138888888888889,"tayrona_saturation_1","santa_marta"
"335","Aulostomidae",1,72,0.0138888888888889,"tayrona_saturation_1","santa_marta"
"425","Belonidae",1,72,0.0138888888888889,"tayrona_saturation_1","santa_marta"
"623","Chaetodontidae",1,72,0.0138888888888889,"tayrona_saturation_1","santa_marta"
"920","Elopidae",1,72,0.0138888888888889,"tayrona_saturation_1","santa_marta"
"1019","Fistulariidae",1,72,0.0138888888888889,"tayrona_saturation_1","santa_marta"
"1222","Holocentridae",1,72,0.0138888888888889,"tayrona_saturation_1","santa_marta"
"1814","Mullidae",1,72,0.0138888888888889,"tayrona_saturation_1","santa_marta"
"2012","Osphronemidae",1,72,0.0138888888888889,"tayrona_saturation_1","santa_marta"
"2119","Poeciliidae",1,72,0.0138888888888889,"tayrona_saturation_1","santa_marta"
"2312","Sciaenidae",1,72,0.0138888888888889,"tayrona_saturation_1","santa_marta"
"2412","Scombridae",1,72,0.0138888888888889,"tayrona_saturation_1","santa_marta"
"2611","Sphyraenidae",1,72,0.0138888888888889,"tayrona_saturation_1","santa_marta"
"1618","Labridae",12,69,0.173913043478261,"tayrona_camera_2","santa_marta"
"624","Clupeidae",6,69,0.0869565217391304,"tayrona_camera_2","santa_marta"
"2120","Muraenidae",5,69,0.072463768115942,"tayrona_camera_2","santa_marta"
"2612","Pomacentridae",5,69,0.072463768115942,"tayrona_camera_2","santa_marta"
"1321","Gobiidae",4,69,0.0579710144927536,"tayrona_camera_2","santa_marta"
"1716","Lutjanidae",4,69,0.0579710144927536,"tayrona_camera_2","santa_marta"
"1519","Kyphosidae",3,69,0.0434782608695652,"tayrona_camera_2","santa_marta"
"1104","Apogonidae",2,69,0.0289855072463768,"tayrona_camera_2","santa_marta"
"426","Carangidae",2,69,0.0289855072463768,"tayrona_camera_2","santa_marta"
"1419","Holocentridae",2,69,0.0289855072463768,"tayrona_camera_2","santa_marta"
"1815","Monacanthidae",2,69,0.0289855072463768,"tayrona_camera_2","santa_marta"
"1914","Mugilidae",2,69,0.0289855072463768,"tayrona_camera_2","santa_marta"
"2711","Sciaenidae",2,69,0.0289855072463768,"tayrona_camera_2","santa_marta"
"2811","Scombridae",2,69,0.0289855072463768,"tayrona_camera_2","santa_marta"
"280","Aulostomidae",1,69,0.0144927536231884,"tayrona_camera_2","santa_marta"
"336","Belonidae",1,69,0.0144927536231884,"tayrona_camera_2","santa_marta"
"524","Chaetodontidae",1,69,0.0144927536231884,"tayrona_camera_2","santa_marta"
"723","Diodontidae",1,69,0.0144927536231884,"tayrona_camera_2","santa_marta"
"821","Elopidae",1,69,0.0144927536231884,"tayrona_camera_2","santa_marta"
"921","Engraulidae",1,69,0.0144927536231884,"tayrona_camera_2","santa_marta"
"1020","Exocoetidae",1,69,0.0144927536231884,"tayrona_camera_2","santa_marta"
"1125","Fistulariidae",1,69,0.0144927536231884,"tayrona_camera_2","santa_marta"
"1223","Gobiesocidae",1,69,0.0144927536231884,"tayrona_camera_2","santa_marta"
"2013","Mullidae",1,69,0.0144927536231884,"tayrona_camera_2","santa_marta"
"2216","Myctophidae",1,69,0.0144927536231884,"tayrona_camera_2","santa_marta"
"2313","Narcinidae",1,69,0.0144927536231884,"tayrona_camera_2","santa_marta"
"2413","Osphronemidae",1,69,0.0144927536231884,"tayrona_camera_2","santa_marta"
"2512","Pomacanthidae",1,69,0.0144927536231884,"tayrona_camera_2","santa_marta"
"2910","Sparidae",1,69,0.0144927536231884,"tayrona_camera_2","santa_marta"
"309","Sphyraenidae",1,69,0.0144927536231884,"tayrona_camera_2","santa_marta"
"1717","Labridae",12,85,0.141176470588235,"tayrona_camera_1","santa_marta"
"2712","Pomacentridae",7,85,0.0823529411764706,"tayrona_camera_1","santa_marta"
"2217","Muraenidae",6,85,0.0705882352941176,"tayrona_camera_1","santa_marta"
"625","Carangidae",5,85,0.0588235294117647,"tayrona_camera_1","santa_marta"
"922","Clupeidae",5,85,0.0588235294117647,"tayrona_camera_1","santa_marta"
"1816","Lutjanidae",5,85,0.0588235294117647,"tayrona_camera_1","santa_marta"
"1420","Gobiidae",4,85,0.0470588235294118,"tayrona_camera_1","santa_marta"
"1224","Engraulidae",3,85,0.0352941176470588,"tayrona_camera_1","santa_marta"
"1619","Kyphosidae",3,85,0.0352941176470588,"tayrona_camera_1","santa_marta"
"1915","Monacanthidae",3,85,0.0352941176470588,"tayrona_camera_1","santa_marta"
"2812","Sciaenidae",3,85,0.0352941176470588,"tayrona_camera_1","santa_marta"
"2911","Scombridae",3,85,0.0352941176470588,"tayrona_camera_1","santa_marta"
"290","Apogonidae",2,85,0.0235294117647059,"tayrona_camera_1","santa_marta"
"1021","Diodontidae",2,85,0.0235294117647059,"tayrona_camera_1","santa_marta"
"1322","Exocoetidae",2,85,0.0235294117647059,"tayrona_camera_1","santa_marta"
"2014","Mugilidae",2,85,0.0235294117647059,"tayrona_camera_1","santa_marta"
"3211","Sparidae",2,85,0.0235294117647059,"tayrona_camera_1","santa_marta"
"1105","Acanthuridae",1,85,0.0117647058823529,"tayrona_camera_1","santa_marta"
"337","Aulostomidae",1,85,0.0117647058823529,"tayrona_camera_1","santa_marta"
"427","Belonidae",1,85,0.0117647058823529,"tayrona_camera_1","santa_marta"
"525","Blenniidae",1,85,0.0117647058823529,"tayrona_camera_1","santa_marta"
"724","Chaetodontidae",1,85,0.0117647058823529,"tayrona_camera_1","santa_marta"
"822","Cichlidae",1,85,0.0117647058823529,"tayrona_camera_1","santa_marta"
"1126","Elopidae",1,85,0.0117647058823529,"tayrona_camera_1","santa_marta"
"1520","Holocentridae",1,85,0.0117647058823529,"tayrona_camera_1","santa_marta"
"2121","Mullidae",1,85,0.0117647058823529,"tayrona_camera_1","santa_marta"
"2314","Myctophidae",1,85,0.0117647058823529,"tayrona_camera_1","santa_marta"
"2414","Osphronemidae",1,85,0.0117647058823529,"tayrona_camera_1","santa_marta"
"2513","Poeciliidae",1,85,0.0117647058823529,"tayrona_camera_1","santa_marta"
"2613","Pomacanthidae",1,85,0.0117647058823529,"tayrona_camera_1","santa_marta"
"3010","Scorpaenidae",1,85,0.0117647058823529,"tayrona_camera_1","santa_marta"
"3115","Serranidae",1,85,0.0117647058823529,"tayrona_camera_1","santa_marta"
"338","Sphyraenidae",1,85,0.0117647058823529,"tayrona_camera_1","santa_marta"
"1916","Labridae",12,74,0.162162162162162,"tayrona_saturation_2","santa_marta"
"1620","Gobiidae",7,74,0.0945945945945946,"tayrona_saturation_2","santa_marta"
"1127","Clupeidae",5,74,0.0675675675675676,"tayrona_saturation_2","santa_marta"
"2122","Lutjanidae",5,74,0.0675675675675676,"tayrona_saturation_2","santa_marta"
"2912","Pomacentridae",5,74,0.0675675675675676,"tayrona_saturation_2","santa_marta"
"725","Carangidae",4,74,0.0540540540540541,"tayrona_saturation_2","santa_marta"
"2514","Muraenidae",4,74,0.0540540540540541,"tayrona_saturation_2","santa_marta"
"2100","Apogonidae",2,74,0.027027027027027,"tayrona_saturation_2","santa_marta"
"1225","Diodontidae",2,74,0.027027027027027,"tayrona_saturation_2","santa_marta"
"1521","Exocoetidae",2,74,0.027027027027027,"tayrona_saturation_2","santa_marta"
"2218","Monacanthidae",2,74,0.027027027027027,"tayrona_saturation_2","santa_marta"
"1106","Acanthuridae",1,74,0.0135135135135135,"tayrona_saturation_2","santa_marta"
"339","Ariidae",1,74,0.0135135135135135,"tayrona_saturation_2","santa_marta"
"428","Aulostomidae",1,74,0.0135135135135135,"tayrona_saturation_2","santa_marta"
"526","Belonidae",1,74,0.0135135135135135,"tayrona_saturation_2","santa_marta"
"626","Blenniidae",1,74,0.0135135135135135,"tayrona_saturation_2","santa_marta"
"823","Centrarchidae",1,74,0.0135135135135135,"tayrona_saturation_2","santa_marta"
"923","Chaetodontidae",1,74,0.0135135135135135,"tayrona_saturation_2","santa_marta"
"1022","Characidae",1,74,0.0135135135135135,"tayrona_saturation_2","santa_marta"
"1323","Eleotridae",1,74,0.0135135135135135,"tayrona_saturation_2","santa_marta"
"1421","Engraulidae",1,74,0.0135135135135135,"tayrona_saturation_2","santa_marta"
"1718","Holocentridae",1,74,0.0135135135135135,"tayrona_saturation_2","santa_marta"
"1817","Kyphosidae",1,74,0.0135135135135135,"tayrona_saturation_2","santa_marta"
"2015","Loricariidae",1,74,0.0135135135135135,"tayrona_saturation_2","santa_marta"
"2315","Mugilidae",1,74,0.0135135135135135,"tayrona_saturation_2","santa_marta"
"2415","Mullidae",1,74,0.0135135135135135,"tayrona_saturation_2","santa_marta"
"2614","Narcinidae",1,74,0.0135135135135135,"tayrona_saturation_2","santa_marta"
"2713","Osphronemidae",1,74,0.0135135135135135,"tayrona_saturation_2","santa_marta"
"2813","Poeciliidae",1,74,0.0135135135135135,"tayrona_saturation_2","santa_marta"
"3011","Sciaenidae",1,74,0.0135135135135135,"tayrona_saturation_2","santa_marta"
"3116","Scombridae",1,74,0.0135135135135135,"tayrona_saturation_2","santa_marta"
"3212","Serranidae",1,74,0.0135135135135135,"tayrona_saturation_2","santa_marta"
"3310","Sparidae",1,74,0.0135135135135135,"tayrona_saturation_2","santa_marta"
"343","Sphyraenidae",1,74,0.0135135135135135,"tayrona_saturation_2","santa_marta"
"353","Trichomycteridae",1,74,0.0135135135135135,"tayrona_saturation_2","santa_marta"
