"","family","n_motus","n_motus_total","prop","station","site","region"
"20","Labridae",15,102,0.147058823529412,"europa_distance_50m","europa","West_Indian"
"29","Pomacentridae",14,102,0.137254901960784,"europa_distance_50m","europa","West_Indian"
"1","Acanthuridae",11,102,0.107843137254902,"europa_distance_50m","europa","West_Indian"
"21","Lutjanidae",6,102,0.0588235294117647,"europa_distance_50m","europa","West_Indian"
"18","Holocentridae",5,102,0.0490196078431373,"europa_distance_50m","europa","West_Indian"
"4","Balistidae",4,102,0.0392156862745098,"europa_distance_50m","europa","West_Indian"
"32","Serranidae",4,102,0.0392156862745098,"europa_distance_50m","europa","West_Indian"
"5","Belonidae",3,102,0.0294117647058824,"europa_distance_50m","europa","West_Indian"
"19","Kyphosidae",3,102,0.0294117647058824,"europa_distance_50m","europa","West_Indian"
"23","Mullidae",3,102,0.0294117647058824,"europa_distance_50m","europa","West_Indian"
"24","Muraenidae",3,102,0.0294117647058824,"europa_distance_50m","europa","West_Indian"
"25","Myctophidae",3,102,0.0294117647058824,"europa_distance_50m","europa","West_Indian"
"2","Apogonidae",2,102,0.0196078431372549,"europa_distance_50m","europa","West_Indian"
"8","Chaetodontidae",2,102,0.0196078431372549,"europa_distance_50m","europa","West_Indian"
"9","Cirrhitidae",2,102,0.0196078431372549,"europa_distance_50m","europa","West_Indian"
"17","Hemiramphidae",2,102,0.0196078431372549,"europa_distance_50m","europa","West_Indian"
"28","Pomacanthidae",2,102,0.0196078431372549,"europa_distance_50m","europa","West_Indian"
"34","Tetraodontidae",2,102,0.0196078431372549,"europa_distance_50m","europa","West_Indian"
"3","Atherinidae",1,102,0.00980392156862745,"europa_distance_50m","europa","West_Indian"
"6","Blenniidae",1,102,0.00980392156862745,"europa_distance_50m","europa","West_Indian"
"7","Carangidae",1,102,0.00980392156862745,"europa_distance_50m","europa","West_Indian"
"10","Dasyatidae",1,102,0.00980392156862745,"europa_distance_50m","europa","West_Indian"
"11","Diplophidae",1,102,0.00980392156862745,"europa_distance_50m","europa","West_Indian"
"12","Eleotridae",1,102,0.00980392156862745,"europa_distance_50m","europa","West_Indian"
"13","Engraulidae",1,102,0.00980392156862745,"europa_distance_50m","europa","West_Indian"
"14","Exocoetidae",1,102,0.00980392156862745,"europa_distance_50m","europa","West_Indian"
"15","Gobiidae",1,102,0.00980392156862745,"europa_distance_50m","europa","West_Indian"
"16","Haemulidae",1,102,0.00980392156862745,"europa_distance_50m","europa","West_Indian"
"22","Mugilidae",1,102,0.00980392156862745,"europa_distance_50m","europa","West_Indian"
"26","Percidae",1,102,0.00980392156862745,"europa_distance_50m","europa","West_Indian"
"27","Pinguipedidae",1,102,0.00980392156862745,"europa_distance_50m","europa","West_Indian"
"30","Scaridae",1,102,0.00980392156862745,"europa_distance_50m","europa","West_Indian"
"31","Scombridae",1,102,0.00980392156862745,"europa_distance_50m","europa","West_Indian"
"33","Siluridae",1,102,0.00980392156862745,"europa_distance_50m","europa","West_Indian"
"251","Labridae",19,133,0.142857142857143,"europa_distance_0m","europa","West_Indian"
"36","Pomacentridae",18,133,0.135338345864662,"europa_distance_0m","europa","West_Indian"
"110","Acanthuridae",11,133,0.0827067669172932,"europa_distance_0m","europa","West_Indian"
"271","Lutjanidae",9,133,0.0676691729323308,"europa_distance_0m","europa","West_Indian"
"39","Serranidae",8,133,0.0601503759398496,"europa_distance_0m","europa","West_Indian"
"231","Holocentridae",6,133,0.0451127819548872,"europa_distance_0m","europa","West_Indian"
"311","Myctophidae",5,133,0.037593984962406,"europa_distance_0m","europa","West_Indian"
"51","Balistidae",4,133,0.0300751879699248,"europa_distance_0m","europa","West_Indian"
"211","Gobiidae",4,133,0.0300751879699248,"europa_distance_0m","europa","West_Indian"
"291","Mullidae",4,133,0.0300751879699248,"europa_distance_0m","europa","West_Indian"
"301","Muraenidae",4,133,0.0300751879699248,"europa_distance_0m","europa","West_Indian"
"61","Belonidae",3,133,0.0225563909774436,"europa_distance_0m","europa","West_Indian"
"241","Kyphosidae",3,133,0.0225563909774436,"europa_distance_0m","europa","West_Indian"
"310","Apogonidae",2,133,0.0150375939849624,"europa_distance_0m","europa","West_Indian"
"101","Carcharhinidae",2,133,0.0150375939849624,"europa_distance_0m","europa","West_Indian"
"111","Chaetodontidae",2,133,0.0150375939849624,"europa_distance_0m","europa","West_Indian"
"37","Scaridae",2,133,0.0150375939849624,"europa_distance_0m","europa","West_Indian"
"210","Albulidae",1,133,0.0075187969924812,"europa_distance_0m","europa","West_Indian"
"45","Atherinidae",1,133,0.0075187969924812,"europa_distance_0m","europa","West_Indian"
"71","Blenniidae",1,133,0.0075187969924812,"europa_distance_0m","europa","West_Indian"
"81","Bothidae",1,133,0.0075187969924812,"europa_distance_0m","europa","West_Indian"
"91","Carangidae",1,133,0.0075187969924812,"europa_distance_0m","europa","West_Indian"
"121","Chanidae",1,133,0.0075187969924812,"europa_distance_0m","europa","West_Indian"
"131","Cirrhitidae",1,133,0.0075187969924812,"europa_distance_0m","europa","West_Indian"
"141","Congridae",1,133,0.0075187969924812,"europa_distance_0m","europa","West_Indian"
"151","Dasyatidae",1,133,0.0075187969924812,"europa_distance_0m","europa","West_Indian"
"161","Diodontidae",1,133,0.0075187969924812,"europa_distance_0m","europa","West_Indian"
"171","Eleotridae",1,133,0.0075187969924812,"europa_distance_0m","europa","West_Indian"
"181","Exocoetidae",1,133,0.0075187969924812,"europa_distance_0m","europa","West_Indian"
"191","Fistulariidae",1,133,0.0075187969924812,"europa_distance_0m","europa","West_Indian"
"201","Gempylidae",1,133,0.0075187969924812,"europa_distance_0m","europa","West_Indian"
"221","Haemulidae",1,133,0.0075187969924812,"europa_distance_0m","europa","West_Indian"
"261","Lethrinidae",1,133,0.0075187969924812,"europa_distance_0m","europa","West_Indian"
"281","Mugilidae",1,133,0.0075187969924812,"europa_distance_0m","europa","West_Indian"
"321","Nomeidae",1,133,0.0075187969924812,"europa_distance_0m","europa","West_Indian"
"331","Ostraciidae",1,133,0.0075187969924812,"europa_distance_0m","europa","West_Indian"
"341","Percidae",1,133,0.0075187969924812,"europa_distance_0m","europa","West_Indian"
"35","Pomacanthidae",1,133,0.0075187969924812,"europa_distance_0m","europa","West_Indian"
"38","Scombridae",1,133,0.0075187969924812,"europa_distance_0m","europa","West_Indian"
"40","Siluridae",1,133,0.0075187969924812,"europa_distance_0m","europa","West_Indian"
"41","Sphyraenidae",1,133,0.0075187969924812,"europa_distance_0m","europa","West_Indian"
"42","Synodontidae",1,133,0.0075187969924812,"europa_distance_0m","europa","West_Indian"
"43","Tetraodontidae",1,133,0.0075187969924812,"europa_distance_0m","europa","West_Indian"
"44","Zanclidae",1,133,0.0075187969924812,"europa_distance_0m","europa","West_Indian"
"172","Myctophidae",7,42,0.166666666666667,"juan_distance3","juan_de_nova","West_Indian"
"122","Holocentridae",4,42,0.0952380952380952,"juan_distance3","juan_de_nova","West_Indian"
"202","Scombridae",4,42,0.0952380952380952,"juan_distance3","juan_de_nova","West_Indian"
"212","Belonidae",3,42,0.0714285714285714,"juan_distance3","juan_de_nova","West_Indian"
"92","Exocoetidae",3,42,0.0714285714285714,"juan_distance3","juan_de_nova","West_Indian"
"112","Hemiramphidae",2,42,0.0476190476190476,"juan_distance3","juan_de_nova","West_Indian"
"142","Lutjanidae",2,42,0.0476190476190476,"juan_distance3","juan_de_nova","West_Indian"
"162","Mullidae",2,42,0.0476190476190476,"juan_distance3","juan_de_nova","West_Indian"
"113","Acanthuridae",1,42,0.0238095238095238,"juan_distance3","juan_de_nova","West_Indian"
"312","Carangidae",1,42,0.0238095238095238,"juan_distance3","juan_de_nova","West_Indian"
"46","Congridae",1,42,0.0238095238095238,"juan_distance3","juan_de_nova","West_Indian"
"52","Coryphaenidae",1,42,0.0238095238095238,"juan_distance3","juan_de_nova","West_Indian"
"62","Dactylopteridae",1,42,0.0238095238095238,"juan_distance3","juan_de_nova","West_Indian"
"72","Diodontidae",1,42,0.0238095238095238,"juan_distance3","juan_de_nova","West_Indian"
"82","Engraulidae",1,42,0.0238095238095238,"juan_distance3","juan_de_nova","West_Indian"
"102","Gempylidae",1,42,0.0238095238095238,"juan_distance3","juan_de_nova","West_Indian"
"132","Labridae",1,42,0.0238095238095238,"juan_distance3","juan_de_nova","West_Indian"
"152","Monacanthidae",1,42,0.0238095238095238,"juan_distance3","juan_de_nova","West_Indian"
"182","Nomeidae",1,42,0.0238095238095238,"juan_distance3","juan_de_nova","West_Indian"
"192","Pomacentridae",1,42,0.0238095238095238,"juan_distance3","juan_de_nova","West_Indian"
"213","Serranidae",1,42,0.0238095238095238,"juan_distance3","juan_de_nova","West_Indian"
"222","Uranoscopidae",1,42,0.0238095238095238,"juan_distance3","juan_de_nova","West_Indian"
"232","Zanclidae",1,42,0.0238095238095238,"juan_distance3","juan_de_nova","West_Indian"
"173","Pomacentridae",10,58,0.172413793103448,"taaf_station","europa","West_Indian"
"114","Acanthuridae",7,58,0.120689655172414,"taaf_station","europa","West_Indian"
"123","Labridae",7,58,0.120689655172414,"taaf_station","europa","West_Indian"
"133","Lutjanidae",5,58,0.0862068965517241,"taaf_station","europa","West_Indian"
"143","Myctophidae",5,58,0.0862068965517241,"taaf_station","europa","West_Indian"
"203","Serranidae",3,58,0.0517241379310345,"taaf_station","europa","West_Indian"
"214","Balistidae",2,58,0.0344827586206897,"taaf_station","europa","West_Indian"
"313","Belonidae",2,58,0.0344827586206897,"taaf_station","europa","West_Indian"
"47","Carangidae",2,58,0.0344827586206897,"taaf_station","europa","West_Indian"
"115","Kyphosidae",2,58,0.0344827586206897,"taaf_station","europa","West_Indian"
"193","Scombridae",2,58,0.0344827586206897,"taaf_station","europa","West_Indian"
"53","Cirrhitidae",1,58,0.0172413793103448,"taaf_station","europa","West_Indian"
"63","Diplophidae",1,58,0.0172413793103448,"taaf_station","europa","West_Indian"
"73","Engraulidae",1,58,0.0172413793103448,"taaf_station","europa","West_Indian"
"83","Exocoetidae",1,58,0.0172413793103448,"taaf_station","europa","West_Indian"
"93","Gobiidae",1,58,0.0172413793103448,"taaf_station","europa","West_Indian"
"103","Holocentridae",1,58,0.0172413793103448,"taaf_station","europa","West_Indian"
"153","Pempheridae",1,58,0.0172413793103448,"taaf_station","europa","West_Indian"
"163","Pomacanthidae",1,58,0.0172413793103448,"taaf_station","europa","West_Indian"
"183","Scaridae",1,58,0.0172413793103448,"taaf_station","europa","West_Indian"
"215","Synodontidae",1,58,0.0172413793103448,"taaf_station","europa","West_Indian"
"223","Tetraodontidae",1,58,0.0172413793103448,"taaf_station","europa","West_Indian"
"54","Labridae",13,38,0.342105263157895,"juan_2","juan_de_nova","West_Indian"
"116","Acanthuridae",6,38,0.157894736842105,"juan_2","juan_de_nova","West_Indian"
"94","Pomacentridae",4,38,0.105263157894737,"juan_2","juan_de_nova","West_Indian"
"64","Lutjanidae",3,38,0.0789473684210526,"juan_2","juan_de_nova","West_Indian"
"48","Holocentridae",2,38,0.0526315789473684,"juan_2","juan_de_nova","West_Indian"
"84","Myctophidae",2,38,0.0526315789473684,"juan_2","juan_de_nova","West_Indian"
"104","Scaridae",2,38,0.0526315789473684,"juan_2","juan_de_nova","West_Indian"
"216","Balistidae",1,38,0.0263157894736842,"juan_2","juan_de_nova","West_Indian"
"314","Gobiidae",1,38,0.0263157894736842,"juan_2","juan_de_nova","West_Indian"
"74","Mullidae",1,38,0.0263157894736842,"juan_2","juan_de_nova","West_Indian"
"117","Scombridae",1,38,0.0263157894736842,"juan_2","juan_de_nova","West_Indian"
"124","Serranidae",1,38,0.0263157894736842,"juan_2","juan_de_nova","West_Indian"
"134","Synodontidae",1,38,0.0263157894736842,"juan_2","juan_de_nova","West_Indian"
"204","Labridae",26,159,0.163522012578616,"glorieuse_distance_0m","glorieuse","West_Indian"
"302","Pomacentridae",15,159,0.0943396226415094,"glorieuse_distance_0m","glorieuse","West_Indian"
"118","Acanthuridae",13,159,0.0817610062893082,"glorieuse_distance_0m","glorieuse","West_Indian"
"315","Apogonidae",9,159,0.0566037735849057,"glorieuse_distance_0m","glorieuse","West_Indian"
"224","Lutjanidae",7,159,0.0440251572327044,"glorieuse_distance_0m","glorieuse","West_Indian"
"55","Balistidae",6,159,0.0377358490566038,"glorieuse_distance_0m","glorieuse","West_Indian"
"184","Holocentridae",6,159,0.0377358490566038,"glorieuse_distance_0m","glorieuse","West_Indian"
"262","Muraenidae",6,159,0.0377358490566038,"glorieuse_distance_0m","glorieuse","West_Indian"
"272","Myctophidae",6,159,0.0377358490566038,"glorieuse_distance_0m","glorieuse","West_Indian"
"342","Serranidae",6,159,0.0377358490566038,"glorieuse_distance_0m","glorieuse","West_Indian"
"135","Dasyatidae",5,159,0.0314465408805031,"glorieuse_distance_0m","glorieuse","West_Indian"
"164","Gobiidae",5,159,0.0314465408805031,"glorieuse_distance_0m","glorieuse","West_Indian"
"252","Mullidae",5,159,0.0314465408805031,"glorieuse_distance_0m","glorieuse","West_Indian"
"65","Belonidae",4,159,0.0251572327044025,"glorieuse_distance_0m","glorieuse","West_Indian"
"75","Carangidae",4,159,0.0251572327044025,"glorieuse_distance_0m","glorieuse","West_Indian"
"105","Cirrhitidae",3,159,0.0188679245283019,"glorieuse_distance_0m","glorieuse","West_Indian"
"144","Exocoetidae",3,159,0.0188679245283019,"glorieuse_distance_0m","glorieuse","West_Indian"
"381","Tetraodontidae",3,159,0.0188679245283019,"glorieuse_distance_0m","glorieuse","West_Indian"
"217","Albulidae",2,159,0.0125786163522013,"glorieuse_distance_0m","glorieuse","West_Indian"
"194","Kyphosidae",2,159,0.0125786163522013,"glorieuse_distance_0m","glorieuse","West_Indian"
"218","Lethrinidae",2,159,0.0125786163522013,"glorieuse_distance_0m","glorieuse","West_Indian"
"242","Mugilidae",2,159,0.0125786163522013,"glorieuse_distance_0m","glorieuse","West_Indian"
"332","Scombridae",2,159,0.0125786163522013,"glorieuse_distance_0m","glorieuse","West_Indian"
"371","Synodontidae",2,159,0.0125786163522013,"glorieuse_distance_0m","glorieuse","West_Indian"
"49","Atherinidae",1,159,0.00628930817610063,"glorieuse_distance_0m","glorieuse","West_Indian"
"85","Carcharhinidae",1,159,0.00628930817610063,"glorieuse_distance_0m","glorieuse","West_Indian"
"95","Chaetodontidae",1,159,0.00628930817610063,"glorieuse_distance_0m","glorieuse","West_Indian"
"119","Clupeidae",1,159,0.00628930817610063,"glorieuse_distance_0m","glorieuse","West_Indian"
"125","Congridae",1,159,0.00628930817610063,"glorieuse_distance_0m","glorieuse","West_Indian"
"154","Fistulariidae",1,159,0.00628930817610063,"glorieuse_distance_0m","glorieuse","West_Indian"
"174","Haemulidae",1,159,0.00628930817610063,"glorieuse_distance_0m","glorieuse","West_Indian"
"233","Moringuidae",1,159,0.00628930817610063,"glorieuse_distance_0m","glorieuse","West_Indian"
"282","Pempheridae",1,159,0.00628930817610063,"glorieuse_distance_0m","glorieuse","West_Indian"
"292","Pomacanthidae",1,159,0.00628930817610063,"glorieuse_distance_0m","glorieuse","West_Indian"
"316","Potamotrygonidae",1,159,0.00628930817610063,"glorieuse_distance_0m","glorieuse","West_Indian"
"322","Scaridae",1,159,0.00628930817610063,"glorieuse_distance_0m","glorieuse","West_Indian"
"351","Siganidae",1,159,0.00628930817610063,"glorieuse_distance_0m","glorieuse","West_Indian"
"361","Sphyraenidae",1,159,0.00628930817610063,"glorieuse_distance_0m","glorieuse","West_Indian"
"391","Zanclidae",1,159,0.00628930817610063,"glorieuse_distance_0m","glorieuse","West_Indian"
"96","Myctophidae",6,25,0.24,"tromelin_distance_100m","tromelin","West_Indian"
"76","Lutjanidae",3,25,0.12,"tromelin_distance_100m","tromelin","West_Indian"
"1110","Serranidae",3,25,0.12,"tromelin_distance_100m","tromelin","West_Indian"
"219","Carangidae",2,25,0.08,"tromelin_distance_100m","tromelin","West_Indian"
"317","Exocoetidae",2,25,0.08,"tromelin_distance_100m","tromelin","West_Indian"
"66","Labridae",2,25,0.08,"tromelin_distance_100m","tromelin","West_Indian"
"106","Scombridae",2,25,0.08,"tromelin_distance_100m","tromelin","West_Indian"
"120","Belonidae",1,25,0.04,"tromelin_distance_100m","tromelin","West_Indian"
"410","Gempylidae",1,25,0.04,"tromelin_distance_100m","tromelin","West_Indian"
"56","Hemiramphidae",1,25,0.04,"tromelin_distance_100m","tromelin","West_Indian"
"86","Mullidae",1,25,0.04,"tromelin_distance_100m","tromelin","West_Indian"
"126","Stomiidae",1,25,0.04,"tromelin_distance_100m","tromelin","West_Indian"
"2110","Labridae",24,131,0.183206106870229,"glorieuse_distance_50m","glorieuse","West_Indian"
"303","Pomacentridae",14,131,0.106870229007634,"glorieuse_distance_50m","glorieuse","West_Indian"
"127","Acanthuridae",11,131,0.083969465648855,"glorieuse_distance_50m","glorieuse","West_Indian"
"57","Balistidae",8,131,0.0610687022900763,"glorieuse_distance_50m","glorieuse","West_Indian"
"234","Lutjanidae",8,131,0.0610687022900763,"glorieuse_distance_50m","glorieuse","West_Indian"
"318","Apogonidae",6,131,0.0458015267175573,"glorieuse_distance_50m","glorieuse","West_Indian"
"343","Serranidae",6,131,0.0458015267175573,"glorieuse_distance_50m","glorieuse","West_Indian"
"195","Holocentridae",4,131,0.0305343511450382,"glorieuse_distance_50m","glorieuse","West_Indian"
"273","Myctophidae",4,131,0.0305343511450382,"glorieuse_distance_50m","glorieuse","West_Indian"
"372","Tetraodontidae",4,131,0.0305343511450382,"glorieuse_distance_50m","glorieuse","West_Indian"
"136","Dasyatidae",3,131,0.0229007633587786,"glorieuse_distance_50m","glorieuse","West_Indian"
"165","Gobiidae",3,131,0.0229007633587786,"glorieuse_distance_50m","glorieuse","West_Indian"
"225","Lethrinidae",3,131,0.0229007633587786,"glorieuse_distance_50m","glorieuse","West_Indian"
"253","Mullidae",3,131,0.0229007633587786,"glorieuse_distance_50m","glorieuse","West_Indian"
"263","Muraenidae",3,131,0.0229007633587786,"glorieuse_distance_50m","glorieuse","West_Indian"
"67","Belonidae",2,131,0.0152671755725191,"glorieuse_distance_50m","glorieuse","West_Indian"
"77","Carangidae",2,131,0.0152671755725191,"glorieuse_distance_50m","glorieuse","West_Indian"
"1111","Cirrhitidae",2,131,0.0152671755725191,"glorieuse_distance_50m","glorieuse","West_Indian"
"362","Synodontidae",2,131,0.0152671755725191,"glorieuse_distance_50m","glorieuse","West_Indian"
"220","Albulidae",1,131,0.00763358778625954,"glorieuse_distance_50m","glorieuse","West_Indian"
"411","Atherinidae",1,131,0.00763358778625954,"glorieuse_distance_50m","glorieuse","West_Indian"
"87","Carcharhinidae",1,131,0.00763358778625954,"glorieuse_distance_50m","glorieuse","West_Indian"
"97","Chaetodontidae",1,131,0.00763358778625954,"glorieuse_distance_50m","glorieuse","West_Indian"
"107","Chanidae",1,131,0.00763358778625954,"glorieuse_distance_50m","glorieuse","West_Indian"
"128","Clupeidae",1,131,0.00763358778625954,"glorieuse_distance_50m","glorieuse","West_Indian"
"145","Diodontidae",1,131,0.00763358778625954,"glorieuse_distance_50m","glorieuse","West_Indian"
"155","Exocoetidae",1,131,0.00763358778625954,"glorieuse_distance_50m","glorieuse","West_Indian"
"175","Haemulidae",1,131,0.00763358778625954,"glorieuse_distance_50m","glorieuse","West_Indian"
"185","Hemiramphidae",1,131,0.00763358778625954,"glorieuse_distance_50m","glorieuse","West_Indian"
"205","Kyphosidae",1,131,0.00763358778625954,"glorieuse_distance_50m","glorieuse","West_Indian"
"243","Monacanthidae",1,131,0.00763358778625954,"glorieuse_distance_50m","glorieuse","West_Indian"
"283","Pempheridae",1,131,0.00763358778625954,"glorieuse_distance_50m","glorieuse","West_Indian"
"293","Pomacanthidae",1,131,0.00763358778625954,"glorieuse_distance_50m","glorieuse","West_Indian"
"319","Potamotrygonidae",1,131,0.00763358778625954,"glorieuse_distance_50m","glorieuse","West_Indian"
"323","Scaridae",1,131,0.00763358778625954,"glorieuse_distance_50m","glorieuse","West_Indian"
"333","Scombridae",1,131,0.00763358778625954,"glorieuse_distance_50m","glorieuse","West_Indian"
"352","Sphyraenidae",1,131,0.00763358778625954,"glorieuse_distance_50m","glorieuse","West_Indian"
"382","Zanclidae",1,131,0.00763358778625954,"glorieuse_distance_50m","glorieuse","West_Indian"
"226","Labridae",26,140,0.185714285714286,"glorieuse","glorieuse","West_Indian"
"129","Acanthuridae",14,140,0.1,"glorieuse","glorieuse","West_Indian"
"304","Pomacentridae",14,140,0.1,"glorieuse","glorieuse","West_Indian"
"244","Lutjanidae",11,140,0.0785714285714286,"glorieuse","glorieuse","West_Indian"
"274","Myctophidae",6,140,0.0428571428571429,"glorieuse","glorieuse","West_Indian"
"227","Apogonidae",5,140,0.0357142857142857,"glorieuse","glorieuse","West_Indian"
"412","Balistidae",5,140,0.0357142857142857,"glorieuse","glorieuse","West_Indian"
"58","Belonidae",5,140,0.0357142857142857,"glorieuse","glorieuse","West_Indian"
"186","Gobiidae",5,140,0.0357142857142857,"glorieuse","glorieuse","West_Indian"
"206","Holocentridae",5,140,0.0357142857142857,"glorieuse","glorieuse","West_Indian"
"334","Serranidae",5,140,0.0357142857142857,"glorieuse","glorieuse","West_Indian"
"254","Mullidae",4,140,0.0285714285714286,"glorieuse","glorieuse","West_Indian"
"146","Dasyatidae",3,140,0.0214285714285714,"glorieuse","glorieuse","West_Indian"
"363","Tetraodontidae",3,140,0.0214285714285714,"glorieuse","glorieuse","West_Indian"
"68","Carangidae",2,140,0.0142857142857143,"glorieuse","glorieuse","West_Indian"
"166","Exocoetidae",2,140,0.0142857142857143,"glorieuse","glorieuse","West_Indian"
"2111","Kyphosidae",2,140,0.0142857142857143,"glorieuse","glorieuse","West_Indian"
"264","Muraenidae",2,140,0.0142857142857143,"glorieuse","glorieuse","West_Indian"
"294","Pomacanthidae",2,140,0.0142857142857143,"glorieuse","glorieuse","West_Indian"
"353","Synodontidae",2,140,0.0142857142857143,"glorieuse","glorieuse","West_Indian"
"320","Atherinidae",1,140,0.00714285714285714,"glorieuse","glorieuse","West_Indian"
"78","Carcharhinidae",1,140,0.00714285714285714,"glorieuse","glorieuse","West_Indian"
"88","Chaetodontidae",1,140,0.00714285714285714,"glorieuse","glorieuse","West_Indian"
"98","Chanidae",1,140,0.00714285714285714,"glorieuse","glorieuse","West_Indian"
"108","Channidae",1,140,0.00714285714285714,"glorieuse","glorieuse","West_Indian"
"1112","Cirrhitidae",1,140,0.00714285714285714,"glorieuse","glorieuse","West_Indian"
"1210","Clupeidae",1,140,0.00714285714285714,"glorieuse","glorieuse","West_Indian"
"137","Congridae",1,140,0.00714285714285714,"glorieuse","glorieuse","West_Indian"
"156","Engraulidae",1,140,0.00714285714285714,"glorieuse","glorieuse","West_Indian"
"176","Fistulariidae",1,140,0.00714285714285714,"glorieuse","glorieuse","West_Indian"
"196","Haemulidae",1,140,0.00714285714285714,"glorieuse","glorieuse","West_Indian"
"235","Lethrinidae",1,140,0.00714285714285714,"glorieuse","glorieuse","West_Indian"
"284","Myliobatidae",1,140,0.00714285714285714,"glorieuse","glorieuse","West_Indian"
"3110","Potamotrygonidae",1,140,0.00714285714285714,"glorieuse","glorieuse","West_Indian"
"324","Scaridae",1,140,0.00714285714285714,"glorieuse","glorieuse","West_Indian"
"344","Sphyraenidae",1,140,0.00714285714285714,"glorieuse","glorieuse","West_Indian"
"373","Zanclidae",1,140,0.00714285714285714,"glorieuse","glorieuse","West_Indian"
"187","Labridae",18,93,0.193548387096774,"glorieuse_distance_100m","glorieuse","West_Indian"
"255","Pomacentridae",12,93,0.129032258064516,"glorieuse_distance_100m","glorieuse","West_Indian"
"130","Acanthuridae",10,93,0.10752688172043,"glorieuse_distance_100m","glorieuse","West_Indian"
"197","Lutjanidae",8,93,0.0860215053763441,"glorieuse_distance_100m","glorieuse","West_Indian"
"59","Balistidae",6,93,0.0645161290322581,"glorieuse_distance_100m","glorieuse","West_Indian"
"285","Serranidae",5,93,0.0537634408602151,"glorieuse_distance_100m","glorieuse","West_Indian"
"147","Gobiidae",4,93,0.043010752688172,"glorieuse_distance_100m","glorieuse","West_Indian"
"69","Belonidae",2,93,0.021505376344086,"glorieuse_distance_100m","glorieuse","West_Indian"
"1113","Dasyatidae",2,93,0.021505376344086,"glorieuse_distance_100m","glorieuse","West_Indian"
"2112","Muraenidae",2,93,0.021505376344086,"glorieuse_distance_100m","glorieuse","West_Indian"
"228","Myctophidae",2,93,0.021505376344086,"glorieuse_distance_100m","glorieuse","West_Indian"
"245","Pomacanthidae",2,93,0.021505376344086,"glorieuse_distance_100m","glorieuse","West_Indian"
"305","Tetraodontidae",2,93,0.021505376344086,"glorieuse_distance_100m","glorieuse","West_Indian"
"229","Albulidae",1,93,0.010752688172043,"glorieuse_distance_100m","glorieuse","West_Indian"
"325","Apogonidae",1,93,0.010752688172043,"glorieuse_distance_100m","glorieuse","West_Indian"
"413","Atherinidae",1,93,0.010752688172043,"glorieuse_distance_100m","glorieuse","West_Indian"
"79","Carangidae",1,93,0.010752688172043,"glorieuse_distance_100m","glorieuse","West_Indian"
"89","Chanidae",1,93,0.010752688172043,"glorieuse_distance_100m","glorieuse","West_Indian"
"99","Channidae",1,93,0.010752688172043,"glorieuse_distance_100m","glorieuse","West_Indian"
"109","Clupeidae",1,93,0.010752688172043,"glorieuse_distance_100m","glorieuse","West_Indian"
"1211","Engraulidae",1,93,0.010752688172043,"glorieuse_distance_100m","glorieuse","West_Indian"
"138","Fistulariidae",1,93,0.010752688172043,"glorieuse_distance_100m","glorieuse","West_Indian"
"157","Haemulidae",1,93,0.010752688172043,"glorieuse_distance_100m","glorieuse","West_Indian"
"167","Holocentridae",1,93,0.010752688172043,"glorieuse_distance_100m","glorieuse","West_Indian"
"177","Kyphosidae",1,93,0.010752688172043,"glorieuse_distance_100m","glorieuse","West_Indian"
"207","Mullidae",1,93,0.010752688172043,"glorieuse_distance_100m","glorieuse","West_Indian"
"236","Pempheridae",1,93,0.010752688172043,"glorieuse_distance_100m","glorieuse","West_Indian"
"265","Scaridae",1,93,0.010752688172043,"glorieuse_distance_100m","glorieuse","West_Indian"
"275","Scombridae",1,93,0.010752688172043,"glorieuse_distance_100m","glorieuse","West_Indian"
"295","Synodontidae",1,93,0.010752688172043,"glorieuse_distance_100m","glorieuse","West_Indian"
"3111","Zanclidae",1,93,0.010752688172043,"glorieuse_distance_100m","glorieuse","West_Indian"
"139","Acanthuridae",10,84,0.119047619047619,"tromelin_distance_0m","tromelin","West_Indian"
"1310","Labridae",8,84,0.0952380952380952,"tromelin_distance_0m","tromelin","West_Indian"
"208","Myctophidae",8,84,0.0952380952380952,"tromelin_distance_0m","tromelin","West_Indian"
"2210","Pomacentridae",7,84,0.0833333333333333,"tromelin_distance_0m","tromelin","West_Indian"
"326","Balistidae",6,84,0.0714285714285714,"tromelin_distance_0m","tromelin","West_Indian"
"158","Lutjanidae",6,84,0.0714285714285714,"tromelin_distance_0m","tromelin","West_Indian"
"256","Serranidae",6,84,0.0714285714285714,"tromelin_distance_0m","tromelin","West_Indian"
"414","Belonidae",4,84,0.0476190476190476,"tromelin_distance_0m","tromelin","West_Indian"
"188","Mullidae",4,84,0.0476190476190476,"tromelin_distance_0m","tromelin","West_Indian"
"1212","Holocentridae",3,84,0.0357142857142857,"tromelin_distance_0m","tromelin","West_Indian"
"198","Muraenidae",3,84,0.0357142857142857,"tromelin_distance_0m","tromelin","West_Indian"
"510","Carangidae",2,84,0.0238095238095238,"tromelin_distance_0m","tromelin","West_Indian"
"710","Cirrhitidae",2,84,0.0238095238095238,"tromelin_distance_0m","tromelin","West_Indian"
"910","Exocoetidae",2,84,0.0238095238095238,"tromelin_distance_0m","tromelin","West_Indian"
"246","Scombridae",2,84,0.0238095238095238,"tromelin_distance_0m","tromelin","West_Indian"
"230","Aphaniidae",1,84,0.0119047619047619,"tromelin_distance_0m","tromelin","West_Indian"
"610","Chaetodontidae",1,84,0.0119047619047619,"tromelin_distance_0m","tromelin","West_Indian"
"810","Diplophidae",1,84,0.0119047619047619,"tromelin_distance_0m","tromelin","West_Indian"
"1010","Gempylidae",1,84,0.0119047619047619,"tromelin_distance_0m","tromelin","West_Indian"
"1114","Gobiidae",1,84,0.0119047619047619,"tromelin_distance_0m","tromelin","West_Indian"
"148","Lethrinidae",1,84,0.0119047619047619,"tromelin_distance_0m","tromelin","West_Indian"
"168","Monacanthidae",1,84,0.0119047619047619,"tromelin_distance_0m","tromelin","West_Indian"
"178","Moringuidae",1,84,0.0119047619047619,"tromelin_distance_0m","tromelin","West_Indian"
"2113","Pomacanthidae",1,84,0.0119047619047619,"tromelin_distance_0m","tromelin","West_Indian"
"237","Scaridae",1,84,0.0119047619047619,"tromelin_distance_0m","tromelin","West_Indian"
"266","Zanclidae",1,84,0.0119047619047619,"tromelin_distance_0m","tromelin","West_Indian"
"1115","Myctophidae",6,26,0.230769230769231,"tromelin_distance_50m","tromelin","West_Indian"
"140","Acanthuridae",4,26,0.153846153846154,"tromelin_distance_50m","tromelin","West_Indian"
"811","Labridae",2,26,0.0769230769230769,"tromelin_distance_50m","tromelin","West_Indian"
"911","Lutjanidae",2,26,0.0769230769230769,"tromelin_distance_50m","tromelin","West_Indian"
"238","Belonidae",1,26,0.0384615384615385,"tromelin_distance_50m","tromelin","West_Indian"
"327","Carangidae",1,26,0.0384615384615385,"tromelin_distance_50m","tromelin","West_Indian"
"415","Diplophidae",1,26,0.0384615384615385,"tromelin_distance_50m","tromelin","West_Indian"
"511","Exocoetidae",1,26,0.0384615384615385,"tromelin_distance_50m","tromelin","West_Indian"
"611","Gempylidae",1,26,0.0384615384615385,"tromelin_distance_50m","tromelin","West_Indian"
"711","Holocentridae",1,26,0.0384615384615385,"tromelin_distance_50m","tromelin","West_Indian"
"1011","Mullidae",1,26,0.0384615384615385,"tromelin_distance_50m","tromelin","West_Indian"
"1213","Notosudidae",1,26,0.0384615384615385,"tromelin_distance_50m","tromelin","West_Indian"
"1311","Pomacentridae",1,26,0.0384615384615385,"tromelin_distance_50m","tromelin","West_Indian"
"149","Scombridae",1,26,0.0384615384615385,"tromelin_distance_50m","tromelin","West_Indian"
"159","Serranidae",1,26,0.0384615384615385,"tromelin_distance_50m","tromelin","West_Indian"
"169","Stomiidae",1,26,0.0384615384615385,"tromelin_distance_50m","tromelin","West_Indian"
"1012","Myctophidae",4,19,0.210526315789474,"juan_distance2","juan_de_nova","West_Indian"
"150","Acanthuridae",3,19,0.157894736842105,"juan_distance2","juan_de_nova","West_Indian"
"239","Belonidae",2,19,0.105263157894737,"juan_distance2","juan_de_nova","West_Indian"
"512","Exocoetidae",2,19,0.105263157894737,"juan_distance2","juan_de_nova","West_Indian"
"328","Carangidae",1,19,0.0526315789473684,"juan_distance2","juan_de_nova","West_Indian"
"416","Engraulidae",1,19,0.0526315789473684,"juan_distance2","juan_de_nova","West_Indian"
"612","Gobiidae",1,19,0.0526315789473684,"juan_distance2","juan_de_nova","West_Indian"
"712","Hemiramphidae",1,19,0.0526315789473684,"juan_distance2","juan_de_nova","West_Indian"
"812","Labridae",1,19,0.0526315789473684,"juan_distance2","juan_de_nova","West_Indian"
"912","Monacanthidae",1,19,0.0526315789473684,"juan_distance2","juan_de_nova","West_Indian"
"1116","Pomacentridae",1,19,0.0526315789473684,"juan_distance2","juan_de_nova","West_Indian"
"1214","Scombridae",1,19,0.0526315789473684,"juan_distance2","juan_de_nova","West_Indian"
"1117","Myctophidae",7,39,0.179487179487179,"juan_distance1","juan_de_nova","West_Indian"
"913","Lutjanidae",6,39,0.153846153846154,"juan_distance1","juan_de_nova","West_Indian"
"713","Labridae",4,39,0.102564102564103,"juan_distance1","juan_de_nova","West_Indian"
"160","Acanthuridae",3,39,0.0769230769230769,"juan_distance1","juan_de_nova","West_Indian"
"329","Belonidae",3,39,0.0769230769230769,"juan_distance1","juan_de_nova","West_Indian"
"240","Balistidae",2,39,0.0512820512820513,"juan_distance1","juan_de_nova","West_Indian"
"513","Exocoetidae",2,39,0.0512820512820513,"juan_distance1","juan_de_nova","West_Indian"
"1510","Scombridae",2,39,0.0512820512820513,"juan_distance1","juan_de_nova","West_Indian"
"1610","Serranidae",2,39,0.0512820512820513,"juan_distance1","juan_de_nova","West_Indian"
"417","Carcharhinidae",1,39,0.0256410256410256,"juan_distance1","juan_de_nova","West_Indian"
"613","Fistulariidae",1,39,0.0256410256410256,"juan_distance1","juan_de_nova","West_Indian"
"813","Lethrinidae",1,39,0.0256410256410256,"juan_distance1","juan_de_nova","West_Indian"
"1013","Monacanthidae",1,39,0.0256410256410256,"juan_distance1","juan_de_nova","West_Indian"
"1215","Nomeidae",1,39,0.0256410256410256,"juan_distance1","juan_de_nova","West_Indian"
"1312","Pomacentridae",1,39,0.0256410256410256,"juan_distance1","juan_de_nova","West_Indian"
"1410","Scaridae",1,39,0.0256410256410256,"juan_distance1","juan_de_nova","West_Indian"
"179","Zanclidae",1,39,0.0256410256410256,"juan_distance1","juan_de_nova","West_Indian"
"170","Acanthuridae",7,33,0.212121212121212,"juan_distance0","juan_de_nova","West_Indian"
"814","Myctophidae",5,33,0.151515151515152,"juan_distance0","juan_de_nova","West_Indian"
"514","Labridae",4,33,0.121212121212121,"juan_distance0","juan_de_nova","West_Indian"
"1216","Pomacentridae",4,33,0.121212121212121,"juan_distance0","juan_de_nova","West_Indian"
"247","Balistidae",2,33,0.0606060606060606,"juan_distance0","juan_de_nova","West_Indian"
"714","Mullidae",2,33,0.0606060606060606,"juan_distance0","juan_de_nova","West_Indian"
"1313","Scombridae",2,33,0.0606060606060606,"juan_distance0","juan_de_nova","West_Indian"
"330","Gempylidae",1,33,0.0303030303030303,"juan_distance0","juan_de_nova","West_Indian"
"418","Hemiramphidae",1,33,0.0303030303030303,"juan_distance0","juan_de_nova","West_Indian"
"614","Lutjanidae",1,33,0.0303030303030303,"juan_distance0","juan_de_nova","West_Indian"
"914","Nomeidae",1,33,0.0303030303030303,"juan_distance0","juan_de_nova","West_Indian"
"1014","Pempheridae",1,33,0.0303030303030303,"juan_distance0","juan_de_nova","West_Indian"
"1118","Pomacanthidae",1,33,0.0303030303030303,"juan_distance0","juan_de_nova","West_Indian"
"1411","Serranidae",1,33,0.0303030303030303,"juan_distance0","juan_de_nova","West_Indian"
"1119","Labridae",16,74,0.216216216216216,"taaf_station2","europa","West_Indian"
"180","Acanthuridae",10,74,0.135135135135135,"taaf_station2","europa","West_Indian"
"209","Pomacentridae",10,74,0.135135135135135,"taaf_station2","europa","West_Indian"
"1314","Lutjanidae",8,74,0.108108108108108,"taaf_station2","europa","West_Indian"
"2211","Serranidae",4,74,0.0540540540540541,"taaf_station2","europa","West_Indian"
"419","Belonidae",3,74,0.0405405405405405,"taaf_station2","europa","West_Indian"
"248","Apogonidae",2,74,0.027027027027027,"taaf_station2","europa","West_Indian"
"335","Balistidae",2,74,0.027027027027027,"taaf_station2","europa","West_Indian"
"715","Gobiidae",2,74,0.027027027027027,"taaf_station2","europa","West_Indian"
"915","Holocentridae",2,74,0.027027027027027,"taaf_station2","europa","West_Indian"
"1015","Kyphosidae",2,74,0.027027027027027,"taaf_station2","europa","West_Indian"
"1412","Muraenidae",2,74,0.027027027027027,"taaf_station2","europa","West_Indian"
"189","Pempheridae",2,74,0.027027027027027,"taaf_station2","europa","West_Indian"
"515","Carcharhinidae",1,74,0.0135135135135135,"taaf_station2","europa","West_Indian"
"615","Cirrhitidae",1,74,0.0135135135135135,"taaf_station2","europa","West_Indian"
"815","Haemulidae",1,74,0.0135135135135135,"taaf_station2","europa","West_Indian"
"1217","Lethrinidae",1,74,0.0135135135135135,"taaf_station2","europa","West_Indian"
"1511","Myctophidae",1,74,0.0135135135135135,"taaf_station2","europa","West_Indian"
"1611","Nomeidae",1,74,0.0135135135135135,"taaf_station2","europa","West_Indian"
"1710","Ostraciidae",1,74,0.0135135135135135,"taaf_station2","europa","West_Indian"
"199","Pomacanthidae",1,74,0.0135135135135135,"taaf_station2","europa","West_Indian"
"2114","Scaridae",1,74,0.0135135135135135,"taaf_station2","europa","West_Indian"
