"","family","n_motus","n_motus_total","prop","station","site","province"
"1","Balistidae",1,3,0.333333333333333,"petit_cul_de_sac_marin_Large","site6","Tropical_Northwestern_Atlantic"
"2","Myctophidae",1,3,0.333333333333333,"petit_cul_de_sac_marin_Large","site6","Tropical_Northwestern_Atlantic"
"3","Nomeidae",1,3,0.333333333333333,"petit_cul_de_sac_marin_Large","site6","Tropical_Northwestern_Atlantic"
"110","Acanthuridae",2,25,0.08,"petit_cul_de_sac_marin_cote","site6","Tropical_Northwestern_Atlantic"
"21","Carangidae",2,25,0.08,"petit_cul_de_sac_marin_cote","site6","Tropical_Northwestern_Atlantic"
"5","Clupeidae",2,25,0.08,"petit_cul_de_sac_marin_cote","site6","Tropical_Northwestern_Atlantic"
"6","Engraulidae",2,25,0.08,"petit_cul_de_sac_marin_cote","site6","Tropical_Northwestern_Atlantic"
"9","Labridae",2,25,0.08,"petit_cul_de_sac_marin_cote","site6","Tropical_Northwestern_Atlantic"
"10","Lutjanidae",2,25,0.08,"petit_cul_de_sac_marin_cote","site6","Tropical_Northwestern_Atlantic"
"31","Centrarchidae",1,25,0.04,"petit_cul_de_sac_marin_cote","site6","Tropical_Northwestern_Atlantic"
"4","Chaetodontidae",1,25,0.04,"petit_cul_de_sac_marin_cote","site6","Tropical_Northwestern_Atlantic"
"7","Gerreidae",1,25,0.04,"petit_cul_de_sac_marin_cote","site6","Tropical_Northwestern_Atlantic"
"8","Hemiramphidae",1,25,0.04,"petit_cul_de_sac_marin_cote","site6","Tropical_Northwestern_Atlantic"
"11","Mullidae",1,25,0.04,"petit_cul_de_sac_marin_cote","site6","Tropical_Northwestern_Atlantic"
"12","Myliobatidae",1,25,0.04,"petit_cul_de_sac_marin_cote","site6","Tropical_Northwestern_Atlantic"
"13","Opistognathidae",1,25,0.04,"petit_cul_de_sac_marin_cote","site6","Tropical_Northwestern_Atlantic"
"14","Pomacentridae",1,25,0.04,"petit_cul_de_sac_marin_cote","site6","Tropical_Northwestern_Atlantic"
"15","Scaridae",1,25,0.04,"petit_cul_de_sac_marin_cote","site6","Tropical_Northwestern_Atlantic"
"16","Scombridae",1,25,0.04,"petit_cul_de_sac_marin_cote","site6","Tropical_Northwestern_Atlantic"
"17","Scorpaenidae",1,25,0.04,"petit_cul_de_sac_marin_cote","site6","Tropical_Northwestern_Atlantic"
"18","Sparidae",1,25,0.04,"petit_cul_de_sac_marin_cote","site6","Tropical_Northwestern_Atlantic"
"19","Sphyraenidae",1,25,0.04,"petit_cul_de_sac_marin_cote","site6","Tropical_Northwestern_Atlantic"
"71","Myctophidae",9,23,0.391304347826087,"sec_sud_1","site4","Tropical_Northwestern_Atlantic"
"41","Exocoetidae",4,23,0.173913043478261,"sec_sud_1","site4","Tropical_Northwestern_Atlantic"
"91","Scombridae",3,23,0.130434782608696,"sec_sud_1","site4","Tropical_Northwestern_Atlantic"
"61","Hemiramphidae",2,23,0.0869565217391304,"sec_sud_1","site4","Tropical_Northwestern_Atlantic"
"111","Bramidae",1,23,0.0434782608695652,"sec_sud_1","site4","Tropical_Northwestern_Atlantic"
"22","Carangidae",1,23,0.0434782608695652,"sec_sud_1","site4","Tropical_Northwestern_Atlantic"
"32","Diplophidae",1,23,0.0434782608695652,"sec_sud_1","site4","Tropical_Northwestern_Atlantic"
"51","Gobiidae",1,23,0.0434782608695652,"sec_sud_1","site4","Tropical_Northwestern_Atlantic"
"81","Nomeidae",1,23,0.0434782608695652,"sec_sud_1","site4","Tropical_Northwestern_Atlantic"
"62","Labridae",6,25,0.24,"anse_bertrand_cote","site3","Tropical_Northwestern_Atlantic"
"52","Holocentridae",3,25,0.12,"anse_bertrand_cote","site3","Tropical_Northwestern_Atlantic"
"112","Acanthuridae",2,25,0.08,"anse_bertrand_cote","site3","Tropical_Northwestern_Atlantic"
"23","Carangidae",2,25,0.08,"anse_bertrand_cote","site3","Tropical_Northwestern_Atlantic"
"113","Pomacentridae",2,25,0.08,"anse_bertrand_cote","site3","Tropical_Northwestern_Atlantic"
"121","Scaridae",2,25,0.08,"anse_bertrand_cote","site3","Tropical_Northwestern_Atlantic"
"33","Clupeidae",1,25,0.04,"anse_bertrand_cote","site3","Tropical_Northwestern_Atlantic"
"42","Gobiidae",1,25,0.04,"anse_bertrand_cote","site3","Tropical_Northwestern_Atlantic"
"72","Lutjanidae",1,25,0.04,"anse_bertrand_cote","site3","Tropical_Northwestern_Atlantic"
"82","Malacanthidae",1,25,0.04,"anse_bertrand_cote","site3","Tropical_Northwestern_Atlantic"
"92","Mullidae",1,25,0.04,"anse_bertrand_cote","site3","Tropical_Northwestern_Atlantic"
"101","Myctophidae",1,25,0.04,"anse_bertrand_cote","site3","Tropical_Northwestern_Atlantic"
"131","Scorpaenidae",1,25,0.04,"anse_bertrand_cote","site3","Tropical_Northwestern_Atlantic"
"141","Serranidae",1,25,0.04,"anse_bertrand_cote","site3","Tropical_Northwestern_Atlantic"
"114","Mullidae",1,2,0.5,"anse_bertrand_large","site3","Tropical_Northwestern_Atlantic"
"24","Myctophidae",1,2,0.5,"anse_bertrand_large","site3","Tropical_Northwestern_Atlantic"
"83","Labridae",4,20,0.2,"anse_colas","site3","Tropical_Northwestern_Atlantic"
"115","Scaridae",3,20,0.15,"anse_colas","site3","Tropical_Northwestern_Atlantic"
"116","Acanthuridae",2,20,0.1,"anse_colas","site3","Tropical_Northwestern_Atlantic"
"43","Clupeidae",2,20,0.1,"anse_colas","site3","Tropical_Northwestern_Atlantic"
"102","Pomacentridae",2,20,0.1,"anse_colas","site3","Tropical_Northwestern_Atlantic"
"25","Apogonidae",1,20,0.05,"anse_colas","site3","Tropical_Northwestern_Atlantic"
"34","Belonidae",1,20,0.05,"anse_colas","site3","Tropical_Northwestern_Atlantic"
"53","Diodontidae",1,20,0.05,"anse_colas","site3","Tropical_Northwestern_Atlantic"
"63","Exocoetidae",1,20,0.05,"anse_colas","site3","Tropical_Northwestern_Atlantic"
"73","Gobiidae",1,20,0.05,"anse_colas","site3","Tropical_Northwestern_Atlantic"
"93","Monacanthidae",1,20,0.05,"anse_colas","site3","Tropical_Northwestern_Atlantic"
"122","Serranidae",1,20,0.05,"anse_colas","site3","Tropical_Northwestern_Atlantic"
"84","Myctophidae",7,23,0.304347826086957,"bouillante_large","site4","Tropical_Northwestern_Atlantic"
"54","Exocoetidae",4,23,0.173913043478261,"bouillante_large","site4","Tropical_Northwestern_Atlantic"
"117","Scombridae",4,23,0.173913043478261,"bouillante_large","site4","Tropical_Northwestern_Atlantic"
"118","Albulidae",1,23,0.0434782608695652,"bouillante_large","site4","Tropical_Northwestern_Atlantic"
"26","Apogonidae",1,23,0.0434782608695652,"bouillante_large","site4","Tropical_Northwestern_Atlantic"
"35","Bramidae",1,23,0.0434782608695652,"bouillante_large","site4","Tropical_Northwestern_Atlantic"
"44","Carangidae",1,23,0.0434782608695652,"bouillante_large","site4","Tropical_Northwestern_Atlantic"
"64","Gempylidae",1,23,0.0434782608695652,"bouillante_large","site4","Tropical_Northwestern_Atlantic"
"74","Hemiramphidae",1,23,0.0434782608695652,"bouillante_large","site4","Tropical_Northwestern_Atlantic"
"94","Nomeidae",1,23,0.0434782608695652,"bouillante_large","site4","Tropical_Northwestern_Atlantic"
"103","Priacanthidae",1,23,0.0434782608695652,"bouillante_large","site4","Tropical_Northwestern_Atlantic"
"119","Exocoetidae",3,6,0.5,"sec_sud_2","site4","Tropical_Northwestern_Atlantic"
"36","Myctophidae",2,6,0.333333333333333,"sec_sud_2","site4","Tropical_Northwestern_Atlantic"
"27","Hemiramphidae",1,6,0.166666666666667,"sec_sud_2","site4","Tropical_Northwestern_Atlantic"
"1110","Labridae",5,32,0.15625,"pointe_ferry","site4","Tropical_Northwestern_Atlantic"
"171","Scombridae",3,32,0.09375,"pointe_ferry","site4","Tropical_Northwestern_Atlantic"
"37","Belonidae",2,32,0.0625,"pointe_ferry","site4","Tropical_Northwestern_Atlantic"
"45","Carangidae",2,32,0.0625,"pointe_ferry","site4","Tropical_Northwestern_Atlantic"
"55","Clupeidae",2,32,0.0625,"pointe_ferry","site4","Tropical_Northwestern_Atlantic"
"75","Exocoetidae",2,32,0.0625,"pointe_ferry","site4","Tropical_Northwestern_Atlantic"
"95","Hemiramphidae",2,32,0.0625,"pointe_ferry","site4","Tropical_Northwestern_Atlantic"
"104","Holocentridae",2,32,0.0625,"pointe_ferry","site4","Tropical_Northwestern_Atlantic"
"132","Myctophidae",2,32,0.0625,"pointe_ferry","site4","Tropical_Northwestern_Atlantic"
"151","Pomacentridae",2,32,0.0625,"pointe_ferry","site4","Tropical_Northwestern_Atlantic"
"120","Acanthuridae",1,32,0.03125,"pointe_ferry","site4","Tropical_Northwestern_Atlantic"
"28","Atherinidae",1,32,0.03125,"pointe_ferry","site4","Tropical_Northwestern_Atlantic"
"65","Diodontidae",1,32,0.03125,"pointe_ferry","site4","Tropical_Northwestern_Atlantic"
"85","Gobiidae",1,32,0.03125,"pointe_ferry","site4","Tropical_Northwestern_Atlantic"
"123","Malacanthidae",1,32,0.03125,"pointe_ferry","site4","Tropical_Northwestern_Atlantic"
"142","Nomeidae",1,32,0.03125,"pointe_ferry","site4","Tropical_Northwestern_Atlantic"
"161","Scaridae",1,32,0.03125,"pointe_ferry","site4","Tropical_Northwestern_Atlantic"
"181","Scorpaenidae",1,32,0.03125,"pointe_ferry","site4","Tropical_Northwestern_Atlantic"
"1111","Labridae",8,53,0.150943396226415,"jardin_eden","site3","Tropical_Northwestern_Atlantic"
"124","Lutjanidae",5,53,0.0943396226415094,"jardin_eden","site3","Tropical_Northwestern_Atlantic"
"172","Pomacentridae",5,53,0.0943396226415094,"jardin_eden","site3","Tropical_Northwestern_Atlantic"
"66","Belonidae",3,53,0.0566037735849057,"jardin_eden","site3","Tropical_Northwestern_Atlantic"
"76","Carangidae",3,53,0.0566037735849057,"jardin_eden","site3","Tropical_Northwestern_Atlantic"
"86","Clupeidae",3,53,0.0566037735849057,"jardin_eden","site3","Tropical_Northwestern_Atlantic"
"105","Holocentridae",3,53,0.0566037735849057,"jardin_eden","site3","Tropical_Northwestern_Atlantic"
"182","Scaridae",3,53,0.0566037735849057,"jardin_eden","site3","Tropical_Northwestern_Atlantic"
"125","Acanthuridae",2,53,0.0377358490566038,"jardin_eden","site3","Tropical_Northwestern_Atlantic"
"38","Apogonidae",2,53,0.0377358490566038,"jardin_eden","site3","Tropical_Northwestern_Atlantic"
"96","Diodontidae",2,53,0.0377358490566038,"jardin_eden","site3","Tropical_Northwestern_Atlantic"
"143","Mullidae",2,53,0.0377358490566038,"jardin_eden","site3","Tropical_Northwestern_Atlantic"
"211","Serranidae",2,53,0.0377358490566038,"jardin_eden","site3","Tropical_Northwestern_Atlantic"
"221","Tetraodontidae",2,53,0.0377358490566038,"jardin_eden","site3","Tropical_Northwestern_Atlantic"
"29","Albulidae",1,53,0.0188679245283019,"jardin_eden","site3","Tropical_Northwestern_Atlantic"
"46","Aulostomidae",1,53,0.0188679245283019,"jardin_eden","site3","Tropical_Northwestern_Atlantic"
"56","Balistidae",1,53,0.0188679245283019,"jardin_eden","site3","Tropical_Northwestern_Atlantic"
"133","Malacanthidae",1,53,0.0188679245283019,"jardin_eden","site3","Tropical_Northwestern_Atlantic"
"152","Myliobatidae",1,53,0.0188679245283019,"jardin_eden","site3","Tropical_Northwestern_Atlantic"
"162","Opistognathidae",1,53,0.0188679245283019,"jardin_eden","site3","Tropical_Northwestern_Atlantic"
"191","Sciaenidae",1,53,0.0188679245283019,"jardin_eden","site3","Tropical_Northwestern_Atlantic"
"20","Scombridae",1,53,0.0188679245283019,"jardin_eden","site3","Tropical_Northwestern_Atlantic"
"183","Labridae",11,78,0.141025641025641,"fajou","site3","Tropical_Northwestern_Atlantic"
"291","Pomacentridae",7,78,0.0897435897435897,"fajou","site3","Tropical_Northwestern_Atlantic"
"192","Lutjanidae",5,78,0.0641025641025641,"fajou","site3","Tropical_Northwestern_Atlantic"
"341","Serranidae",5,78,0.0641025641025641,"fajou","site3","Tropical_Northwestern_Atlantic"
"67","Carangidae",4,78,0.0512820512820513,"fajou","site3","Tropical_Northwestern_Atlantic"
"57","Belonidae",3,78,0.0384615384615385,"fajou","site3","Tropical_Northwestern_Atlantic"
"231","Muraenidae",3,78,0.0384615384615385,"fajou","site3","Tropical_Northwestern_Atlantic"
"311","Scaridae",3,78,0.0384615384615385,"fajou","site3","Tropical_Northwestern_Atlantic"
"126","Acanthuridae",2,78,0.0256410256410256,"fajou","site3","Tropical_Northwestern_Atlantic"
"47","Balistidae",2,78,0.0256410256410256,"fajou","site3","Tropical_Northwestern_Atlantic"
"97","Diodontidae",2,78,0.0256410256410256,"fajou","site3","Tropical_Northwestern_Atlantic"
"144","Gobiidae",2,78,0.0256410256410256,"fajou","site3","Tropical_Northwestern_Atlantic"
"153","Hemiramphidae",2,78,0.0256410256410256,"fajou","site3","Tropical_Northwestern_Atlantic"
"163","Holocentridae",2,78,0.0256410256410256,"fajou","site3","Tropical_Northwestern_Atlantic"
"222","Mullidae",2,78,0.0256410256410256,"fajou","site3","Tropical_Northwestern_Atlantic"
"241","Myctophidae",2,78,0.0256410256410256,"fajou","site3","Tropical_Northwestern_Atlantic"
"361","Tetraodontidae",2,78,0.0256410256410256,"fajou","site3","Tropical_Northwestern_Atlantic"
"210","Apogonidae",1,78,0.0128205128205128,"fajou","site3","Tropical_Northwestern_Atlantic"
"39","Aulostomidae",1,78,0.0128205128205128,"fajou","site3","Tropical_Northwestern_Atlantic"
"77","Chaetodontidae",1,78,0.0128205128205128,"fajou","site3","Tropical_Northwestern_Atlantic"
"87","Clupeidae",1,78,0.0128205128205128,"fajou","site3","Tropical_Northwestern_Atlantic"
"106","Engraulidae",1,78,0.0128205128205128,"fajou","site3","Tropical_Northwestern_Atlantic"
"1112","Exocoetidae",1,78,0.0128205128205128,"fajou","site3","Tropical_Northwestern_Atlantic"
"127","Gempylidae",1,78,0.0128205128205128,"fajou","site3","Tropical_Northwestern_Atlantic"
"134","Ginglymostomatidae",1,78,0.0128205128205128,"fajou","site3","Tropical_Northwestern_Atlantic"
"173","Kyphosidae",1,78,0.0128205128205128,"fajou","site3","Tropical_Northwestern_Atlantic"
"201","Malacanthidae",1,78,0.0128205128205128,"fajou","site3","Tropical_Northwestern_Atlantic"
"212","Monacanthidae",1,78,0.0128205128205128,"fajou","site3","Tropical_Northwestern_Atlantic"
"251","Myliobatidae",1,78,0.0128205128205128,"fajou","site3","Tropical_Northwestern_Atlantic"
"261","Nemichthyidae",1,78,0.0128205128205128,"fajou","site3","Tropical_Northwestern_Atlantic"
"271","Nomeidae",1,78,0.0128205128205128,"fajou","site3","Tropical_Northwestern_Atlantic"
"281","Pomacanthidae",1,78,0.0128205128205128,"fajou","site3","Tropical_Northwestern_Atlantic"
"30","Priacanthidae",1,78,0.0128205128205128,"fajou","site3","Tropical_Northwestern_Atlantic"
"321","Scombridae",1,78,0.0128205128205128,"fajou","site3","Tropical_Northwestern_Atlantic"
"331","Scorpaenidae",1,78,0.0128205128205128,"fajou","site3","Tropical_Northwestern_Atlantic"
"351","Sphyraenidae",1,78,0.0128205128205128,"fajou","site3","Tropical_Northwestern_Atlantic"
"128","Lutjanidae",5,27,0.185185185185185,"st_rose","site3","Tropical_Northwestern_Atlantic"
"48","Belonidae",2,27,0.0740740740740741,"st_rose","site3","Tropical_Northwestern_Atlantic"
"1113","Labridae",2,27,0.0740740740740741,"st_rose","site3","Tropical_Northwestern_Atlantic"
"154","Scaridae",2,27,0.0740740740740741,"st_rose","site3","Tropical_Northwestern_Atlantic"
"174","Serranidae",2,27,0.0740740740740741,"st_rose","site3","Tropical_Northwestern_Atlantic"
"129","Albulidae",1,27,0.037037037037037,"st_rose","site3","Tropical_Northwestern_Atlantic"
"213","Apogonidae",1,27,0.037037037037037,"st_rose","site3","Tropical_Northwestern_Atlantic"
"310","Atherinidae",1,27,0.037037037037037,"st_rose","site3","Tropical_Northwestern_Atlantic"
"58","Chaetodontidae",1,27,0.037037037037037,"st_rose","site3","Tropical_Northwestern_Atlantic"
"68","Clupeidae",1,27,0.037037037037037,"st_rose","site3","Tropical_Northwestern_Atlantic"
"78","Diodontidae",1,27,0.037037037037037,"st_rose","site3","Tropical_Northwestern_Atlantic"
"88","Engraulidae",1,27,0.037037037037037,"st_rose","site3","Tropical_Northwestern_Atlantic"
"98","Gobiidae",1,27,0.037037037037037,"st_rose","site3","Tropical_Northwestern_Atlantic"
"107","Holocentridae",1,27,0.037037037037037,"st_rose","site3","Tropical_Northwestern_Atlantic"
"135","Mullidae",1,27,0.037037037037037,"st_rose","site3","Tropical_Northwestern_Atlantic"
"145","Muraenidae",1,27,0.037037037037037,"st_rose","site3","Tropical_Northwestern_Atlantic"
"164","Scombridae",1,27,0.037037037037037,"st_rose","site3","Tropical_Northwestern_Atlantic"
"184","Sparidae",1,27,0.037037037037037,"st_rose","site3","Tropical_Northwestern_Atlantic"
"193","Sphyraenidae",1,27,0.037037037037037,"st_rose","site3","Tropical_Northwestern_Atlantic"
"79","Labridae",7,21,0.333333333333333,"pointe_chateau","site5","Tropical_Northwestern_Atlantic"
"108","Pomacentridae",3,21,0.142857142857143,"pointe_chateau","site5","Tropical_Northwestern_Atlantic"
"130","Acanthuridae",2,21,0.0952380952380952,"pointe_chateau","site5","Tropical_Northwestern_Atlantic"
"214","Apogonidae",1,21,0.0476190476190476,"pointe_chateau","site5","Tropical_Northwestern_Atlantic"
"312","Belonidae",1,21,0.0476190476190476,"pointe_chateau","site5","Tropical_Northwestern_Atlantic"
"49","Carangidae",1,21,0.0476190476190476,"pointe_chateau","site5","Tropical_Northwestern_Atlantic"
"59","Clupeidae",1,21,0.0476190476190476,"pointe_chateau","site5","Tropical_Northwestern_Atlantic"
"69","Hemiramphidae",1,21,0.0476190476190476,"pointe_chateau","site5","Tropical_Northwestern_Atlantic"
"89","Mullidae",1,21,0.0476190476190476,"pointe_chateau","site5","Tropical_Northwestern_Atlantic"
"99","Muraenidae",1,21,0.0476190476190476,"pointe_chateau","site5","Tropical_Northwestern_Atlantic"
"1114","Scaridae",1,21,0.0476190476190476,"pointe_chateau","site5","Tropical_Northwestern_Atlantic"
"1210","Serranidae",1,21,0.0476190476190476,"pointe_chateau","site5","Tropical_Northwestern_Atlantic"
"510","Labridae",2,8,0.25,"chateau_petite_terre","site5","Tropical_Northwestern_Atlantic"
"136","Acanthuridae",1,8,0.125,"chateau_petite_terre","site5","Tropical_Northwestern_Atlantic"
"215","Balistidae",1,8,0.125,"chateau_petite_terre","site5","Tropical_Northwestern_Atlantic"
"313","Clupeidae",1,8,0.125,"chateau_petite_terre","site5","Tropical_Northwestern_Atlantic"
"410","Hemiramphidae",1,8,0.125,"chateau_petite_terre","site5","Tropical_Northwestern_Atlantic"
"610","Lutjanidae",1,8,0.125,"chateau_petite_terre","site5","Tropical_Northwestern_Atlantic"
"710","Myctophidae",1,8,0.125,"chateau_petite_terre","site5","Tropical_Northwestern_Atlantic"
"155","Labridae",7,51,0.137254901960784,"petite_terre1","site5","Tropical_Northwestern_Atlantic"
"165","Lutjanidae",4,51,0.0784313725490196,"petite_terre1","site5","Tropical_Northwestern_Atlantic"
"611","Carangidae",3,51,0.0588235294117647,"petite_terre1","site5","Tropical_Northwestern_Atlantic"
"232","Pomacentridae",3,51,0.0588235294117647,"petite_terre1","site5","Tropical_Northwestern_Atlantic"
"137","Acanthuridae",2,51,0.0392156862745098,"petite_terre1","site5","Tropical_Northwestern_Atlantic"
"314","Balistidae",2,51,0.0392156862745098,"petite_terre1","site5","Tropical_Northwestern_Atlantic"
"411","Belonidae",2,51,0.0392156862745098,"petite_terre1","site5","Tropical_Northwestern_Atlantic"
"711","Clupeidae",2,51,0.0392156862745098,"petite_terre1","site5","Tropical_Northwestern_Atlantic"
"810","Diodontidae",2,51,0.0392156862745098,"petite_terre1","site5","Tropical_Northwestern_Atlantic"
"910","Exocoetidae",2,51,0.0392156862745098,"petite_terre1","site5","Tropical_Northwestern_Atlantic"
"1115","Gobiidae",2,51,0.0392156862745098,"petite_terre1","site5","Tropical_Northwestern_Atlantic"
"1211","Hemiramphidae",2,51,0.0392156862745098,"petite_terre1","site5","Tropical_Northwestern_Atlantic"
"138","Holocentridae",2,51,0.0392156862745098,"petite_terre1","site5","Tropical_Northwestern_Atlantic"
"146","Kyphosidae",2,51,0.0392156862745098,"petite_terre1","site5","Tropical_Northwestern_Atlantic"
"194","Mullidae",2,51,0.0392156862745098,"petite_terre1","site5","Tropical_Northwestern_Atlantic"
"242","Scaridae",2,51,0.0392156862745098,"petite_terre1","site5","Tropical_Northwestern_Atlantic"
"216","Apogonidae",1,51,0.0196078431372549,"petite_terre1","site5","Tropical_Northwestern_Atlantic"
"511","Blenniidae",1,51,0.0196078431372549,"petite_terre1","site5","Tropical_Northwestern_Atlantic"
"109","Ginglymostomatidae",1,51,0.0196078431372549,"petite_terre1","site5","Tropical_Northwestern_Atlantic"
"175","Malacanthidae",1,51,0.0196078431372549,"petite_terre1","site5","Tropical_Northwestern_Atlantic"
"185","Monacanthidae",1,51,0.0196078431372549,"petite_terre1","site5","Tropical_Northwestern_Atlantic"
"202","Muraenidae",1,51,0.0196078431372549,"petite_terre1","site5","Tropical_Northwestern_Atlantic"
"217","Myliobatidae",1,51,0.0196078431372549,"petite_terre1","site5","Tropical_Northwestern_Atlantic"
"223","Pomacanthidae",1,51,0.0196078431372549,"petite_terre1","site5","Tropical_Northwestern_Atlantic"
"252","Scorpaenidae",1,51,0.0196078431372549,"petite_terre1","site5","Tropical_Northwestern_Atlantic"
"262","Serranidae",1,51,0.0196078431372549,"petite_terre1","site5","Tropical_Northwestern_Atlantic"
"139","Labridae",8,43,0.186046511627907,"petite_terre2","site5","Tropical_Northwestern_Atlantic"
"1116","Holocentridae",3,43,0.0697674418604651,"petite_terre2","site5","Tropical_Northwestern_Atlantic"
"1212","Kyphosidae",3,43,0.0697674418604651,"petite_terre2","site5","Tropical_Northwestern_Atlantic"
"140","Acanthuridae",2,43,0.0465116279069767,"petite_terre2","site5","Tropical_Northwestern_Atlantic"
"315","Belonidae",2,43,0.0465116279069767,"petite_terre2","site5","Tropical_Northwestern_Atlantic"
"412","Carangidae",2,43,0.0465116279069767,"petite_terre2","site5","Tropical_Northwestern_Atlantic"
"712","Exocoetidae",2,43,0.0465116279069767,"petite_terre2","site5","Tropical_Northwestern_Atlantic"
"147","Lutjanidae",2,43,0.0465116279069767,"petite_terre2","site5","Tropical_Northwestern_Atlantic"
"166","Monacanthidae",2,43,0.0465116279069767,"petite_terre2","site5","Tropical_Northwestern_Atlantic"
"176","Mullidae",2,43,0.0465116279069767,"petite_terre2","site5","Tropical_Northwestern_Atlantic"
"186","Muraenidae",2,43,0.0465116279069767,"petite_terre2","site5","Tropical_Northwestern_Atlantic"
"218","Pomacentridae",2,43,0.0465116279069767,"petite_terre2","site5","Tropical_Northwestern_Atlantic"
"219","Balistidae",1,43,0.0232558139534884,"petite_terre2","site5","Tropical_Northwestern_Atlantic"
"512","Clupeidae",1,43,0.0232558139534884,"petite_terre2","site5","Tropical_Northwestern_Atlantic"
"612","Diodontidae",1,43,0.0232558139534884,"petite_terre2","site5","Tropical_Northwestern_Atlantic"
"811","Ginglymostomatidae",1,43,0.0232558139534884,"petite_terre2","site5","Tropical_Northwestern_Atlantic"
"911","Gobiidae",1,43,0.0232558139534884,"petite_terre2","site5","Tropical_Northwestern_Atlantic"
"1010","Hemiramphidae",1,43,0.0232558139534884,"petite_terre2","site5","Tropical_Northwestern_Atlantic"
"156","Malacanthidae",1,43,0.0232558139534884,"petite_terre2","site5","Tropical_Northwestern_Atlantic"
"195","Myliobatidae",1,43,0.0232558139534884,"petite_terre2","site5","Tropical_Northwestern_Atlantic"
"203","Opistognathidae",1,43,0.0232558139534884,"petite_terre2","site5","Tropical_Northwestern_Atlantic"
"224","Scaridae",1,43,0.0232558139534884,"petite_terre2","site5","Tropical_Northwestern_Atlantic"
"233","Serranidae",1,43,0.0232558139534884,"petite_terre2","site5","Tropical_Northwestern_Atlantic"
"157","Labridae",9,71,0.126760563380282,"patch3","site1","Tropical_Northwestern_Atlantic"
"243","Pomacentridae",8,71,0.112676056338028,"patch3","site1","Tropical_Northwestern_Atlantic"
"204","Muraenidae",6,71,0.0845070422535211,"patch3","site1","Tropical_Northwestern_Atlantic"
"167","Lutjanidae",4,71,0.0563380281690141,"patch3","site1","Tropical_Northwestern_Atlantic"
"316","Balistidae",3,71,0.0422535211267606,"patch3","site1","Tropical_Northwestern_Atlantic"
"413","Belonidae",3,71,0.0422535211267606,"patch3","site1","Tropical_Northwestern_Atlantic"
"1310","Holocentridae",3,71,0.0422535211267606,"patch3","site1","Tropical_Northwestern_Atlantic"
"148","Acanthuridae",2,71,0.028169014084507,"patch3","site1","Tropical_Northwestern_Atlantic"
"513","Carangidae",2,71,0.028169014084507,"patch3","site1","Tropical_Northwestern_Atlantic"
"613","Carcharhinidae",2,71,0.028169014084507,"patch3","site1","Tropical_Northwestern_Atlantic"
"812","Diodontidae",2,71,0.028169014084507,"patch3","site1","Tropical_Northwestern_Atlantic"
"1011","Gobiesocidae",2,71,0.028169014084507,"patch3","site1","Tropical_Northwestern_Atlantic"
"1117","Gobiidae",2,71,0.028169014084507,"patch3","site1","Tropical_Northwestern_Atlantic"
"149","Kyphosidae",2,71,0.028169014084507,"patch3","site1","Tropical_Northwestern_Atlantic"
"196","Mullidae",2,71,0.028169014084507,"patch3","site1","Tropical_Northwestern_Atlantic"
"2110","Myctophidae",2,71,0.028169014084507,"patch3","site1","Tropical_Northwestern_Atlantic"
"234","Pomacanthidae",2,71,0.028169014084507,"patch3","site1","Tropical_Northwestern_Atlantic"
"253","Scaridae",2,71,0.028169014084507,"patch3","site1","Tropical_Northwestern_Atlantic"
"272","Serranidae",2,71,0.028169014084507,"patch3","site1","Tropical_Northwestern_Atlantic"
"220","Apogonidae",1,71,0.0140845070422535,"patch3","site1","Tropical_Northwestern_Atlantic"
"713","Chaetodontidae",1,71,0.0140845070422535,"patch3","site1","Tropical_Northwestern_Atlantic"
"912","Gempylidae",1,71,0.0140845070422535,"patch3","site1","Tropical_Northwestern_Atlantic"
"1213","Hemiramphidae",1,71,0.0140845070422535,"patch3","site1","Tropical_Northwestern_Atlantic"
"177","Megalopidae",1,71,0.0140845070422535,"patch3","site1","Tropical_Northwestern_Atlantic"
"187","Moringuidae",1,71,0.0140845070422535,"patch3","site1","Tropical_Northwestern_Atlantic"
"225","Myliobatidae",1,71,0.0140845070422535,"patch3","site1","Tropical_Northwestern_Atlantic"
"263","Scombridae",1,71,0.0140845070422535,"patch3","site1","Tropical_Northwestern_Atlantic"
"282","Sphyraenidae",1,71,0.0140845070422535,"patch3","site1","Tropical_Northwestern_Atlantic"
"292","Tetraodontidae",1,71,0.0140845070422535,"patch3","site1","Tropical_Northwestern_Atlantic"
"301","Xenocyprididae",1,71,0.0140845070422535,"patch3","site1","Tropical_Northwestern_Atlantic"
"1214","Labridae",7,44,0.159090909090909,"patch1","site1","Tropical_Northwestern_Atlantic"
"1311","Lutjanidae",4,44,0.0909090909090909,"patch1","site1","Tropical_Northwestern_Atlantic"
"188","Pomacentridae",4,44,0.0909090909090909,"patch1","site1","Tropical_Northwestern_Atlantic"
"205","Scaridae",3,44,0.0681818181818182,"patch1","site1","Tropical_Northwestern_Atlantic"
"150","Acanthuridae",2,44,0.0454545454545455,"patch1","site1","Tropical_Northwestern_Atlantic"
"226","Apogonidae",2,44,0.0454545454545455,"patch1","site1","Tropical_Northwestern_Atlantic"
"414","Belonidae",2,44,0.0454545454545455,"patch1","site1","Tropical_Northwestern_Atlantic"
"614","Clupeidae",2,44,0.0454545454545455,"patch1","site1","Tropical_Northwestern_Atlantic"
"714","Diodontidae",2,44,0.0454545454545455,"patch1","site1","Tropical_Northwestern_Atlantic"
"913","Gobiidae",2,44,0.0454545454545455,"patch1","site1","Tropical_Northwestern_Atlantic"
"1118","Kyphosidae",2,44,0.0454545454545455,"patch1","site1","Tropical_Northwestern_Atlantic"
"317","Aulostomidae",1,44,0.0227272727272727,"patch1","site1","Tropical_Northwestern_Atlantic"
"514","Carangidae",1,44,0.0227272727272727,"patch1","site1","Tropical_Northwestern_Atlantic"
"813","Ginglymostomatidae",1,44,0.0227272727272727,"patch1","site1","Tropical_Northwestern_Atlantic"
"1012","Holocentridae",1,44,0.0227272727272727,"patch1","site1","Tropical_Northwestern_Atlantic"
"1410","Mullidae",1,44,0.0227272727272727,"patch1","site1","Tropical_Northwestern_Atlantic"
"158","Muraenidae",1,44,0.0227272727272727,"patch1","site1","Tropical_Northwestern_Atlantic"
"168","Myliobatidae",1,44,0.0227272727272727,"patch1","site1","Tropical_Northwestern_Atlantic"
"178","Pomacanthidae",1,44,0.0227272727272727,"patch1","site1","Tropical_Northwestern_Atlantic"
"197","Rachycentridae",1,44,0.0227272727272727,"patch1","site1","Tropical_Northwestern_Atlantic"
"2111","Serranidae",1,44,0.0227272727272727,"patch1","site1","Tropical_Northwestern_Atlantic"
"227","Tetraodontidae",1,44,0.0227272727272727,"patch1","site1","Tropical_Northwestern_Atlantic"
"235","Urotrygonidae",1,44,0.0227272727272727,"patch1","site1","Tropical_Northwestern_Atlantic"
"206","Labridae",8,72,0.111111111111111,"providencia_east","site1","Tropical_Northwestern_Atlantic"
"2112","Lutjanidae",6,72,0.0833333333333333,"providencia_east","site1","Tropical_Northwestern_Atlantic"
"283","Pomacentridae",6,72,0.0833333333333333,"providencia_east","site1","Tropical_Northwestern_Atlantic"
"415","Balistidae",4,72,0.0555555555555556,"providencia_east","site1","Tropical_Northwestern_Atlantic"
"244","Muraenidae",4,72,0.0555555555555556,"providencia_east","site1","Tropical_Northwestern_Atlantic"
"318","Apogonidae",3,72,0.0416666666666667,"providencia_east","site1","Tropical_Northwestern_Atlantic"
"515","Belonidae",3,72,0.0416666666666667,"providencia_east","site1","Tropical_Northwestern_Atlantic"
"615","Carangidae",3,72,0.0416666666666667,"providencia_east","site1","Tropical_Northwestern_Atlantic"
"189","Holocentridae",3,72,0.0416666666666667,"providencia_east","site1","Tropical_Northwestern_Atlantic"
"159","Acanthuridae",2,72,0.0277777777777778,"providencia_east","site1","Tropical_Northwestern_Atlantic"
"1013","Clupeidae",2,72,0.0277777777777778,"providencia_east","site1","Tropical_Northwestern_Atlantic"
"1215","Diodontidae",2,72,0.0277777777777778,"providencia_east","site1","Tropical_Northwestern_Atlantic"
"198","Kyphosidae",2,72,0.0277777777777778,"providencia_east","site1","Tropical_Northwestern_Atlantic"
"236","Mullidae",2,72,0.0277777777777778,"providencia_east","site1","Tropical_Northwestern_Atlantic"
"254","Myctophidae",2,72,0.0277777777777778,"providencia_east","site1","Tropical_Northwestern_Atlantic"
"293","Scaridae",2,72,0.0277777777777778,"providencia_east","site1","Tropical_Northwestern_Atlantic"
"319","Tetraodontidae",2,72,0.0277777777777778,"providencia_east","site1","Tropical_Northwestern_Atlantic"
"322","Urotrygonidae",2,72,0.0277777777777778,"providencia_east","site1","Tropical_Northwestern_Atlantic"
"228","Albulidae",1,72,0.0138888888888889,"providencia_east","site1","Tropical_Northwestern_Atlantic"
"715","Carcharhinidae",1,72,0.0138888888888889,"providencia_east","site1","Tropical_Northwestern_Atlantic"
"814","Chaetodontidae",1,72,0.0138888888888889,"providencia_east","site1","Tropical_Northwestern_Atlantic"
"914","Chlopsidae",1,72,0.0138888888888889,"providencia_east","site1","Tropical_Northwestern_Atlantic"
"1119","Congridae",1,72,0.0138888888888889,"providencia_east","site1","Tropical_Northwestern_Atlantic"
"1312","Engraulidae",1,72,0.0138888888888889,"providencia_east","site1","Tropical_Northwestern_Atlantic"
"1411","Exocoetidae",1,72,0.0138888888888889,"providencia_east","site1","Tropical_Northwestern_Atlantic"
"1510","Ginglymostomatidae",1,72,0.0138888888888889,"providencia_east","site1","Tropical_Northwestern_Atlantic"
"169","Gobiesocidae",1,72,0.0138888888888889,"providencia_east","site1","Tropical_Northwestern_Atlantic"
"179","Gobiidae",1,72,0.0138888888888889,"providencia_east","site1","Tropical_Northwestern_Atlantic"
"229","Monacanthidae",1,72,0.0138888888888889,"providencia_east","site1","Tropical_Northwestern_Atlantic"
"264","Myliobatidae",1,72,0.0138888888888889,"providencia_east","site1","Tropical_Northwestern_Atlantic"
"273","Ophichthidae",1,72,0.0138888888888889,"providencia_east","site1","Tropical_Northwestern_Atlantic"
"302","Serranidae",1,72,0.0138888888888889,"providencia_east","site1","Tropical_Northwestern_Atlantic"
"1810","Labridae",9,77,0.116883116883117,"margarita_south_west","site1","Tropical_Northwestern_Atlantic"
"199","Lutjanidae",7,77,0.0909090909090909,"margarita_south_west","site1","Tropical_Northwestern_Atlantic"
"265","Pomacentridae",6,77,0.0779220779220779,"margarita_south_west","site1","Tropical_Northwestern_Atlantic"
"2210","Muraenidae",4,77,0.051948051948052,"margarita_south_west","site1","Tropical_Northwestern_Atlantic"
"416","Balistidae",3,77,0.038961038961039,"margarita_south_west","site1","Tropical_Northwestern_Atlantic"
"516","Belonidae",3,77,0.038961038961039,"margarita_south_west","site1","Tropical_Northwestern_Atlantic"
"616","Carangidae",3,77,0.038961038961039,"margarita_south_west","site1","Tropical_Northwestern_Atlantic"
"915","Clupeidae",3,77,0.038961038961039,"margarita_south_west","site1","Tropical_Northwestern_Atlantic"
"1710","Kyphosidae",3,77,0.038961038961039,"margarita_south_west","site1","Tropical_Northwestern_Atlantic"
"274","Scaridae",3,77,0.038961038961039,"margarita_south_west","site1","Tropical_Northwestern_Atlantic"
"160","Acanthuridae",2,77,0.025974025974026,"margarita_south_west","site1","Tropical_Northwestern_Atlantic"
"716","Carcharhinidae",2,77,0.025974025974026,"margarita_south_west","site1","Tropical_Northwestern_Atlantic"
"1014","Diodontidae",2,77,0.025974025974026,"margarita_south_west","site1","Tropical_Northwestern_Atlantic"
"1412","Gobiidae",2,77,0.025974025974026,"margarita_south_west","site1","Tropical_Northwestern_Atlantic"
"1511","Hemiramphidae",2,77,0.025974025974026,"margarita_south_west","site1","Tropical_Northwestern_Atlantic"
"1610","Holocentridae",2,77,0.025974025974026,"margarita_south_west","site1","Tropical_Northwestern_Atlantic"
"2113","Mullidae",2,77,0.025974025974026,"margarita_south_west","site1","Tropical_Northwestern_Atlantic"
"284","Scombridae",2,77,0.025974025974026,"margarita_south_west","site1","Tropical_Northwestern_Atlantic"
"294","Serranidae",2,77,0.025974025974026,"margarita_south_west","site1","Tropical_Northwestern_Atlantic"
"323","Tetraodontidae",2,77,0.025974025974026,"margarita_south_west","site1","Tropical_Northwestern_Atlantic"
"230","Albulidae",1,77,0.012987012987013,"margarita_south_west","site1","Tropical_Northwestern_Atlantic"
"320","Apogonidae",1,77,0.012987012987013,"margarita_south_west","site1","Tropical_Northwestern_Atlantic"
"815","Chlopsidae",1,77,0.012987012987013,"margarita_south_west","site1","Tropical_Northwestern_Atlantic"
"1120","Exocoetidae",1,77,0.012987012987013,"margarita_south_west","site1","Tropical_Northwestern_Atlantic"
"1216","Ginglymostomatidae",1,77,0.012987012987013,"margarita_south_west","site1","Tropical_Northwestern_Atlantic"
"1313","Gobiesocidae",1,77,0.012987012987013,"margarita_south_west","site1","Tropical_Northwestern_Atlantic"
"207","Mugilidae",1,77,0.012987012987013,"margarita_south_west","site1","Tropical_Northwestern_Atlantic"
"237","Myliobatidae",1,77,0.012987012987013,"margarita_south_west","site1","Tropical_Northwestern_Atlantic"
"245","Ophichthidae",1,77,0.012987012987013,"margarita_south_west","site1","Tropical_Northwestern_Atlantic"
"255","Pomacanthidae",1,77,0.012987012987013,"margarita_south_west","site1","Tropical_Northwestern_Atlantic"
"303","Sphyraenidae",1,77,0.012987012987013,"margarita_south_west","site1","Tropical_Northwestern_Atlantic"
"3110","Syngnathidae",1,77,0.012987012987013,"margarita_south_west","site1","Tropical_Northwestern_Atlantic"
"332","Urotrygonidae",1,77,0.012987012987013,"margarita_south_west","site1","Tropical_Northwestern_Atlantic"
"1910","Labridae",8,74,0.108108108108108,"catalina_north","site1","Tropical_Northwestern_Atlantic"
"275","Pomacentridae",7,74,0.0945945945945946,"catalina_north","site1","Tropical_Northwestern_Atlantic"
"208","Lutjanidae",6,74,0.0810810810810811,"catalina_north","site1","Tropical_Northwestern_Atlantic"
"238","Muraenidae",5,74,0.0675675675675676,"catalina_north","site1","Tropical_Northwestern_Atlantic"
"517","Balistidae",3,74,0.0405405405405405,"catalina_north","site1","Tropical_Northwestern_Atlantic"
"617","Belonidae",3,74,0.0405405405405405,"catalina_north","site1","Tropical_Northwestern_Atlantic"
"1611","Hemiramphidae",3,74,0.0405405405405405,"catalina_north","site1","Tropical_Northwestern_Atlantic"
"1811","Kyphosidae",3,74,0.0405405405405405,"catalina_north","site1","Tropical_Northwestern_Atlantic"
"285","Scaridae",3,74,0.0405405405405405,"catalina_north","site1","Tropical_Northwestern_Atlantic"
"170","Acanthuridae",2,74,0.027027027027027,"catalina_north","site1","Tropical_Northwestern_Atlantic"
"324","Apogonidae",2,74,0.027027027027027,"catalina_north","site1","Tropical_Northwestern_Atlantic"
"717","Carangidae",2,74,0.027027027027027,"catalina_north","site1","Tropical_Northwestern_Atlantic"
"1015","Clupeidae",2,74,0.027027027027027,"catalina_north","site1","Tropical_Northwestern_Atlantic"
"1121","Diodontidae",2,74,0.027027027027027,"catalina_north","site1","Tropical_Northwestern_Atlantic"
"1512","Gobiidae",2,74,0.027027027027027,"catalina_north","site1","Tropical_Northwestern_Atlantic"
"1711","Holocentridae",2,74,0.027027027027027,"catalina_north","site1","Tropical_Northwestern_Atlantic"
"2211","Mullidae",2,74,0.027027027027027,"catalina_north","site1","Tropical_Northwestern_Atlantic"
"246","Myctophidae",2,74,0.027027027027027,"catalina_north","site1","Tropical_Northwestern_Atlantic"
"295","Serranidae",2,74,0.027027027027027,"catalina_north","site1","Tropical_Northwestern_Atlantic"
"239","Albulidae",1,74,0.0135135135135135,"catalina_north","site1","Tropical_Northwestern_Atlantic"
"417","Aulostomidae",1,74,0.0135135135135135,"catalina_north","site1","Tropical_Northwestern_Atlantic"
"816","Carcharhinidae",1,74,0.0135135135135135,"catalina_north","site1","Tropical_Northwestern_Atlantic"
"916","Chaetodontidae",1,74,0.0135135135135135,"catalina_north","site1","Tropical_Northwestern_Atlantic"
"1217","Elopidae",1,74,0.0135135135135135,"catalina_north","site1","Tropical_Northwestern_Atlantic"
"1314","Fistulariidae",1,74,0.0135135135135135,"catalina_north","site1","Tropical_Northwestern_Atlantic"
"1413","Ginglymostomatidae",1,74,0.0135135135135135,"catalina_north","site1","Tropical_Northwestern_Atlantic"
"2114","Monacanthidae",1,74,0.0135135135135135,"catalina_north","site1","Tropical_Northwestern_Atlantic"
"256","Myliobatidae",1,74,0.0135135135135135,"catalina_north","site1","Tropical_Northwestern_Atlantic"
"266","Pomacanthidae",1,74,0.0135135135135135,"catalina_north","site1","Tropical_Northwestern_Atlantic"
"304","Sphyraenidae",1,74,0.0135135135135135,"catalina_north","site1","Tropical_Northwestern_Atlantic"
"3111","Tetraodontidae",1,74,0.0135135135135135,"catalina_north","site1","Tropical_Northwestern_Atlantic"
"325","Urotrygonidae",1,74,0.0135135135135135,"catalina_north","site1","Tropical_Northwestern_Atlantic"
"1712","Labridae",6,57,0.105263157894737,"patch2","site1","Tropical_Northwestern_Atlantic"
"2310","Pomacentridae",6,57,0.105263157894737,"patch2","site1","Tropical_Northwestern_Atlantic"
"326","Apogonidae",4,57,0.0701754385964912,"patch2","site1","Tropical_Northwestern_Atlantic"
"1513","Holocentridae",4,57,0.0701754385964912,"patch2","site1","Tropical_Northwestern_Atlantic"
"1812","Lutjanidae",4,57,0.0701754385964912,"patch2","site1","Tropical_Northwestern_Atlantic"
"618","Carcharhinidae",3,57,0.0526315789473684,"patch2","site1","Tropical_Northwestern_Atlantic"
"180","Acanthuridae",2,57,0.0350877192982456,"patch2","site1","Tropical_Northwestern_Atlantic"
"418","Belonidae",2,57,0.0350877192982456,"patch2","site1","Tropical_Northwestern_Atlantic"
"817","Chlopsidae",2,57,0.0350877192982456,"patch2","site1","Tropical_Northwestern_Atlantic"
"1016","Diodontidae",2,57,0.0350877192982456,"patch2","site1","Tropical_Northwestern_Atlantic"
"1315","Gobiidae",2,57,0.0350877192982456,"patch2","site1","Tropical_Northwestern_Atlantic"
"1612","Kyphosidae",2,57,0.0350877192982456,"patch2","site1","Tropical_Northwestern_Atlantic"
"209","Mullidae",2,57,0.0350877192982456,"patch2","site1","Tropical_Northwestern_Atlantic"
"247","Scaridae",2,57,0.0350877192982456,"patch2","site1","Tropical_Northwestern_Atlantic"
"240","Albulidae",1,57,0.0175438596491228,"patch2","site1","Tropical_Northwestern_Atlantic"
"518","Carangidae",1,57,0.0175438596491228,"patch2","site1","Tropical_Northwestern_Atlantic"
"718","Chaetodontidae",1,57,0.0175438596491228,"patch2","site1","Tropical_Northwestern_Atlantic"
"917","Clupeidae",1,57,0.0175438596491228,"patch2","site1","Tropical_Northwestern_Atlantic"
"1122","Gempylidae",1,57,0.0175438596491228,"patch2","site1","Tropical_Northwestern_Atlantic"
"1218","Ginglymostomatidae",1,57,0.0175438596491228,"patch2","site1","Tropical_Northwestern_Atlantic"
"1414","Hemiramphidae",1,57,0.0175438596491228,"patch2","site1","Tropical_Northwestern_Atlantic"
"1911","Mugilidae",1,57,0.0175438596491228,"patch2","site1","Tropical_Northwestern_Atlantic"
"2115","Muraenidae",1,57,0.0175438596491228,"patch2","site1","Tropical_Northwestern_Atlantic"
"2212","Pomacanthidae",1,57,0.0175438596491228,"patch2","site1","Tropical_Northwestern_Atlantic"
"257","Sciaenidae",1,57,0.0175438596491228,"patch2","site1","Tropical_Northwestern_Atlantic"
"267","Serranidae",1,57,0.0175438596491228,"patch2","site1","Tropical_Northwestern_Atlantic"
"276","Tetraodontidae",1,57,0.0175438596491228,"patch2","site1","Tropical_Northwestern_Atlantic"
"286","Urotrygonidae",1,57,0.0175438596491228,"patch2","site1","Tropical_Northwestern_Atlantic"
"2213","Lutjanidae",7,87,0.0804597701149425,"providencia_west","site1","Tropical_Northwestern_Atlantic"
"2116","Labridae",6,87,0.0689655172413793,"providencia_west","site1","Tropical_Northwestern_Atlantic"
"327","Apogonidae",5,87,0.0574712643678161,"providencia_west","site1","Tropical_Northwestern_Atlantic"
"287","Muraenidae",5,87,0.0574712643678161,"providencia_west","site1","Tropical_Northwestern_Atlantic"
"333","Pomacentridae",5,87,0.0574712643678161,"providencia_west","site1","Tropical_Northwestern_Atlantic"
"719","Carangidae",4,87,0.0459770114942529,"providencia_west","site1","Tropical_Northwestern_Atlantic"
"619","Belonidae",3,87,0.0344827586206897,"providencia_west","site1","Tropical_Northwestern_Atlantic"
"818","Carcharhinidae",3,87,0.0344827586206897,"providencia_west","site1","Tropical_Northwestern_Atlantic"
"1123","Clupeidae",3,87,0.0344827586206897,"providencia_west","site1","Tropical_Northwestern_Atlantic"
"352","Scaridae",3,87,0.0344827586206897,"providencia_west","site1","Tropical_Northwestern_Atlantic"
"381","Serranidae",3,87,0.0344827586206897,"providencia_west","site1","Tropical_Northwestern_Atlantic"
"190","Acanthuridae",2,87,0.0229885057471264,"providencia_west","site1","Tropical_Northwestern_Atlantic"
"519","Balistidae",2,87,0.0229885057471264,"providencia_west","site1","Tropical_Northwestern_Atlantic"
"1219","Diodontidae",2,87,0.0229885057471264,"providencia_west","site1","Tropical_Northwestern_Atlantic"
"1713","Gobiidae",2,87,0.0229885057471264,"providencia_west","site1","Tropical_Northwestern_Atlantic"
"2010","Kyphosidae",2,87,0.0229885057471264,"providencia_west","site1","Tropical_Northwestern_Atlantic"
"248","Monacanthidae",2,87,0.0229885057471264,"providencia_west","site1","Tropical_Northwestern_Atlantic"
"268","Mugilidae",2,87,0.0229885057471264,"providencia_west","site1","Tropical_Northwestern_Atlantic"
"277","Mullidae",2,87,0.0229885057471264,"providencia_west","site1","Tropical_Northwestern_Atlantic"
"419","Tetraodontidae",2,87,0.0229885057471264,"providencia_west","site1","Tropical_Northwestern_Atlantic"
"249","Albulidae",1,87,0.0114942528735632,"providencia_west","site1","Tropical_Northwestern_Atlantic"
"420","Aulostomidae",1,87,0.0114942528735632,"providencia_west","site1","Tropical_Northwestern_Atlantic"
"918","Chaetodontidae",1,87,0.0114942528735632,"providencia_west","site1","Tropical_Northwestern_Atlantic"
"1017","Chlopsidae",1,87,0.0114942528735632,"providencia_west","site1","Tropical_Northwestern_Atlantic"
"1316","Eleotridae",1,87,0.0114942528735632,"providencia_west","site1","Tropical_Northwestern_Atlantic"
"1415","Engraulidae",1,87,0.0114942528735632,"providencia_west","site1","Tropical_Northwestern_Atlantic"
"1514","Fistulariidae",1,87,0.0114942528735632,"providencia_west","site1","Tropical_Northwestern_Atlantic"
"1613","Ginglymostomatidae",1,87,0.0114942528735632,"providencia_west","site1","Tropical_Northwestern_Atlantic"
"1813","Hemiramphidae",1,87,0.0114942528735632,"providencia_west","site1","Tropical_Northwestern_Atlantic"
"1912","Holocentridae",1,87,0.0114942528735632,"providencia_west","site1","Tropical_Northwestern_Atlantic"
"2311","Megalopidae",1,87,0.0114942528735632,"providencia_west","site1","Tropical_Northwestern_Atlantic"
"258","Moringuidae",1,87,0.0114942528735632,"providencia_west","site1","Tropical_Northwestern_Atlantic"
"296","Myliobatidae",1,87,0.0114942528735632,"providencia_west","site1","Tropical_Northwestern_Atlantic"
"305","Narcinidae",1,87,0.0114942528735632,"providencia_west","site1","Tropical_Northwestern_Atlantic"
"3112","Ophichthidae",1,87,0.0114942528735632,"providencia_west","site1","Tropical_Northwestern_Atlantic"
"328","Pomacanthidae",1,87,0.0114942528735632,"providencia_west","site1","Tropical_Northwestern_Atlantic"
"342","Rachycentridae",1,87,0.0114942528735632,"providencia_west","site1","Tropical_Northwestern_Atlantic"
"362","Sciaenidae",1,87,0.0114942528735632,"providencia_west","site1","Tropical_Northwestern_Atlantic"
"371","Scombridae",1,87,0.0114942528735632,"providencia_west","site1","Tropical_Northwestern_Atlantic"
"391","Sphyraenidae",1,87,0.0114942528735632,"providencia_west","site1","Tropical_Northwestern_Atlantic"
"40","Syngnathidae",1,87,0.0114942528735632,"providencia_west","site1","Tropical_Northwestern_Atlantic"
"421","Urotrygonidae",1,87,0.0114942528735632,"providencia_west","site1","Tropical_Northwestern_Atlantic"
"2011","Labridae",7,72,0.0972222222222222,"providencia_north_west","site1","Tropical_Northwestern_Atlantic"
"2117","Lutjanidae",7,72,0.0972222222222222,"providencia_north_west","site1","Tropical_Northwestern_Atlantic"
"278","Pomacentridae",7,72,0.0972222222222222,"providencia_north_west","site1","Tropical_Northwestern_Atlantic"
"329","Apogonidae",4,72,0.0555555555555556,"providencia_north_west","site1","Tropical_Northwestern_Atlantic"
"259","Muraenidae",4,72,0.0555555555555556,"providencia_north_west","site1","Tropical_Northwestern_Atlantic"
"620","Belonidae",3,72,0.0416666666666667,"providencia_north_west","site1","Tropical_Northwestern_Atlantic"
"1124","Clupeidae",3,72,0.0416666666666667,"providencia_north_west","site1","Tropical_Northwestern_Atlantic"
"1913","Kyphosidae",3,72,0.0416666666666667,"providencia_north_west","site1","Tropical_Northwestern_Atlantic"
"288","Scaridae",3,72,0.0416666666666667,"providencia_north_west","site1","Tropical_Northwestern_Atlantic"
"1100","Acanthuridae",2,72,0.0277777777777778,"providencia_north_west","site1","Tropical_Northwestern_Atlantic"
"720","Carangidae",2,72,0.0277777777777778,"providencia_north_west","site1","Tropical_Northwestern_Atlantic"
"819","Carcharhinidae",2,72,0.0277777777777778,"providencia_north_west","site1","Tropical_Northwestern_Atlantic"
"1220","Diodontidae",2,72,0.0277777777777778,"providencia_north_west","site1","Tropical_Northwestern_Atlantic"
"2410","Mullidae",2,72,0.0277777777777778,"providencia_north_west","site1","Tropical_Northwestern_Atlantic"
"297","Serranidae",2,72,0.0277777777777778,"providencia_north_west","site1","Tropical_Northwestern_Atlantic"
"3210","Tetraodontidae",2,72,0.0277777777777778,"providencia_north_west","site1","Tropical_Northwestern_Atlantic"
"250","Albulidae",1,72,0.0138888888888889,"providencia_north_west","site1","Tropical_Northwestern_Atlantic"
"422","Aulostomidae",1,72,0.0138888888888889,"providencia_north_west","site1","Tropical_Northwestern_Atlantic"
"520","Balistidae",1,72,0.0138888888888889,"providencia_north_west","site1","Tropical_Northwestern_Atlantic"
"919","Chaetodontidae",1,72,0.0138888888888889,"providencia_north_west","site1","Tropical_Northwestern_Atlantic"
"1018","Chlopsidae",1,72,0.0138888888888889,"providencia_north_west","site1","Tropical_Northwestern_Atlantic"
"1317","Fistulariidae",1,72,0.0138888888888889,"providencia_north_west","site1","Tropical_Northwestern_Atlantic"
"1416","Ginglymostomatidae",1,72,0.0138888888888889,"providencia_north_west","site1","Tropical_Northwestern_Atlantic"
"1515","Gobiesocidae",1,72,0.0138888888888889,"providencia_north_west","site1","Tropical_Northwestern_Atlantic"
"1614","Gobiidae",1,72,0.0138888888888889,"providencia_north_west","site1","Tropical_Northwestern_Atlantic"
"1714","Hemiramphidae",1,72,0.0138888888888889,"providencia_north_west","site1","Tropical_Northwestern_Atlantic"
"1814","Holocentridae",1,72,0.0138888888888889,"providencia_north_west","site1","Tropical_Northwestern_Atlantic"
"2214","Megalopidae",1,72,0.0138888888888889,"providencia_north_west","site1","Tropical_Northwestern_Atlantic"
"2312","Mugilidae",1,72,0.0138888888888889,"providencia_north_west","site1","Tropical_Northwestern_Atlantic"
"269","Myliobatidae",1,72,0.0138888888888889,"providencia_north_west","site1","Tropical_Northwestern_Atlantic"
"306","Sphyraenidae",1,72,0.0138888888888889,"providencia_north_west","site1","Tropical_Northwestern_Atlantic"
"3113","Syngnathidae",1,72,0.0138888888888889,"providencia_north_west","site1","Tropical_Northwestern_Atlantic"
"334","Urotrygonidae",1,72,0.0138888888888889,"providencia_north_west","site1","Tropical_Northwestern_Atlantic"
"1715","Labridae",8,71,0.112676056338028,"providencia_north","site1","Tropical_Northwestern_Atlantic"
"2610","Pomacentridae",7,71,0.0985915492957746,"providencia_north","site1","Tropical_Northwestern_Atlantic"
"1815","Lutjanidae",6,71,0.0845070422535211,"providencia_north","site1","Tropical_Northwestern_Atlantic"
"330","Apogonidae",3,71,0.0422535211267606,"providencia_north","site1","Tropical_Northwestern_Atlantic"
"621","Belonidae",3,71,0.0422535211267606,"providencia_north","site1","Tropical_Northwestern_Atlantic"
"1318","Gobiidae",3,71,0.0422535211267606,"providencia_north","site1","Tropical_Northwestern_Atlantic"
"1615","Kyphosidae",3,71,0.0422535211267606,"providencia_north","site1","Tropical_Northwestern_Atlantic"
"279","Scaridae",3,71,0.0422535211267606,"providencia_north","site1","Tropical_Northwestern_Atlantic"
"1101","Acanthuridae",2,71,0.028169014084507,"providencia_north","site1","Tropical_Northwestern_Atlantic"
"521","Balistidae",2,71,0.028169014084507,"providencia_north","site1","Tropical_Northwestern_Atlantic"
"721","Carangidae",2,71,0.028169014084507,"providencia_north","site1","Tropical_Northwestern_Atlantic"
"820","Carcharhinidae",2,71,0.028169014084507,"providencia_north","site1","Tropical_Northwestern_Atlantic"
"920","Clupeidae",2,71,0.028169014084507,"providencia_north","site1","Tropical_Northwestern_Atlantic"
"1019","Diodontidae",2,71,0.028169014084507,"providencia_north","site1","Tropical_Northwestern_Atlantic"
"1417","Hemiramphidae",2,71,0.028169014084507,"providencia_north","site1","Tropical_Northwestern_Atlantic"
"1516","Holocentridae",2,71,0.028169014084507,"providencia_north","site1","Tropical_Northwestern_Atlantic"
"2118","Muraenidae",2,71,0.028169014084507,"providencia_north","site1","Tropical_Northwestern_Atlantic"
"3114","Tetraodontidae",2,71,0.028169014084507,"providencia_north","site1","Tropical_Northwestern_Atlantic"
"260","Albulidae",1,71,0.0140845070422535,"providencia_north","site1","Tropical_Northwestern_Atlantic"
"423","Aulostomidae",1,71,0.0140845070422535,"providencia_north","site1","Tropical_Northwestern_Atlantic"
"1125","Ginglymostomatidae",1,71,0.0140845070422535,"providencia_north","site1","Tropical_Northwestern_Atlantic"
"1221","Gobiesocidae",1,71,0.0140845070422535,"providencia_north","site1","Tropical_Northwestern_Atlantic"
"1914","Moringuidae",1,71,0.0140845070422535,"providencia_north","site1","Tropical_Northwestern_Atlantic"
"2012","Mullidae",1,71,0.0140845070422535,"providencia_north","site1","Tropical_Northwestern_Atlantic"
"2215","Myctophidae",1,71,0.0140845070422535,"providencia_north","site1","Tropical_Northwestern_Atlantic"
"2313","Myliobatidae",1,71,0.0140845070422535,"providencia_north","site1","Tropical_Northwestern_Atlantic"
"2411","Poeciliidae",1,71,0.0140845070422535,"providencia_north","site1","Tropical_Northwestern_Atlantic"
"2510","Pomacanthidae",1,71,0.0140845070422535,"providencia_north","site1","Tropical_Northwestern_Atlantic"
"289","Scombridae",1,71,0.0140845070422535,"providencia_north","site1","Tropical_Northwestern_Atlantic"
"298","Serranidae",1,71,0.0140845070422535,"providencia_north","site1","Tropical_Northwestern_Atlantic"
"307","Sphyraenidae",1,71,0.0140845070422535,"providencia_north","site1","Tropical_Northwestern_Atlantic"
"3211","Urotrygonidae",1,71,0.0140845070422535,"providencia_north","site1","Tropical_Northwestern_Atlantic"
"335","Xenocyprididae",1,71,0.0140845070422535,"providencia_north","site1","Tropical_Northwestern_Atlantic"
"343","Pomacentridae",10,94,0.106382978723404,"providencia_south_east","site1","Tropical_Northwestern_Atlantic"
"2314","Labridae",8,94,0.0851063829787234,"providencia_south_east","site1","Tropical_Northwestern_Atlantic"
"2412","Lutjanidae",7,94,0.074468085106383,"providencia_south_east","site1","Tropical_Northwestern_Atlantic"
"336","Apogonidae",4,94,0.0425531914893617,"providencia_south_east","site1","Tropical_Northwestern_Atlantic"
"2810","Muraenidae",4,94,0.0425531914893617,"providencia_south_east","site1","Tropical_Northwestern_Atlantic"
"622","Belonidae",3,94,0.0319148936170213,"providencia_south_east","site1","Tropical_Northwestern_Atlantic"
"722","Carangidae",3,94,0.0319148936170213,"providencia_south_east","site1","Tropical_Northwestern_Atlantic"
"1915","Gobiidae",3,94,0.0319148936170213,"providencia_south_east","site1","Tropical_Northwestern_Atlantic"
"2119","Holocentridae",3,94,0.0319148936170213,"providencia_south_east","site1","Tropical_Northwestern_Atlantic"
"2216","Kyphosidae",3,94,0.0319148936170213,"providencia_south_east","site1","Tropical_Northwestern_Atlantic"
"299","Myctophidae",3,94,0.0319148936170213,"providencia_south_east","site1","Tropical_Northwestern_Atlantic"
"353","Scaridae",3,94,0.0319148936170213,"providencia_south_east","site1","Tropical_Northwestern_Atlantic"
"1102","Acanthuridae",2,94,0.0212765957446809,"providencia_south_east","site1","Tropical_Northwestern_Atlantic"
"522","Balistidae",2,94,0.0212765957446809,"providencia_south_east","site1","Tropical_Northwestern_Atlantic"
"1020","Chlopsidae",2,94,0.0212765957446809,"providencia_south_east","site1","Tropical_Northwestern_Atlantic"
"1126","Clupeidae",2,94,0.0212765957446809,"providencia_south_east","site1","Tropical_Northwestern_Atlantic"
"1319","Diodontidae",2,94,0.0212765957446809,"providencia_south_east","site1","Tropical_Northwestern_Atlantic"
"2710","Mullidae",2,94,0.0212765957446809,"providencia_south_east","site1","Tropical_Northwestern_Atlantic"
"3212","Ophichthidae",2,94,0.0212765957446809,"providencia_south_east","site1","Tropical_Northwestern_Atlantic"
"337","Pomacanthidae",2,94,0.0212765957446809,"providencia_south_east","site1","Tropical_Northwestern_Atlantic"
"372","Serranidae",2,94,0.0212765957446809,"providencia_south_east","site1","Tropical_Northwestern_Atlantic"
"401","Tetraodontidae",2,94,0.0212765957446809,"providencia_south_east","site1","Tropical_Northwestern_Atlantic"
"4110","Urotrygonidae",2,94,0.0212765957446809,"providencia_south_east","site1","Tropical_Northwestern_Atlantic"
"270","Albulidae",1,94,0.0106382978723404,"providencia_south_east","site1","Tropical_Northwestern_Atlantic"
"424","Aulostomidae",1,94,0.0106382978723404,"providencia_south_east","site1","Tropical_Northwestern_Atlantic"
"821","Carcharhinidae",1,94,0.0106382978723404,"providencia_south_east","site1","Tropical_Northwestern_Atlantic"
"921","Chaetodontidae",1,94,0.0106382978723404,"providencia_south_east","site1","Tropical_Northwestern_Atlantic"
"1222","Congridae",1,94,0.0106382978723404,"providencia_south_east","site1","Tropical_Northwestern_Atlantic"
"1418","Elopidae",1,94,0.0106382978723404,"providencia_south_east","site1","Tropical_Northwestern_Atlantic"
"1517","Exocoetidae",1,94,0.0106382978723404,"providencia_south_east","site1","Tropical_Northwestern_Atlantic"
"1616","Fistulariidae",1,94,0.0106382978723404,"providencia_south_east","site1","Tropical_Northwestern_Atlantic"
"1716","Ginglymostomatidae",1,94,0.0106382978723404,"providencia_south_east","site1","Tropical_Northwestern_Atlantic"
"1816","Gobiesocidae",1,94,0.0106382978723404,"providencia_south_east","site1","Tropical_Northwestern_Atlantic"
"2013","Hemiramphidae",1,94,0.0106382978723404,"providencia_south_east","site1","Tropical_Northwestern_Atlantic"
"2511","Monacanthidae",1,94,0.0106382978723404,"providencia_south_east","site1","Tropical_Northwestern_Atlantic"
"2611","Moringuidae",1,94,0.0106382978723404,"providencia_south_east","site1","Tropical_Northwestern_Atlantic"
"308","Myliobatidae",1,94,0.0106382978723404,"providencia_south_east","site1","Tropical_Northwestern_Atlantic"
"3115","Narcinidae",1,94,0.0106382978723404,"providencia_south_east","site1","Tropical_Northwestern_Atlantic"
"363","Scombridae",1,94,0.0106382978723404,"providencia_south_east","site1","Tropical_Northwestern_Atlantic"
"382","Sphyraenidae",1,94,0.0106382978723404,"providencia_south_east","site1","Tropical_Northwestern_Atlantic"
"392","Syngnathidae",1,94,0.0106382978723404,"providencia_south_east","site1","Tropical_Northwestern_Atlantic"
"1617","Labridae",10,78,0.128205128205128,"tayrona_saturation_1","site9","Tropical_Northwestern_Atlantic"
"523","Carangidae",7,78,0.0897435897435897,"tayrona_saturation_1","site9","Tropical_Northwestern_Atlantic"
"723","Clupeidae",6,78,0.0769230769230769,"tayrona_saturation_1","site9","Tropical_Northwestern_Atlantic"
"2217","Pomacentridae",6,78,0.0769230769230769,"tayrona_saturation_1","site9","Tropical_Northwestern_Atlantic"
"1717","Lutjanidae",5,78,0.0641025641025641,"tayrona_saturation_1","site9","Tropical_Northwestern_Atlantic"
"2120","Muraenidae",5,78,0.0641025641025641,"tayrona_saturation_1","site9","Tropical_Northwestern_Atlantic"
"425","Belonidae",3,78,0.0384615384615385,"tayrona_saturation_1","site9","Tropical_Northwestern_Atlantic"
"1127","Gobiidae",3,78,0.0384615384615385,"tayrona_saturation_1","site9","Tropical_Northwestern_Atlantic"
"1419","Holocentridae",3,78,0.0384615384615385,"tayrona_saturation_1","site9","Tropical_Northwestern_Atlantic"
"1817","Monacanthidae",3,78,0.0384615384615385,"tayrona_saturation_1","site9","Tropical_Northwestern_Atlantic"
"1916","Mugilidae",3,78,0.0384615384615385,"tayrona_saturation_1","site9","Tropical_Northwestern_Atlantic"
"1103","Acanthuridae",2,78,0.0256410256410256,"tayrona_saturation_1","site9","Tropical_Northwestern_Atlantic"
"280","Apogonidae",2,78,0.0256410256410256,"tayrona_saturation_1","site9","Tropical_Northwestern_Atlantic"
"822","Diodontidae",2,78,0.0256410256410256,"tayrona_saturation_1","site9","Tropical_Northwestern_Atlantic"
"1518","Kyphosidae",2,78,0.0256410256410256,"tayrona_saturation_1","site9","Tropical_Northwestern_Atlantic"
"2014","Mullidae",2,78,0.0256410256410256,"tayrona_saturation_1","site9","Tropical_Northwestern_Atlantic"
"2315","Scaridae",2,78,0.0256410256410256,"tayrona_saturation_1","site9","Tropical_Northwestern_Atlantic"
"2612","Sparidae",2,78,0.0256410256410256,"tayrona_saturation_1","site9","Tropical_Northwestern_Atlantic"
"338","Aulostomidae",1,78,0.0128205128205128,"tayrona_saturation_1","site9","Tropical_Northwestern_Atlantic"
"623","Chaetodontidae",1,78,0.0128205128205128,"tayrona_saturation_1","site9","Tropical_Northwestern_Atlantic"
"922","Elopidae",1,78,0.0128205128205128,"tayrona_saturation_1","site9","Tropical_Northwestern_Atlantic"
"1021","Fistulariidae",1,78,0.0128205128205128,"tayrona_saturation_1","site9","Tropical_Northwestern_Atlantic"
"1223","Haemulidae",1,78,0.0128205128205128,"tayrona_saturation_1","site9","Tropical_Northwestern_Atlantic"
"1320","Hemiramphidae",1,78,0.0128205128205128,"tayrona_saturation_1","site9","Tropical_Northwestern_Atlantic"
"2413","Sciaenidae",1,78,0.0128205128205128,"tayrona_saturation_1","site9","Tropical_Northwestern_Atlantic"
"2512","Serranidae",1,78,0.0128205128205128,"tayrona_saturation_1","site9","Tropical_Northwestern_Atlantic"
"2711","Sphyraenidae",1,78,0.0128205128205128,"tayrona_saturation_1","site9","Tropical_Northwestern_Atlantic"
"2811","Tetraodontidae",1,78,0.0128205128205128,"tayrona_saturation_1","site9","Tropical_Northwestern_Atlantic"
"1917","Labridae",11,74,0.148648648648649,"tayrona_camera_2","site9","Tropical_Northwestern_Atlantic"
"2712","Pomacentridae",7,74,0.0945945945945946,"tayrona_camera_2","site9","Tropical_Northwestern_Atlantic"
"823","Clupeidae",4,74,0.0540540540540541,"tayrona_camera_2","site9","Tropical_Northwestern_Atlantic"
"1718","Holocentridae",4,74,0.0540540540540541,"tayrona_camera_2","site9","Tropical_Northwestern_Atlantic"
"2414","Muraenidae",4,74,0.0540540540540541,"tayrona_camera_2","site9","Tropical_Northwestern_Atlantic"
"1818","Kyphosidae",3,74,0.0405405405405405,"tayrona_camera_2","site9","Tropical_Northwestern_Atlantic"
"2015","Lutjanidae",3,74,0.0405405405405405,"tayrona_camera_2","site9","Tropical_Northwestern_Atlantic"
"2812","Scaridae",3,74,0.0405405405405405,"tayrona_camera_2","site9","Tropical_Northwestern_Atlantic"
"1104","Acanthuridae",2,74,0.027027027027027,"tayrona_camera_2","site9","Tropical_Northwestern_Atlantic"
"290","Apogonidae",2,74,0.027027027027027,"tayrona_camera_2","site9","Tropical_Northwestern_Atlantic"
"524","Belonidae",2,74,0.027027027027027,"tayrona_camera_2","site9","Tropical_Northwestern_Atlantic"
"624","Carangidae",2,74,0.027027027027027,"tayrona_camera_2","site9","Tropical_Northwestern_Atlantic"
"1420","Gobiidae",2,74,0.027027027027027,"tayrona_camera_2","site9","Tropical_Northwestern_Atlantic"
"2121","Monacanthidae",2,74,0.027027027027027,"tayrona_camera_2","site9","Tropical_Northwestern_Atlantic"
"2218","Mugilidae",2,74,0.027027027027027,"tayrona_camera_2","site9","Tropical_Northwestern_Atlantic"
"2316","Mullidae",2,74,0.027027027027027,"tayrona_camera_2","site9","Tropical_Northwestern_Atlantic"
"2910","Sciaenidae",2,74,0.027027027027027,"tayrona_camera_2","site9","Tropical_Northwestern_Atlantic"
"339","Tetraodontidae",2,74,0.027027027027027,"tayrona_camera_2","site9","Tropical_Northwestern_Atlantic"
"340","Atherinidae",1,74,0.0135135135135135,"tayrona_camera_2","site9","Tropical_Northwestern_Atlantic"
"426","Aulostomidae",1,74,0.0135135135135135,"tayrona_camera_2","site9","Tropical_Northwestern_Atlantic"
"724","Chaetodontidae",1,74,0.0135135135135135,"tayrona_camera_2","site9","Tropical_Northwestern_Atlantic"
"923","Diodontidae",1,74,0.0135135135135135,"tayrona_camera_2","site9","Tropical_Northwestern_Atlantic"
"1022","Elopidae",1,74,0.0135135135135135,"tayrona_camera_2","site9","Tropical_Northwestern_Atlantic"
"1128","Engraulidae",1,74,0.0135135135135135,"tayrona_camera_2","site9","Tropical_Northwestern_Atlantic"
"1224","Exocoetidae",1,74,0.0135135135135135,"tayrona_camera_2","site9","Tropical_Northwestern_Atlantic"
"1321","Fistulariidae",1,74,0.0135135135135135,"tayrona_camera_2","site9","Tropical_Northwestern_Atlantic"
"1519","Haemulidae",1,74,0.0135135135135135,"tayrona_camera_2","site9","Tropical_Northwestern_Atlantic"
"1618","Hemiramphidae",1,74,0.0135135135135135,"tayrona_camera_2","site9","Tropical_Northwestern_Atlantic"
"2513","Myctophidae",1,74,0.0135135135135135,"tayrona_camera_2","site9","Tropical_Northwestern_Atlantic"
"2613","Pomacanthidae",1,74,0.0135135135135135,"tayrona_camera_2","site9","Tropical_Northwestern_Atlantic"
"309","Serranidae",1,74,0.0135135135135135,"tayrona_camera_2","site9","Tropical_Northwestern_Atlantic"
"3116","Sparidae",1,74,0.0135135135135135,"tayrona_camera_2","site9","Tropical_Northwestern_Atlantic"
"3213","Sphyraenidae",1,74,0.0135135135135135,"tayrona_camera_2","site9","Tropical_Northwestern_Atlantic"
"2016","Labridae",10,89,0.112359550561798,"tayrona_camera_1","site9","Tropical_Northwestern_Atlantic"
"2713","Pomacentridae",8,89,0.0898876404494382,"tayrona_camera_1","site9","Tropical_Northwestern_Atlantic"
"924","Clupeidae",5,89,0.0561797752808989,"tayrona_camera_1","site9","Tropical_Northwestern_Atlantic"
"2415","Muraenidae",5,89,0.0561797752808989,"tayrona_camera_1","site9","Tropical_Northwestern_Atlantic"
"625","Carangidae",4,89,0.0449438202247191,"tayrona_camera_1","site9","Tropical_Northwestern_Atlantic"
"1421","Gobiidae",4,89,0.0449438202247191,"tayrona_camera_1","site9","Tropical_Northwestern_Atlantic"
"427","Belonidae",3,89,0.0337078651685393,"tayrona_camera_1","site9","Tropical_Northwestern_Atlantic"
"1719","Holocentridae",3,89,0.0337078651685393,"tayrona_camera_1","site9","Tropical_Northwestern_Atlantic"
"1918","Kyphosidae",3,89,0.0337078651685393,"tayrona_camera_1","site9","Tropical_Northwestern_Atlantic"
"2122","Lutjanidae",3,89,0.0337078651685393,"tayrona_camera_1","site9","Tropical_Northwestern_Atlantic"
"2219","Monacanthidae",3,89,0.0337078651685393,"tayrona_camera_1","site9","Tropical_Northwestern_Atlantic"
"2813","Scaridae",3,89,0.0337078651685393,"tayrona_camera_1","site9","Tropical_Northwestern_Atlantic"
"2911","Sciaenidae",3,89,0.0337078651685393,"tayrona_camera_1","site9","Tropical_Northwestern_Atlantic"
"3010","Scombridae",3,89,0.0337078651685393,"tayrona_camera_1","site9","Tropical_Northwestern_Atlantic"
"1105","Acanthuridae",2,89,0.0224719101123595,"tayrona_camera_1","site9","Tropical_Northwestern_Atlantic"
"2100","Apogonidae",2,89,0.0224719101123595,"tayrona_camera_1","site9","Tropical_Northwestern_Atlantic"
"1023","Diodontidae",2,89,0.0224719101123595,"tayrona_camera_1","site9","Tropical_Northwestern_Atlantic"
"1322","Exocoetidae",2,89,0.0224719101123595,"tayrona_camera_1","site9","Tropical_Northwestern_Atlantic"
"1520","Haemulidae",2,89,0.0224719101123595,"tayrona_camera_1","site9","Tropical_Northwestern_Atlantic"
"2317","Mullidae",2,89,0.0224719101123595,"tayrona_camera_1","site9","Tropical_Northwestern_Atlantic"
"3214","Serranidae",2,89,0.0224719101123595,"tayrona_camera_1","site9","Tropical_Northwestern_Atlantic"
"354","Tetraodontidae",2,89,0.0224719101123595,"tayrona_camera_1","site9","Tropical_Northwestern_Atlantic"
"344","Aulostomidae",1,89,0.0112359550561798,"tayrona_camera_1","site9","Tropical_Northwestern_Atlantic"
"525","Blenniidae",1,89,0.0112359550561798,"tayrona_camera_1","site9","Tropical_Northwestern_Atlantic"
"725","Chaetodontidae",1,89,0.0112359550561798,"tayrona_camera_1","site9","Tropical_Northwestern_Atlantic"
"824","Cichlidae",1,89,0.0112359550561798,"tayrona_camera_1","site9","Tropical_Northwestern_Atlantic"
"1129","Elopidae",1,89,0.0112359550561798,"tayrona_camera_1","site9","Tropical_Northwestern_Atlantic"
"1225","Engraulidae",1,89,0.0112359550561798,"tayrona_camera_1","site9","Tropical_Northwestern_Atlantic"
"1619","Hemiramphidae",1,89,0.0112359550561798,"tayrona_camera_1","site9","Tropical_Northwestern_Atlantic"
"1819","Istiophoridae",1,89,0.0112359550561798,"tayrona_camera_1","site9","Tropical_Northwestern_Atlantic"
"2514","Myctophidae",1,89,0.0112359550561798,"tayrona_camera_1","site9","Tropical_Northwestern_Atlantic"
"2614","Pomacanthidae",1,89,0.0112359550561798,"tayrona_camera_1","site9","Tropical_Northwestern_Atlantic"
"3117","Scorpaenidae",1,89,0.0112359550561798,"tayrona_camera_1","site9","Tropical_Northwestern_Atlantic"
"3310","Sparidae",1,89,0.0112359550561798,"tayrona_camera_1","site9","Tropical_Northwestern_Atlantic"
"345","Sphyraenidae",1,89,0.0112359550561798,"tayrona_camera_1","site9","Tropical_Northwestern_Atlantic"
"2017","Labridae",11,76,0.144736842105263,"tayrona_saturation_2","site9","Tropical_Northwestern_Atlantic"
"2615","Pomacentridae",7,76,0.0921052631578947,"tayrona_saturation_2","site9","Tropical_Northwestern_Atlantic"
"1024","Clupeidae",5,76,0.0657894736842105,"tayrona_saturation_2","site9","Tropical_Northwestern_Atlantic"
"726","Carangidae",4,76,0.0526315789473684,"tayrona_saturation_2","site9","Tropical_Northwestern_Atlantic"
"2123","Lutjanidae",4,76,0.0526315789473684,"tayrona_saturation_2","site9","Tropical_Northwestern_Atlantic"
"2416","Muraenidae",4,76,0.0526315789473684,"tayrona_saturation_2","site9","Tropical_Northwestern_Atlantic"
"526","Belonidae",3,76,0.0394736842105263,"tayrona_saturation_2","site9","Tropical_Northwestern_Atlantic"
"1820","Holocentridae",3,76,0.0394736842105263,"tayrona_saturation_2","site9","Tropical_Northwestern_Atlantic"
"2714","Scaridae",3,76,0.0394736842105263,"tayrona_saturation_2","site9","Tropical_Northwestern_Atlantic"
"1106","Acanthuridae",2,76,0.0263157894736842,"tayrona_saturation_2","site9","Tropical_Northwestern_Atlantic"
"2101","Apogonidae",2,76,0.0263157894736842,"tayrona_saturation_2","site9","Tropical_Northwestern_Atlantic"
"1130","Diodontidae",2,76,0.0263157894736842,"tayrona_saturation_2","site9","Tropical_Northwestern_Atlantic"
"1323","Exocoetidae",2,76,0.0263157894736842,"tayrona_saturation_2","site9","Tropical_Northwestern_Atlantic"
"1521","Gobiidae",2,76,0.0263157894736842,"tayrona_saturation_2","site9","Tropical_Northwestern_Atlantic"
"1620","Haemulidae",2,76,0.0263157894736842,"tayrona_saturation_2","site9","Tropical_Northwestern_Atlantic"
"2220","Monacanthidae",2,76,0.0263157894736842,"tayrona_saturation_2","site9","Tropical_Northwestern_Atlantic"
"2318","Mullidae",2,76,0.0263157894736842,"tayrona_saturation_2","site9","Tropical_Northwestern_Atlantic"
"2912","Serranidae",2,76,0.0263157894736842,"tayrona_saturation_2","site9","Tropical_Northwestern_Atlantic"
"346","Atherinidae",1,76,0.0131578947368421,"tayrona_saturation_2","site9","Tropical_Northwestern_Atlantic"
"428","Aulostomidae",1,76,0.0131578947368421,"tayrona_saturation_2","site9","Tropical_Northwestern_Atlantic"
"626","Blenniidae",1,76,0.0131578947368421,"tayrona_saturation_2","site9","Tropical_Northwestern_Atlantic"
"825","Centrarchidae",1,76,0.0131578947368421,"tayrona_saturation_2","site9","Tropical_Northwestern_Atlantic"
"925","Chaetodontidae",1,76,0.0131578947368421,"tayrona_saturation_2","site9","Tropical_Northwestern_Atlantic"
"1226","Engraulidae",1,76,0.0131578947368421,"tayrona_saturation_2","site9","Tropical_Northwestern_Atlantic"
"1422","Gerreidae",1,76,0.0131578947368421,"tayrona_saturation_2","site9","Tropical_Northwestern_Atlantic"
"1720","Hemiramphidae",1,76,0.0131578947368421,"tayrona_saturation_2","site9","Tropical_Northwestern_Atlantic"
"1919","Kyphosidae",1,76,0.0131578947368421,"tayrona_saturation_2","site9","Tropical_Northwestern_Atlantic"
"2515","Narcinidae",1,76,0.0131578947368421,"tayrona_saturation_2","site9","Tropical_Northwestern_Atlantic"
"2814","Scombridae",1,76,0.0131578947368421,"tayrona_saturation_2","site9","Tropical_Northwestern_Atlantic"
"3011","Sparidae",1,76,0.0131578947368421,"tayrona_saturation_2","site9","Tropical_Northwestern_Atlantic"
"3118","Sphyraenidae",1,76,0.0131578947368421,"tayrona_saturation_2","site9","Tropical_Northwestern_Atlantic"
"3215","Tetraodontidae",1,76,0.0131578947368421,"tayrona_saturation_2","site9","Tropical_Northwestern_Atlantic"
